dataset,dataset_sha256,index,split,source,label,prediction,confidence,checkpoint,checkpoint_sha256,commit,text_sha256
artifacts/datasets/gold-v1-source-aware.json,dcd8d90081973b7b9a05ee6ef41623756a06232727f3718268945d71a207310a,0,val,b23a4bf1-b9f4-4c08-bb89-a4cf4a67e004,contexto_colonial_antecedentes,contexto_colonial_antecedentes,0.49510321021080017,apps/ml/storage/models/beto-v1-gold-source-aware,9d8861f8406d41050fa57c530224a1e62983e887807fa6047eefcea52356c215,74f80917f6b245d718c201d58e0d3599f2e4b3e0,6c78b1f381f85399f7716a51d2e3451d7367e9c03c11d52af8db975b59971919
artifacts/datasets/gold-v1-source-aware.json,dcd8d90081973b7b9a05ee6ef41623756a06232727f3718268945d71a207310a,1,train,747ca90f-92fc-4d19-aec4-6dfc34c2917e,campanias_conflictos_militares,campanias_conflictos_militares,0.667890191078186,apps/ml/storage/models/beto-v1-gold-source-aware,9d8861f8406d41050fa57c530224a1e62983e887807fa6047eefcea52356c215,74f80917f6b245d718c201d58e0d3599f2e4b3e0,0bb17adb5eb27172d6935c763f7e7ac2b2fdbb60ebd784ec98082c3f85448216
artifacts/datasets/gold-v1-source-aware.json,dcd8d90081973b7b9a05ee6ef41623756a06232727f3718268945d71a207310a,2,val,b23a4bf1-b9f4-4c08-bb89-a4cf4a67e004,crisis_ideas_emancipadoras,organizacion_consecuencias_republicanas,0.5444258451461792,apps/ml/storage/models/beto-v1-gold-source-aware,9d8861f8406d41050fa57c530224a1e62983e887807fa6047eefcea52356c215,74f80917f6b245d718c201d58e0d3599f2e4b3e0,2d7893117603b3c529b7fc8ecfb06693c27776b1a1552251a08a24c4004c2fac
artifacts/datasets/gold-v1-source-aware.json,dcd8d90081973b7b9a05ee6ef41623756a06232727f3718268945d71a207310a,3,val,b23a4bf1-b9f4-4c08-bb89-a4cf4a67e004,participacion_social_regional,no_relevante,0.2385459840297699,apps/ml/storage/models/beto-v1-gold-source-aware,9d8861f8406d41050fa57c530224a1e62983e887807fa6047eefcea52356c215,74f80917f6b245d718c201d58e0d3599f2e4b3e0,7b612e70be73fa10edae4dfaf64c9a451b0ce3c0f90ae5e2f7cbfb411d7e90f8
artifacts/datasets/gold-v1-source-aware.json,dcd8d90081973b7b9a05ee6ef41623756a06232727f3718268945d71a207310a,4,train,9f60a031-0183-478c-a1f8-a3bdd37d7b0b,participacion_social_regional,participacion_social_regional,0.37088438868522644,apps/ml/storage/models/beto-v1-gold-source-aware,9d8861f8406d41050fa57c530224a1e62983e887807fa6047eefcea52356c215,74f80917f6b245d718c201d58e0d3599f2e4b3e0,cfdae3af038bbe2f55d1575d735ad9d525940d5643c28b5407400c807f6fd388
artifacts/datasets/gold-v1-source-aware.json,dcd8d90081973b7b9a05ee6ef41623756a06232727f3718268945d71a207310a,5,train,9f60a031-0183-478c-a1f8-a3bdd37d7b0b,no_relevante,no_relevante,0.8241127133369446,apps/ml/storage/models/beto-v1-gold-source-aware,9d8861f8406d41050fa57c530224a1e62983e887807fa6047eefcea52356c215,74f80917f6b245d718c201d58e0d3599f2e4b3e0,76b4fdd6ad1887230377144f780bc5629146bef347158379ef31c2e58aa8e3d7
artifacts/datasets/gold-v1-source-aware.json,dcd8d90081973b7b9a05ee6ef41623756a06232727f3718268945d71a207310a,6,test,15e52806-3d75-4117-937d-7c7eda594579,contexto_colonial_antecedentes,crisis_ideas_emancipadoras,0.38806474208831787,apps/ml/storage/models/beto-v1-gold-source-aware,9d8861f8406d41050fa57c530224a1e62983e887807fa6047eefcea52356c215,74f80917f6b245d718c201d58e0d3599f2e4b3e0,7ffb5d0d250a3900c002121037755dbebe1253b4d0dc7b075264b3d041945a51
artifacts/datasets/gold-v1-source-aware.json,dcd8d90081973b7b9a05ee6ef41623756a06232727f3718268945d71a207310a,7,train,9154f7f7-86c9-4bad-bcba-47eaf54b93e1,organizacion_consecuencias_republicanas,organizacion_consecuencias_republicanas,0.515933632850647,apps/ml/storage/models/beto-v1-gold-source-aware,9d8861f8406d41050fa57c530224a1e62983e887807fa6047eefcea52356c215,74f80917f6b245d718c201d58e0d3599f2e4b3e0,2abd19afe54182a5ccb60b5746b124e78ff1150b35a7213c4a5f768b9baf4d6c
artifacts/datasets/gold-v1-source-aware.json,dcd8d90081973b7b9a05ee6ef41623756a06232727f3718268945d71a207310a,8,train,9154f7f7-86c9-4bad-bcba-47eaf54b93e1,organizacion_consecuencias_republicanas,organizacion_consecuencias_republicanas,0.6678589582443237,apps/ml/storage/models/beto-v1-gold-source-aware,9d8861f8406d41050fa57c530224a1e62983e887807fa6047eefcea52356c215,74f80917f6b245d718c201d58e0d3599f2e4b3e0,3c3708e7b281df09f82f70af1bfb0f8fe4d451a582bf3c41cabdd8ed70cd5c1c
artifacts/datasets/gold-v1-source-aware.json,dcd8d90081973b7b9a05ee6ef41623756a06232727f3718268945d71a207310a,9,train,9154f7f7-86c9-4bad-bcba-47eaf54b93e1,organizacion_consecuencias_republicanas,organizacion_consecuencias_republicanas,0.5600137114524841,apps/ml/storage/models/beto-v1-gold-source-aware,9d8861f8406d41050fa57c530224a1e62983e887807fa6047eefcea52356c215,74f80917f6b245d718c201d58e0d3599f2e4b3e0,a7fb0ee4f4d978a530aea9bbf50d29e6fe0f5c8d0af529a5447e8f28cee66d77
artifacts/datasets/gold-v1-source-aware.json,dcd8d90081973b7b9a05ee6ef41623756a06232727f3718268945d71a207310a,10,train,9154f7f7-86c9-4bad-bcba-47eaf54b93e1,organizacion_consecuencias_republicanas,organizacion_consecuencias_republicanas,0.6358425617218018,apps/ml/storage/models/beto-v1-gold-source-aware,9d8861f8406d41050fa57c530224a1e62983e887807fa6047eefcea52356c215,74f80917f6b245d718c201d58e0d3599f2e4b3e0,03dfa8e9fc4c407e0889a5475ae4ab7fc7fe1a020b40989793808356565a80e6
artifacts/datasets/gold-v1-source-aware.json,dcd8d90081973b7b9a05ee6ef41623756a06232727f3718268945d71a207310a,11,train,9154f7f7-86c9-4bad-bcba-47eaf54b93e1,organizacion_consecuencias_republicanas,organizacion_consecuencias_republicanas,0.5752313733100891,apps/ml/storage/models/beto-v1-gold-source-aware,9d8861f8406d41050fa57c530224a1e62983e887807fa6047eefcea52356c215,74f80917f6b245d718c201d58e0d3599f2e4b3e0,74a2c26e2e038f54b4c260ed44e90c9e5675c9f60abde79b495365ae5bac1844
artifacts/datasets/gold-v1-source-aware.json,dcd8d90081973b7b9a05ee6ef41623756a06232727f3718268945d71a207310a,12,train,9154f7f7-86c9-4bad-bcba-47eaf54b93e1,organizacion_consecuencias_republicanas,organizacion_consecuencias_republicanas,0.6322842240333557,apps/ml/storage/models/beto-v1-gold-source-aware,9d8861f8406d41050fa57c530224a1e62983e887807fa6047eefcea52356c215,74f80917f6b245d718c201d58e0d3599f2e4b3e0,e3ddac3f3dd70ed581afc140e642c59fa0ca5a29f7b802727730fe68bb4911fd
artifacts/datasets/gold-v1-source-aware.json,dcd8d90081973b7b9a05ee6ef41623756a06232727f3718268945d71a207310a,13,train,9154f7f7-86c9-4bad-bcba-47eaf54b93e1,organizacion_consecuencias_republicanas,organizacion_consecuencias_republicanas,0.6576547026634216,apps/ml/storage/models/beto-v1-gold-source-aware,9d8861f8406d41050fa57c530224a1e62983e887807fa6047eefcea52356c215,74f80917f6b245d718c201d58e0d3599f2e4b3e0,cb5f638fa257b351dc23f561098c46e9a8c2f49c9a979ffd0dae14739042f4e2
artifacts/datasets/gold-v1-source-aware.json,dcd8d90081973b7b9a05ee6ef41623756a06232727f3718268945d71a207310a,14,train,9154f7f7-86c9-4bad-bcba-47eaf54b93e1,organizacion_consecuencias_republicanas,organizacion_consecuencias_republicanas,0.6353446841239929,apps/ml/storage/models/beto-v1-gold-source-aware,9d8861f8406d41050fa57c530224a1e62983e887807fa6047eefcea52356c215,74f80917f6b245d718c201d58e0d3599f2e4b3e0,c98de9d2eec4ffd5ba747531414a380c24bc0bf33d58a81adccfd6ba2c20a604
artifacts/datasets/gold-v1-source-aware.json,dcd8d90081973b7b9a05ee6ef41623756a06232727f3718268945d71a207310a,15,train,9154f7f7-86c9-4bad-bcba-47eaf54b93e1,crisis_ideas_emancipadoras,crisis_ideas_emancipadoras,0.45405444502830505,apps/ml/storage/models/beto-v1-gold-source-aware,9d8861f8406d41050fa57c530224a1e62983e887807fa6047eefcea52356c215,74f80917f6b245d718c201d58e0d3599f2e4b3e0,050a9c6527a081a5d8c6965d66ee074fd450bce282a52ae2a753589e2e728643
artifacts/datasets/gold-v1-source-aware.json,dcd8d90081973b7b9a05ee6ef41623756a06232727f3718268945d71a207310a,16,train,9154f7f7-86c9-4bad-bcba-47eaf54b93e1,liderazgos_diplomacia_proyectos,liderazgos_diplomacia_proyectos,0.41069495677948,apps/ml/storage/models/beto-v1-gold-source-aware,9d8861f8406d41050fa57c530224a1e62983e887807fa6047eefcea52356c215,74f80917f6b245d718c201d58e0d3599f2e4b3e0,ea6fbbc667ff5777f3f73bbba4cb6b675a0a5565220e4638a4802518756243fa
artifacts/datasets/gold-v1-source-aware.json,dcd8d90081973b7b9a05ee6ef41623756a06232727f3718268945d71a207310a,17,train,9154f7f7-86c9-4bad-bcba-47eaf54b93e1,liderazgos_diplomacia_proyectos,contexto_colonial_antecedentes,0.3145994246006012,apps/ml/storage/models/beto-v1-gold-source-aware,9d8861f8406d41050fa57c530224a1e62983e887807fa6047eefcea52356c215,74f80917f6b245d718c201d58e0d3599f2e4b3e0,c73187e499b2ed97743695bf9b9060bf69caae9b2b34bed9812320f0a0f37f6e
artifacts/datasets/gold-v1-source-aware.json,dcd8d90081973b7b9a05ee6ef41623756a06232727f3718268945d71a207310a,18,train,9154f7f7-86c9-4bad-bcba-47eaf54b93e1,participacion_social_regional,participacion_social_regional,0.512863039970398,apps/ml/storage/models/beto-v1-gold-source-aware,9d8861f8406d41050fa57c530224a1e62983e887807fa6047eefcea52356c215,74f80917f6b245d718c201d58e0d3599f2e4b3e0,1c9889e3e53ca1d728271968cd6b76ab6cc56765e2783ae2c1ed2b0662d29a19
artifacts/datasets/gold-v1-source-aware.json,dcd8d90081973b7b9a05ee6ef41623756a06232727f3718268945d71a207310a,19,train,9f60a031-0183-478c-a1f8-a3bdd37d7b0b,organizacion_consecuencias_republicanas,organizacion_consecuencias_republicanas,0.5685788989067078,apps/ml/storage/models/beto-v1-gold-source-aware,9d8861f8406d41050fa57c530224a1e62983e887807fa6047eefcea52356c215,74f80917f6b245d718c201d58e0d3599f2e4b3e0,268e9a8b71ee7e31787ff6c8692ccb956864f7c9d8a69b4b75021394364689ad
artifacts/datasets/gold-v1-source-aware.json,dcd8d90081973b7b9a05ee6ef41623756a06232727f3718268945d71a207310a,20,train,9f60a031-0183-478c-a1f8-a3bdd37d7b0b,no_relevante,no_relevante,0.5401132106781006,apps/ml/storage/models/beto-v1-gold-source-aware,9d8861f8406d41050fa57c530224a1e62983e887807fa6047eefcea52356c215,74f80917f6b245d718c201d58e0d3599f2e4b3e0,cfa98ba5ee30cadd689cbc09fb633cedcbb42682d2084801b7e4d5b9bd8e0e60
artifacts/datasets/gold-v1-source-aware.json,dcd8d90081973b7b9a05ee6ef41623756a06232727f3718268945d71a207310a,21,train,9f60a031-0183-478c-a1f8-a3bdd37d7b0b,organizacion_consecuencias_republicanas,organizacion_consecuencias_republicanas,0.46600380539894104,apps/ml/storage/models/beto-v1-gold-source-aware,9d8861f8406d41050fa57c530224a1e62983e887807fa6047eefcea52356c215,74f80917f6b245d718c201d58e0d3599f2e4b3e0,5a403eb3b14ff1511aa4cd3893ea5a08396e5da35c71834437d333266a19839c
artifacts/datasets/gold-v1-source-aware.json,dcd8d90081973b7b9a05ee6ef41623756a06232727f3718268945d71a207310a,22,train,9f60a031-0183-478c-a1f8-a3bdd37d7b0b,organizacion_consecuencias_republicanas,organizacion_consecuencias_republicanas,0.44888681173324585,apps/ml/storage/models/beto-v1-gold-source-aware,9d8861f8406d41050fa57c530224a1e62983e887807fa6047eefcea52356c215,74f80917f6b245d718c201d58e0d3599f2e4b3e0,d66fdcc540246e6fd6cdcc07c1a00059796070609bd99d208050c366b04419b0
artifacts/datasets/gold-v1-source-aware.json,dcd8d90081973b7b9a05ee6ef41623756a06232727f3718268945d71a207310a,23,train,9f60a031-0183-478c-a1f8-a3bdd37d7b0b,organizacion_consecuencias_republicanas,organizacion_consecuencias_republicanas,0.513472855091095,apps/ml/storage/models/beto-v1-gold-source-aware,9d8861f8406d41050fa57c530224a1e62983e887807fa6047eefcea52356c215,74f80917f6b245d718c201d58e0d3599f2e4b3e0,b7f4e2dcb7c8c402711d500853ed9c449527804659bca734b5070248c99cf0c7
artifacts/datasets/gold-v1-source-aware.json,dcd8d90081973b7b9a05ee6ef41623756a06232727f3718268945d71a207310a,24,train,9f60a031-0183-478c-a1f8-a3bdd37d7b0b,organizacion_consecuencias_republicanas,organizacion_consecuencias_republicanas,0.5550332069396973,apps/ml/storage/models/beto-v1-gold-source-aware,9d8861f8406d41050fa57c530224a1e62983e887807fa6047eefcea52356c215,74f80917f6b245d718c201d58e0d3599f2e4b3e0,de4676f4e58692cb22bcf9687be96a7ef212aa337170bc0937de1e8d0f4799fa
artifacts/datasets/gold-v1-source-aware.json,dcd8d90081973b7b9a05ee6ef41623756a06232727f3718268945d71a207310a,25,train,9f60a031-0183-478c-a1f8-a3bdd37d7b0b,organizacion_consecuencias_republicanas,organizacion_consecuencias_republicanas,0.5372326374053955,apps/ml/storage/models/beto-v1-gold-source-aware,9d8861f8406d41050fa57c530224a1e62983e887807fa6047eefcea52356c215,74f80917f6b245d718c201d58e0d3599f2e4b3e0,8d81cd81073115b1b3c8d07018dd4d665da2fa29311044f5b49b790bf48fbdb0
artifacts/datasets/gold-v1-source-aware.json,dcd8d90081973b7b9a05ee6ef41623756a06232727f3718268945d71a207310a,26,train,9f60a031-0183-478c-a1f8-a3bdd37d7b0b,organizacion_consecuencias_republicanas,organizacion_consecuencias_republicanas,0.6404081583023071,apps/ml/storage/models/beto-v1-gold-source-aware,9d8861f8406d41050fa57c530224a1e62983e887807fa6047eefcea52356c215,74f80917f6b245d718c201d58e0d3599f2e4b3e0,691ef9b96854c26872b46d2d28c370f57fc21da4d66f41720c0f2d2eee25499f
artifacts/datasets/gold-v1-source-aware.json,dcd8d90081973b7b9a05ee6ef41623756a06232727f3718268945d71a207310a,27,train,9f60a031-0183-478c-a1f8-a3bdd37d7b0b,organizacion_consecuencias_republicanas,contexto_colonial_antecedentes,0.548954963684082,apps/ml/storage/models/beto-v1-gold-source-aware,9d8861f8406d41050fa57c530224a1e62983e887807fa6047eefcea52356c215,74f80917f6b245d718c201d58e0d3599f2e4b3e0,9f1033d385f3b7525c953d186da48ec3e01db1388afe12b541d5665fed4aa85d
artifacts/datasets/gold-v1-source-aware.json,dcd8d90081973b7b9a05ee6ef41623756a06232727f3718268945d71a207310a,28,train,9f60a031-0183-478c-a1f8-a3bdd37d7b0b,organizacion_consecuencias_republicanas,organizacion_consecuencias_republicanas,0.29460906982421875,apps/ml/storage/models/beto-v1-gold-source-aware,9d8861f8406d41050fa57c530224a1e62983e887807fa6047eefcea52356c215,74f80917f6b245d718c201d58e0d3599f2e4b3e0,37417362cbdee022bf81e1560813a180788ecd244adbc01818aaaeef4e517fc1
artifacts/datasets/gold-v1-source-aware.json,dcd8d90081973b7b9a05ee6ef41623756a06232727f3718268945d71a207310a,29,train,9f60a031-0183-478c-a1f8-a3bdd37d7b0b,organizacion_consecuencias_republicanas,contexto_colonial_antecedentes,0.4829346239566803,apps/ml/storage/models/beto-v1-gold-source-aware,9d8861f8406d41050fa57c530224a1e62983e887807fa6047eefcea52356c215,74f80917f6b245d718c201d58e0d3599f2e4b3e0,6d0c7ebd2868a4d3b1e170b0cde654723c2a86eceb8e08b2d3864c0a75bedbe6
artifacts/datasets/gold-v1-source-aware.json,dcd8d90081973b7b9a05ee6ef41623756a06232727f3718268945d71a207310a,30,train,9f60a031-0183-478c-a1f8-a3bdd37d7b0b,organizacion_consecuencias_republicanas,contexto_colonial_antecedentes,0.4440840482711792,apps/ml/storage/models/beto-v1-gold-source-aware,9d8861f8406d41050fa57c530224a1e62983e887807fa6047eefcea52356c215,74f80917f6b245d718c201d58e0d3599f2e4b3e0,1b0bd93d4bc4c0618c9f3aebd73eafb60e8e235efb5f0d322a78e5fad89b9bac
artifacts/datasets/gold-v1-source-aware.json,dcd8d90081973b7b9a05ee6ef41623756a06232727f3718268945d71a207310a,31,train,9f60a031-0183-478c-a1f8-a3bdd37d7b0b,organizacion_consecuencias_republicanas,contexto_colonial_antecedentes,0.4993914067745209,apps/ml/storage/models/beto-v1-gold-source-aware,9d8861f8406d41050fa57c530224a1e62983e887807fa6047eefcea52356c215,74f80917f6b245d718c201d58e0d3599f2e4b3e0,8684a6285bb78e6f36fe3d6d644b287d1750243985068ec33a5028f210bf07fd
artifacts/datasets/gold-v1-source-aware.json,dcd8d90081973b7b9a05ee6ef41623756a06232727f3718268945d71a207310a,32,train,9f60a031-0183-478c-a1f8-a3bdd37d7b0b,organizacion_consecuencias_republicanas,organizacion_consecuencias_republicanas,0.6157995462417603,apps/ml/storage/models/beto-v1-gold-source-aware,9d8861f8406d41050fa57c530224a1e62983e887807fa6047eefcea52356c215,74f80917f6b245d718c201d58e0d3599f2e4b3e0,b2606605756661bc293e58593b0588229945e3f561ca156eb3a5559013140d21
artifacts/datasets/gold-v1-source-aware.json,dcd8d90081973b7b9a05ee6ef41623756a06232727f3718268945d71a207310a,33,train,9f60a031-0183-478c-a1f8-a3bdd37d7b0b,participacion_social_regional,participacion_social_regional,0.5747876167297363,apps/ml/storage/models/beto-v1-gold-source-aware,9d8861f8406d41050fa57c530224a1e62983e887807fa6047eefcea52356c215,74f80917f6b245d718c201d58e0d3599f2e4b3e0,a8104e4bc83cbe543b4f574ae8ffe34759cd18780901f6d60076f1c7795b512f
artifacts/datasets/gold-v1-source-aware.json,dcd8d90081973b7b9a05ee6ef41623756a06232727f3718268945d71a207310a,34,train,9f60a031-0183-478c-a1f8-a3bdd37d7b0b,organizacion_consecuencias_republicanas,organizacion_consecuencias_republicanas,0.5400740504264832,apps/ml/storage/models/beto-v1-gold-source-aware,9d8861f8406d41050fa57c530224a1e62983e887807fa6047eefcea52356c215,74f80917f6b245d718c201d58e0d3599f2e4b3e0,768e1905f27109634c9de8a1db4796948563f2be55958c601445d28701c755d4
artifacts/datasets/gold-v1-source-aware.json,dcd8d90081973b7b9a05ee6ef41623756a06232727f3718268945d71a207310a,35,train,9f60a031-0183-478c-a1f8-a3bdd37d7b0b,organizacion_consecuencias_republicanas,organizacion_consecuencias_republicanas,0.49756619334220886,apps/ml/storage/models/beto-v1-gold-source-aware,9d8861f8406d41050fa57c530224a1e62983e887807fa6047eefcea52356c215,74f80917f6b245d718c201d58e0d3599f2e4b3e0,d737a3b263283a47f347ea451b7772c32bf61562a2abd588679be834e153a810
artifacts/datasets/gold-v1-source-aware.json,dcd8d90081973b7b9a05ee6ef41623756a06232727f3718268945d71a207310a,36,train,9f60a031-0183-478c-a1f8-a3bdd37d7b0b,participacion_social_regional,participacion_social_regional,0.6749882698059082,apps/ml/storage/models/beto-v1-gold-source-aware,9d8861f8406d41050fa57c530224a1e62983e887807fa6047eefcea52356c215,74f80917f6b245d718c201d58e0d3599f2e4b3e0,30a75e109acbb133ac7ad0205f7ab7217a9eaaf72045e9ae8e057cbf8bd52999
artifacts/datasets/gold-v1-source-aware.json,dcd8d90081973b7b9a05ee6ef41623756a06232727f3718268945d71a207310a,37,train,9f60a031-0183-478c-a1f8-a3bdd37d7b0b,participacion_social_regional,participacion_social_regional,0.3810558617115021,apps/ml/storage/models/beto-v1-gold-source-aware,9d8861f8406d41050fa57c530224a1e62983e887807fa6047eefcea52356c215,74f80917f6b245d718c201d58e0d3599f2e4b3e0,b03b8e51a17609ed1e6c78aa247d06830f92d54a79fefff46127e499e7592243
artifacts/datasets/gold-v1-source-aware.json,dcd8d90081973b7b9a05ee6ef41623756a06232727f3718268945d71a207310a,38,train,9f60a031-0183-478c-a1f8-a3bdd37d7b0b,participacion_social_regional,contexto_colonial_antecedentes,0.5171292424201965,apps/ml/storage/models/beto-v1-gold-source-aware,9d8861f8406d41050fa57c530224a1e62983e887807fa6047eefcea52356c215,74f80917f6b245d718c201d58e0d3599f2e4b3e0,77b53092737385266507792d1bd1270959a3afd566aff55ae39afec55bc6b8eb
artifacts/datasets/gold-v1-source-aware.json,dcd8d90081973b7b9a05ee6ef41623756a06232727f3718268945d71a207310a,39,train,e32181bc-41d0-4400-a76d-eb11fc88bf71,participacion_social_regional,participacion_social_regional,0.76798415184021,apps/ml/storage/models/beto-v1-gold-source-aware,9d8861f8406d41050fa57c530224a1e62983e887807fa6047eefcea52356c215,74f80917f6b245d718c201d58e0d3599f2e4b3e0,54caa5326145b3d826498e9027eba912c1155628faf3174be1f7fb24796b1477
artifacts/datasets/gold-v1-source-aware.json,dcd8d90081973b7b9a05ee6ef41623756a06232727f3718268945d71a207310a,40,train,9f60a031-0183-478c-a1f8-a3bdd37d7b0b,participacion_social_regional,contexto_colonial_antecedentes,0.43057557940483093,apps/ml/storage/models/beto-v1-gold-source-aware,9d8861f8406d41050fa57c530224a1e62983e887807fa6047eefcea52356c215,74f80917f6b245d718c201d58e0d3599f2e4b3e0,026150aff9a785068c6bd73063791663618d8c6eb7a763adfb389ef1b3cc28fa
artifacts/datasets/gold-v1-source-aware.json,dcd8d90081973b7b9a05ee6ef41623756a06232727f3718268945d71a207310a,41,train,9f60a031-0183-478c-a1f8-a3bdd37d7b0b,participacion_social_regional,contexto_colonial_antecedentes,0.36101213097572327,apps/ml/storage/models/beto-v1-gold-source-aware,9d8861f8406d41050fa57c530224a1e62983e887807fa6047eefcea52356c215,74f80917f6b245d718c201d58e0d3599f2e4b3e0,f0221ed4dd04da1d860aec080fca47928b7ed7f4e9245cd1a21ce109bef97754
artifacts/datasets/gold-v1-source-aware.json,dcd8d90081973b7b9a05ee6ef41623756a06232727f3718268945d71a207310a,42,train,9f60a031-0183-478c-a1f8-a3bdd37d7b0b,liderazgos_diplomacia_proyectos,organizacion_consecuencias_republicanas,0.3164759576320648,apps/ml/storage/models/beto-v1-gold-source-aware,9d8861f8406d41050fa57c530224a1e62983e887807fa6047eefcea52356c215,74f80917f6b245d718c201d58e0d3599f2e4b3e0,75ecffa88e63cd8f489ace8cf68d9078f73d58a922c48950133938c68fbf827d
artifacts/datasets/gold-v1-source-aware.json,dcd8d90081973b7b9a05ee6ef41623756a06232727f3718268945d71a207310a,43,train,9f60a031-0183-478c-a1f8-a3bdd37d7b0b,liderazgos_diplomacia_proyectos,participacion_social_regional,0.38593053817749023,apps/ml/storage/models/beto-v1-gold-source-aware,9d8861f8406d41050fa57c530224a1e62983e887807fa6047eefcea52356c215,74f80917f6b245d718c201d58e0d3599f2e4b3e0,827eb5ffa5a94f76832121296267042982a999d355781b88e353f209c6ec984d
artifacts/datasets/gold-v1-source-aware.json,dcd8d90081973b7b9a05ee6ef41623756a06232727f3718268945d71a207310a,44,train,9f60a031-0183-478c-a1f8-a3bdd37d7b0b,liderazgos_diplomacia_proyectos,liderazgos_diplomacia_proyectos,0.30784866213798523,apps/ml/storage/models/beto-v1-gold-source-aware,9d8861f8406d41050fa57c530224a1e62983e887807fa6047eefcea52356c215,74f80917f6b245d718c201d58e0d3599f2e4b3e0,0f21395e35997ebf52cc2a83776632df3417bdeccc8087e223418b2757ef5c2e
artifacts/datasets/gold-v1-source-aware.json,dcd8d90081973b7b9a05ee6ef41623756a06232727f3718268945d71a207310a,45,train,9f60a031-0183-478c-a1f8-a3bdd37d7b0b,no_relevante,no_relevante,0.9198564887046814,apps/ml/storage/models/beto-v1-gold-source-aware,9d8861f8406d41050fa57c530224a1e62983e887807fa6047eefcea52356c215,74f80917f6b245d718c201d58e0d3599f2e4b3e0,7b9058d4e212b47d1e648e06398d133c6be3dbb4074d1313d6b8440921d55126
artifacts/datasets/gold-v1-source-aware.json,dcd8d90081973b7b9a05ee6ef41623756a06232727f3718268945d71a207310a,46,train,9f60a031-0183-478c-a1f8-a3bdd37d7b0b,no_relevante,no_relevante,0.89982008934021,apps/ml/storage/models/beto-v1-gold-source-aware,9d8861f8406d41050fa57c530224a1e62983e887807fa6047eefcea52356c215,74f80917f6b245d718c201d58e0d3599f2e4b3e0,ae610f63d12ccac137d5e7d35ca7531705a6a2925fd24e40c453a9b7b4d174db
artifacts/datasets/gold-v1-source-aware.json,dcd8d90081973b7b9a05ee6ef41623756a06232727f3718268945d71a207310a,47,train,e32181bc-41d0-4400-a76d-eb11fc88bf71,participacion_social_regional,participacion_social_regional,0.5611912608146667,apps/ml/storage/models/beto-v1-gold-source-aware,9d8861f8406d41050fa57c530224a1e62983e887807fa6047eefcea52356c215,74f80917f6b245d718c201d58e0d3599f2e4b3e0,9aec8764504cd02ae37c9d2af856ef18dbfa3fc1b1ec86ddff5d0f4bbd4b0ca2
artifacts/datasets/gold-v1-source-aware.json,dcd8d90081973b7b9a05ee6ef41623756a06232727f3718268945d71a207310a,48,train,e32181bc-41d0-4400-a76d-eb11fc88bf71,participacion_social_regional,participacion_social_regional,0.7664114832878113,apps/ml/storage/models/beto-v1-gold-source-aware,9d8861f8406d41050fa57c530224a1e62983e887807fa6047eefcea52356c215,74f80917f6b245d718c201d58e0d3599f2e4b3e0,565ea50495b22972f7560803542e0ba34d0e52e80f6defdbd73fd38c384037c9
artifacts/datasets/gold-v1-source-aware.json,dcd8d90081973b7b9a05ee6ef41623756a06232727f3718268945d71a207310a,49,train,e32181bc-41d0-4400-a76d-eb11fc88bf71,participacion_social_regional,participacion_social_regional,0.7439817786216736,apps/ml/storage/models/beto-v1-gold-source-aware,9d8861f8406d41050fa57c530224a1e62983e887807fa6047eefcea52356c215,74f80917f6b245d718c201d58e0d3599f2e4b3e0,be0558f814bc381342358b94c31430b72e81b9dd4115ea0434100f60e7901d8b
artifacts/datasets/gold-v1-source-aware.json,dcd8d90081973b7b9a05ee6ef41623756a06232727f3718268945d71a207310a,50,train,e32181bc-41d0-4400-a76d-eb11fc88bf71,participacion_social_regional,participacion_social_regional,0.782407283782959,apps/ml/storage/models/beto-v1-gold-source-aware,9d8861f8406d41050fa57c530224a1e62983e887807fa6047eefcea52356c215,74f80917f6b245d718c201d58e0d3599f2e4b3e0,0f86cdc2ebbdb767691e0b38756723de043faf3194b5feb6bcd8686291092bd0
artifacts/datasets/gold-v1-source-aware.json,dcd8d90081973b7b9a05ee6ef41623756a06232727f3718268945d71a207310a,51,train,e32181bc-41d0-4400-a76d-eb11fc88bf71,participacion_social_regional,participacion_social_regional,0.7333918809890747,apps/ml/storage/models/beto-v1-gold-source-aware,9d8861f8406d41050fa57c530224a1e62983e887807fa6047eefcea52356c215,74f80917f6b245d718c201d58e0d3599f2e4b3e0,1d38f669c6ee6d8e98c45f662b7e0d269be21dd8537956bbba466991d26b047b
artifacts/datasets/gold-v1-source-aware.json,dcd8d90081973b7b9a05ee6ef41623756a06232727f3718268945d71a207310a,52,train,e32181bc-41d0-4400-a76d-eb11fc88bf71,participacion_social_regional,participacion_social_regional,0.6519666314125061,apps/ml/storage/models/beto-v1-gold-source-aware,9d8861f8406d41050fa57c530224a1e62983e887807fa6047eefcea52356c215,74f80917f6b245d718c201d58e0d3599f2e4b3e0,b5f118f22f7ee2f4f1b01597377633b0d4e617b77af67918dac5f2251f695f6a
artifacts/datasets/gold-v1-source-aware.json,dcd8d90081973b7b9a05ee6ef41623756a06232727f3718268945d71a207310a,53,train,e32181bc-41d0-4400-a76d-eb11fc88bf71,participacion_social_regional,participacion_social_regional,0.7951560020446777,apps/ml/storage/models/beto-v1-gold-source-aware,9d8861f8406d41050fa57c530224a1e62983e887807fa6047eefcea52356c215,74f80917f6b245d718c201d58e0d3599f2e4b3e0,5034703030995d1d45c9f61e0fcf20e5e2214f2d5782c3938f1a4870e87c63e9
artifacts/datasets/gold-v1-source-aware.json,dcd8d90081973b7b9a05ee6ef41623756a06232727f3718268945d71a207310a,54,train,e32181bc-41d0-4400-a76d-eb11fc88bf71,participacion_social_regional,participacion_social_regional,0.7396855354309082,apps/ml/storage/models/beto-v1-gold-source-aware,9d8861f8406d41050fa57c530224a1e62983e887807fa6047eefcea52356c215,74f80917f6b245d718c201d58e0d3599f2e4b3e0,ae46a13846889b267236abd2bdf47ec90a7b340d9e14e9da73e5ad4e5068860a
artifacts/datasets/gold-v1-source-aware.json,dcd8d90081973b7b9a05ee6ef41623756a06232727f3718268945d71a207310a,55,train,e32181bc-41d0-4400-a76d-eb11fc88bf71,participacion_social_regional,participacion_social_regional,0.7916603684425354,apps/ml/storage/models/beto-v1-gold-source-aware,9d8861f8406d41050fa57c530224a1e62983e887807fa6047eefcea52356c215,74f80917f6b245d718c201d58e0d3599f2e4b3e0,88571ef1f26a112fd43523b5b76d9283a6146735f5aa737be6fde8e065a2633c
artifacts/datasets/gold-v1-source-aware.json,dcd8d90081973b7b9a05ee6ef41623756a06232727f3718268945d71a207310a,56,train,e32181bc-41d0-4400-a76d-eb11fc88bf71,participacion_social_regional,participacion_social_regional,0.7733340859413147,apps/ml/storage/models/beto-v1-gold-source-aware,9d8861f8406d41050fa57c530224a1e62983e887807fa6047eefcea52356c215,74f80917f6b245d718c201d58e0d3599f2e4b3e0,f5f3a0b2460929f3fcfa75362c68cb37f7b7fa15471186590522cd03d9ee9687
artifacts/datasets/gold-v1-source-aware.json,dcd8d90081973b7b9a05ee6ef41623756a06232727f3718268945d71a207310a,57,train,e32181bc-41d0-4400-a76d-eb11fc88bf71,participacion_social_regional,participacion_social_regional,0.3844231963157654,apps/ml/storage/models/beto-v1-gold-source-aware,9d8861f8406d41050fa57c530224a1e62983e887807fa6047eefcea52356c215,74f80917f6b245d718c201d58e0d3599f2e4b3e0,96accf276a3574d3016e60b4666fc0a9552b21f37ee485fe3441f9591c1071fb
artifacts/datasets/gold-v1-source-aware.json,dcd8d90081973b7b9a05ee6ef41623756a06232727f3718268945d71a207310a,58,train,e32181bc-41d0-4400-a76d-eb11fc88bf71,participacion_social_regional,participacion_social_regional,0.6242383122444153,apps/ml/storage/models/beto-v1-gold-source-aware,9d8861f8406d41050fa57c530224a1e62983e887807fa6047eefcea52356c215,74f80917f6b245d718c201d58e0d3599f2e4b3e0,9d20b43e8ce0bd92848a342be04c24dce6439e307fb7078bd5f6bcc1aa1e5fa4
artifacts/datasets/gold-v1-source-aware.json,dcd8d90081973b7b9a05ee6ef41623756a06232727f3718268945d71a207310a,59,train,e32181bc-41d0-4400-a76d-eb11fc88bf71,participacion_social_regional,participacion_social_regional,0.683689296245575,apps/ml/storage/models/beto-v1-gold-source-aware,9d8861f8406d41050fa57c530224a1e62983e887807fa6047eefcea52356c215,74f80917f6b245d718c201d58e0d3599f2e4b3e0,d724cb308dfe1c3cf68afe042ea2e4a274a3bc5ecfb2e4bfc675623f5f2941c6
artifacts/datasets/gold-v1-source-aware.json,dcd8d90081973b7b9a05ee6ef41623756a06232727f3718268945d71a207310a,60,train,e32181bc-41d0-4400-a76d-eb11fc88bf71,participacion_social_regional,participacion_social_regional,0.7679411768913269,apps/ml/storage/models/beto-v1-gold-source-aware,9d8861f8406d41050fa57c530224a1e62983e887807fa6047eefcea52356c215,74f80917f6b245d718c201d58e0d3599f2e4b3e0,4e5326a60531c5b4e2c06e95be36196414cb1815a4dda5899ff927d11f5b38dc
artifacts/datasets/gold-v1-source-aware.json,dcd8d90081973b7b9a05ee6ef41623756a06232727f3718268945d71a207310a,61,train,e32181bc-41d0-4400-a76d-eb11fc88bf71,participacion_social_regional,participacion_social_regional,0.44191595911979675,apps/ml/storage/models/beto-v1-gold-source-aware,9d8861f8406d41050fa57c530224a1e62983e887807fa6047eefcea52356c215,74f80917f6b245d718c201d58e0d3599f2e4b3e0,bd6935f88318a51035b15179451ae3fd49210eeb1e6f8b918bbf3a1150fcb374
artifacts/datasets/gold-v1-source-aware.json,dcd8d90081973b7b9a05ee6ef41623756a06232727f3718268945d71a207310a,62,train,e32181bc-41d0-4400-a76d-eb11fc88bf71,participacion_social_regional,participacion_social_regional,0.7839540839195251,apps/ml/storage/models/beto-v1-gold-source-aware,9d8861f8406d41050fa57c530224a1e62983e887807fa6047eefcea52356c215,74f80917f6b245d718c201d58e0d3599f2e4b3e0,287f18de8390dbe3d9d8deaed740c668341d1e6ea70bda95eb3a5fe4366bd139
artifacts/datasets/gold-v1-source-aware.json,dcd8d90081973b7b9a05ee6ef41623756a06232727f3718268945d71a207310a,63,train,e32181bc-41d0-4400-a76d-eb11fc88bf71,participacion_social_regional,participacion_social_regional,0.7826919555664062,apps/ml/storage/models/beto-v1-gold-source-aware,9d8861f8406d41050fa57c530224a1e62983e887807fa6047eefcea52356c215,74f80917f6b245d718c201d58e0d3599f2e4b3e0,3058dc3bf90d83e79b13ed8da4784f2e713b3f6c8763b855706d850f2f62528e
artifacts/datasets/gold-v1-source-aware.json,dcd8d90081973b7b9a05ee6ef41623756a06232727f3718268945d71a207310a,64,train,e32181bc-41d0-4400-a76d-eb11fc88bf71,participacion_social_regional,participacion_social_regional,0.7490884065628052,apps/ml/storage/models/beto-v1-gold-source-aware,9d8861f8406d41050fa57c530224a1e62983e887807fa6047eefcea52356c215,74f80917f6b245d718c201d58e0d3599f2e4b3e0,9790ce27fe1ce6cb751f28dcd41ba6787ef023f4e0812e2f701bb2dc042180ea
artifacts/datasets/gold-v1-source-aware.json,dcd8d90081973b7b9a05ee6ef41623756a06232727f3718268945d71a207310a,65,train,e32181bc-41d0-4400-a76d-eb11fc88bf71,participacion_social_regional,participacion_social_regional,0.7872875332832336,apps/ml/storage/models/beto-v1-gold-source-aware,9d8861f8406d41050fa57c530224a1e62983e887807fa6047eefcea52356c215,74f80917f6b245d718c201d58e0d3599f2e4b3e0,989de0bfad996b37d78af68b8bf9943323bb1ee1896005774b7e7957f7fa55d2
artifacts/datasets/gold-v1-source-aware.json,dcd8d90081973b7b9a05ee6ef41623756a06232727f3718268945d71a207310a,66,train,e32181bc-41d0-4400-a76d-eb11fc88bf71,participacion_social_regional,participacion_social_regional,0.7741913795471191,apps/ml/storage/models/beto-v1-gold-source-aware,9d8861f8406d41050fa57c530224a1e62983e887807fa6047eefcea52356c215,74f80917f6b245d718c201d58e0d3599f2e4b3e0,1b757c6059ce077176973bc975b2b1a682a4c2a43fab8258b40b19d7cf0a51ee
artifacts/datasets/gold-v1-source-aware.json,dcd8d90081973b7b9a05ee6ef41623756a06232727f3718268945d71a207310a,67,train,e32181bc-41d0-4400-a76d-eb11fc88bf71,participacion_social_regional,participacion_social_regional,0.7061231732368469,apps/ml/storage/models/beto-v1-gold-source-aware,9d8861f8406d41050fa57c530224a1e62983e887807fa6047eefcea52356c215,74f80917f6b245d718c201d58e0d3599f2e4b3e0,1460d09a283efc5e272cdec8c99cbdbb167cfd3f5477ece73669a2bdd3ad165e
artifacts/datasets/gold-v1-source-aware.json,dcd8d90081973b7b9a05ee6ef41623756a06232727f3718268945d71a207310a,68,train,e32181bc-41d0-4400-a76d-eb11fc88bf71,participacion_social_regional,participacion_social_regional,0.7117116451263428,apps/ml/storage/models/beto-v1-gold-source-aware,9d8861f8406d41050fa57c530224a1e62983e887807fa6047eefcea52356c215,74f80917f6b245d718c201d58e0d3599f2e4b3e0,cc14bbb6936655a0489fa8b4aed38010ff849f620152462493d81f82c324de46
artifacts/datasets/gold-v1-source-aware.json,dcd8d90081973b7b9a05ee6ef41623756a06232727f3718268945d71a207310a,69,train,e32181bc-41d0-4400-a76d-eb11fc88bf71,campanias_conflictos_militares,campanias_conflictos_militares,0.7794622778892517,apps/ml/storage/models/beto-v1-gold-source-aware,9d8861f8406d41050fa57c530224a1e62983e887807fa6047eefcea52356c215,74f80917f6b245d718c201d58e0d3599f2e4b3e0,3ffada028994ddc06c1bf871d7ae67140739a95f173b5ae4d76e62ce8092ebc9
artifacts/datasets/gold-v1-source-aware.json,dcd8d90081973b7b9a05ee6ef41623756a06232727f3718268945d71a207310a,70,train,e32181bc-41d0-4400-a76d-eb11fc88bf71,liderazgos_diplomacia_proyectos,liderazgos_diplomacia_proyectos,0.46247273683547974,apps/ml/storage/models/beto-v1-gold-source-aware,9d8861f8406d41050fa57c530224a1e62983e887807fa6047eefcea52356c215,74f80917f6b245d718c201d58e0d3599f2e4b3e0,6f4f47a2a5dd436e1fd3c003bfda43e72399f7316d732694c4244a4b7426f6fb
artifacts/datasets/gold-v1-source-aware.json,dcd8d90081973b7b9a05ee6ef41623756a06232727f3718268945d71a207310a,71,train,e32181bc-41d0-4400-a76d-eb11fc88bf71,no_relevante,no_relevante,0.43689844012260437,apps/ml/storage/models/beto-v1-gold-source-aware,9d8861f8406d41050fa57c530224a1e62983e887807fa6047eefcea52356c215,74f80917f6b245d718c201d58e0d3599f2e4b3e0,9261c16a98d1a00795a9a3bd47a13fa0089920853026bf30320d49f20550d58c
artifacts/datasets/gold-v1-source-aware.json,dcd8d90081973b7b9a05ee6ef41623756a06232727f3718268945d71a207310a,72,train,9fecbe5a-9fb2-4002-a088-8a2810db938e,contexto_colonial_antecedentes,contexto_colonial_antecedentes,0.7067741751670837,apps/ml/storage/models/beto-v1-gold-source-aware,9d8861f8406d41050fa57c530224a1e62983e887807fa6047eefcea52356c215,74f80917f6b245d718c201d58e0d3599f2e4b3e0,eb50c4ba21f8e8e1a19fdad8ac33341ff1e24617a61ca26cf75711828e2f1b78
artifacts/datasets/gold-v1-source-aware.json,dcd8d90081973b7b9a05ee6ef41623756a06232727f3718268945d71a207310a,73,train,9fecbe5a-9fb2-4002-a088-8a2810db938e,contexto_colonial_antecedentes,contexto_colonial_antecedentes,0.5194925665855408,apps/ml/storage/models/beto-v1-gold-source-aware,9d8861f8406d41050fa57c530224a1e62983e887807fa6047eefcea52356c215,74f80917f6b245d718c201d58e0d3599f2e4b3e0,ea1a2216621c78e091558da96df365bad11f7dd1e27d0b71e38aa72fc449f49a
artifacts/datasets/gold-v1-source-aware.json,dcd8d90081973b7b9a05ee6ef41623756a06232727f3718268945d71a207310a,74,train,9fecbe5a-9fb2-4002-a088-8a2810db938e,contexto_colonial_antecedentes,contexto_colonial_antecedentes,0.6718351244926453,apps/ml/storage/models/beto-v1-gold-source-aware,9d8861f8406d41050fa57c530224a1e62983e887807fa6047eefcea52356c215,74f80917f6b245d718c201d58e0d3599f2e4b3e0,01a2165f8869b4edd72b0659d0884325273358b7258720a8adc928db805e2aba
artifacts/datasets/gold-v1-source-aware.json,dcd8d90081973b7b9a05ee6ef41623756a06232727f3718268945d71a207310a,75,train,9fecbe5a-9fb2-4002-a088-8a2810db938e,contexto_colonial_antecedentes,contexto_colonial_antecedentes,0.6575206518173218,apps/ml/storage/models/beto-v1-gold-source-aware,9d8861f8406d41050fa57c530224a1e62983e887807fa6047eefcea52356c215,74f80917f6b245d718c201d58e0d3599f2e4b3e0,a7e7913e063ae6e7cea50a8fae5ca6a5921e94f4f24823f8b5f6a1ffacdca183
artifacts/datasets/gold-v1-source-aware.json,dcd8d90081973b7b9a05ee6ef41623756a06232727f3718268945d71a207310a,76,train,9fecbe5a-9fb2-4002-a088-8a2810db938e,contexto_colonial_antecedentes,contexto_colonial_antecedentes,0.6783307194709778,apps/ml/storage/models/beto-v1-gold-source-aware,9d8861f8406d41050fa57c530224a1e62983e887807fa6047eefcea52356c215,74f80917f6b245d718c201d58e0d3599f2e4b3e0,8c89f57ee2a65f8ec178884f503075588043c5c93829dbfcf62e5179cdb13f1a
artifacts/datasets/gold-v1-source-aware.json,dcd8d90081973b7b9a05ee6ef41623756a06232727f3718268945d71a207310a,77,train,9fecbe5a-9fb2-4002-a088-8a2810db938e,contexto_colonial_antecedentes,contexto_colonial_antecedentes,0.5316605567932129,apps/ml/storage/models/beto-v1-gold-source-aware,9d8861f8406d41050fa57c530224a1e62983e887807fa6047eefcea52356c215,74f80917f6b245d718c201d58e0d3599f2e4b3e0,8b02cbba5306e1cf03bc36ff338c4103717c9227237142931f2ecdb16ec61c04
artifacts/datasets/gold-v1-source-aware.json,dcd8d90081973b7b9a05ee6ef41623756a06232727f3718268945d71a207310a,78,train,9fecbe5a-9fb2-4002-a088-8a2810db938e,participacion_social_regional,participacion_social_regional,0.7575756311416626,apps/ml/storage/models/beto-v1-gold-source-aware,9d8861f8406d41050fa57c530224a1e62983e887807fa6047eefcea52356c215,74f80917f6b245d718c201d58e0d3599f2e4b3e0,f91ba3a398d09f1fcd6fb2c071e856052c144a528c4adba076857fe54f95ac51
artifacts/datasets/gold-v1-source-aware.json,dcd8d90081973b7b9a05ee6ef41623756a06232727f3718268945d71a207310a,79,train,9fecbe5a-9fb2-4002-a088-8a2810db938e,contexto_colonial_antecedentes,contexto_colonial_antecedentes,0.5278455018997192,apps/ml/storage/models/beto-v1-gold-source-aware,9d8861f8406d41050fa57c530224a1e62983e887807fa6047eefcea52356c215,74f80917f6b245d718c201d58e0d3599f2e4b3e0,be315e15e6b535a6ad8f4f087f6846573a61328e167b2ce33878c47d46f13172
artifacts/datasets/gold-v1-source-aware.json,dcd8d90081973b7b9a05ee6ef41623756a06232727f3718268945d71a207310a,80,train,9fecbe5a-9fb2-4002-a088-8a2810db938e,contexto_colonial_antecedentes,contexto_colonial_antecedentes,0.6339969038963318,apps/ml/storage/models/beto-v1-gold-source-aware,9d8861f8406d41050fa57c530224a1e62983e887807fa6047eefcea52356c215,74f80917f6b245d718c201d58e0d3599f2e4b3e0,164676447a406437430fdbca5ac7001799c9b6f153de4d0457d9709df9595876
artifacts/datasets/gold-v1-source-aware.json,dcd8d90081973b7b9a05ee6ef41623756a06232727f3718268945d71a207310a,81,train,9fecbe5a-9fb2-4002-a088-8a2810db938e,contexto_colonial_antecedentes,contexto_colonial_antecedentes,0.576708197593689,apps/ml/storage/models/beto-v1-gold-source-aware,9d8861f8406d41050fa57c530224a1e62983e887807fa6047eefcea52356c215,74f80917f6b245d718c201d58e0d3599f2e4b3e0,707b9347b6afc18067eb43ee8e70d439bd63031f150594888e7be9c4892f5b0b
artifacts/datasets/gold-v1-source-aware.json,dcd8d90081973b7b9a05ee6ef41623756a06232727f3718268945d71a207310a,82,train,9fecbe5a-9fb2-4002-a088-8a2810db938e,crisis_ideas_emancipadoras,participacion_social_regional,0.34616169333457947,apps/ml/storage/models/beto-v1-gold-source-aware,9d8861f8406d41050fa57c530224a1e62983e887807fa6047eefcea52356c215,74f80917f6b245d718c201d58e0d3599f2e4b3e0,de68133fa9729fad17f9ec670f33bbb74da00bd659b75c8187970a8e8e6fc19e
artifacts/datasets/gold-v1-source-aware.json,dcd8d90081973b7b9a05ee6ef41623756a06232727f3718268945d71a207310a,83,train,9fecbe5a-9fb2-4002-a088-8a2810db938e,crisis_ideas_emancipadoras,participacion_social_regional,0.45826786756515503,apps/ml/storage/models/beto-v1-gold-source-aware,9d8861f8406d41050fa57c530224a1e62983e887807fa6047eefcea52356c215,74f80917f6b245d718c201d58e0d3599f2e4b3e0,afd796a27cf2ee212f50e3d0f2e3d7fc7ce5367fce966f9a07bd82fd585fb937
artifacts/datasets/gold-v1-source-aware.json,dcd8d90081973b7b9a05ee6ef41623756a06232727f3718268945d71a207310a,84,train,9fecbe5a-9fb2-4002-a088-8a2810db938e,participacion_social_regional,participacion_social_regional,0.7997435927391052,apps/ml/storage/models/beto-v1-gold-source-aware,9d8861f8406d41050fa57c530224a1e62983e887807fa6047eefcea52356c215,74f80917f6b245d718c201d58e0d3599f2e4b3e0,9e722e7ab819d9b9314ad6880f11044c7cfa61341b05b3f389fe09be8ee288e2
artifacts/datasets/gold-v1-source-aware.json,dcd8d90081973b7b9a05ee6ef41623756a06232727f3718268945d71a207310a,85,train,e32181bc-41d0-4400-a76d-eb11fc88bf71,campanias_conflictos_militares,campanias_conflictos_militares,0.5594874024391174,apps/ml/storage/models/beto-v1-gold-source-aware,9d8861f8406d41050fa57c530224a1e62983e887807fa6047eefcea52356c215,74f80917f6b245d718c201d58e0d3599f2e4b3e0,5d0943b5975ed51897cc64346a5aae34f224c87859df21f01a162744ed82455c
artifacts/datasets/gold-v1-source-aware.json,dcd8d90081973b7b9a05ee6ef41623756a06232727f3718268945d71a207310a,86,train,9fecbe5a-9fb2-4002-a088-8a2810db938e,participacion_social_regional,participacion_social_regional,0.75703364610672,apps/ml/storage/models/beto-v1-gold-source-aware,9d8861f8406d41050fa57c530224a1e62983e887807fa6047eefcea52356c215,74f80917f6b245d718c201d58e0d3599f2e4b3e0,c10a3a8186d57e3ca20476daf8277b7b63a2945d22fd533f91d838370e38e959
artifacts/datasets/gold-v1-source-aware.json,dcd8d90081973b7b9a05ee6ef41623756a06232727f3718268945d71a207310a,87,train,9fecbe5a-9fb2-4002-a088-8a2810db938e,participacion_social_regional,participacion_social_regional,0.46561285853385925,apps/ml/storage/models/beto-v1-gold-source-aware,9d8861f8406d41050fa57c530224a1e62983e887807fa6047eefcea52356c215,74f80917f6b245d718c201d58e0d3599f2e4b3e0,50c8be3c4f432896ae900ef5b2ce2cab1157f7df241c4b60316aba1b439b5e71
artifacts/datasets/gold-v1-source-aware.json,dcd8d90081973b7b9a05ee6ef41623756a06232727f3718268945d71a207310a,88,train,9fecbe5a-9fb2-4002-a088-8a2810db938e,participacion_social_regional,participacion_social_regional,0.6769165992736816,apps/ml/storage/models/beto-v1-gold-source-aware,9d8861f8406d41050fa57c530224a1e62983e887807fa6047eefcea52356c215,74f80917f6b245d718c201d58e0d3599f2e4b3e0,bb1f5616f14fa749775f92dea73e898760661b2c8061e824ecb82a0fa2b7adb5
artifacts/datasets/gold-v1-source-aware.json,dcd8d90081973b7b9a05ee6ef41623756a06232727f3718268945d71a207310a,89,train,9fecbe5a-9fb2-4002-a088-8a2810db938e,participacion_social_regional,participacion_social_regional,0.6850660443305969,apps/ml/storage/models/beto-v1-gold-source-aware,9d8861f8406d41050fa57c530224a1e62983e887807fa6047eefcea52356c215,74f80917f6b245d718c201d58e0d3599f2e4b3e0,80a244b5446656c1617684587920e519e0e02cffd1d7d643795a8fba3c3341a7
artifacts/datasets/gold-v1-source-aware.json,dcd8d90081973b7b9a05ee6ef41623756a06232727f3718268945d71a207310a,90,train,9fecbe5a-9fb2-4002-a088-8a2810db938e,participacion_social_regional,participacion_social_regional,0.4349050223827362,apps/ml/storage/models/beto-v1-gold-source-aware,9d8861f8406d41050fa57c530224a1e62983e887807fa6047eefcea52356c215,74f80917f6b245d718c201d58e0d3599f2e4b3e0,f207182a65f50d559e5b5cd682a4cefe6ef47cbc7ed884dd306f385152b168b5
artifacts/datasets/gold-v1-source-aware.json,dcd8d90081973b7b9a05ee6ef41623756a06232727f3718268945d71a207310a,91,train,9fecbe5a-9fb2-4002-a088-8a2810db938e,participacion_social_regional,participacion_social_regional,0.5445959568023682,apps/ml/storage/models/beto-v1-gold-source-aware,9d8861f8406d41050fa57c530224a1e62983e887807fa6047eefcea52356c215,74f80917f6b245d718c201d58e0d3599f2e4b3e0,811b381ea1b42bf55a07c2ab0846face8be9b61c7c117ebdbb0f40745c70bf23
artifacts/datasets/gold-v1-source-aware.json,dcd8d90081973b7b9a05ee6ef41623756a06232727f3718268945d71a207310a,92,train,9fecbe5a-9fb2-4002-a088-8a2810db938e,participacion_social_regional,participacion_social_regional,0.4059717357158661,apps/ml/storage/models/beto-v1-gold-source-aware,9d8861f8406d41050fa57c530224a1e62983e887807fa6047eefcea52356c215,74f80917f6b245d718c201d58e0d3599f2e4b3e0,909577467f8baa8ebbf796519221f65f9f4bdb2edc285055f18b0eb7700bd92d
artifacts/datasets/gold-v1-source-aware.json,dcd8d90081973b7b9a05ee6ef41623756a06232727f3718268945d71a207310a,93,train,9fecbe5a-9fb2-4002-a088-8a2810db938e,campanias_conflictos_militares,campanias_conflictos_militares,0.873709499835968,apps/ml/storage/models/beto-v1-gold-source-aware,9d8861f8406d41050fa57c530224a1e62983e887807fa6047eefcea52356c215,74f80917f6b245d718c201d58e0d3599f2e4b3e0,cbb483623126a98ffc2d587424b0804347a7921cd9f84f5e2b030b01ce575b28
artifacts/datasets/gold-v1-source-aware.json,dcd8d90081973b7b9a05ee6ef41623756a06232727f3718268945d71a207310a,94,train,9fecbe5a-9fb2-4002-a088-8a2810db938e,campanias_conflictos_militares,campanias_conflictos_militares,0.6353483200073242,apps/ml/storage/models/beto-v1-gold-source-aware,9d8861f8406d41050fa57c530224a1e62983e887807fa6047eefcea52356c215,74f80917f6b245d718c201d58e0d3599f2e4b3e0,7a9762b1e0421b397b46a51f5a439a2418143bf266543ce3879df7ad25ffced0
artifacts/datasets/gold-v1-source-aware.json,dcd8d90081973b7b9a05ee6ef41623756a06232727f3718268945d71a207310a,95,train,9fecbe5a-9fb2-4002-a088-8a2810db938e,campanias_conflictos_militares,campanias_conflictos_militares,0.8585778474807739,apps/ml/storage/models/beto-v1-gold-source-aware,9d8861f8406d41050fa57c530224a1e62983e887807fa6047eefcea52356c215,74f80917f6b245d718c201d58e0d3599f2e4b3e0,b25b350344d27c68b5d1abd66d8c19ca23decbd01cb067526b1a4992138570b3
artifacts/datasets/gold-v1-source-aware.json,dcd8d90081973b7b9a05ee6ef41623756a06232727f3718268945d71a207310a,96,train,9fecbe5a-9fb2-4002-a088-8a2810db938e,campanias_conflictos_militares,campanias_conflictos_militares,0.8206889629364014,apps/ml/storage/models/beto-v1-gold-source-aware,9d8861f8406d41050fa57c530224a1e62983e887807fa6047eefcea52356c215,74f80917f6b245d718c201d58e0d3599f2e4b3e0,68b1f76aae53c53ef1f7b3449b99963f4c6f9e16551ca287609cf773c37f0364
artifacts/datasets/gold-v1-source-aware.json,dcd8d90081973b7b9a05ee6ef41623756a06232727f3718268945d71a207310a,97,train,9fecbe5a-9fb2-4002-a088-8a2810db938e,no_relevante,no_relevante,0.8873915076255798,apps/ml/storage/models/beto-v1-gold-source-aware,9d8861f8406d41050fa57c530224a1e62983e887807fa6047eefcea52356c215,74f80917f6b245d718c201d58e0d3599f2e4b3e0,e8915bd6288a131fda171dbcf868c758274caa3690712d67c1e3e384120979d6
artifacts/datasets/gold-v1-source-aware.json,dcd8d90081973b7b9a05ee6ef41623756a06232727f3718268945d71a207310a,98,train,9fecbe5a-9fb2-4002-a088-8a2810db938e,no_relevante,participacion_social_regional,0.3178788125514984,apps/ml/storage/models/beto-v1-gold-source-aware,9d8861f8406d41050fa57c530224a1e62983e887807fa6047eefcea52356c215,74f80917f6b245d718c201d58e0d3599f2e4b3e0,41dbc359d22d70592bbf021d07a917309803832142796b65f74fec1929cc5e7e
artifacts/datasets/gold-v1-source-aware.json,dcd8d90081973b7b9a05ee6ef41623756a06232727f3718268945d71a207310a,99,train,9fecbe5a-9fb2-4002-a088-8a2810db938e,no_relevante,no_relevante,0.9061785340309143,apps/ml/storage/models/beto-v1-gold-source-aware,9d8861f8406d41050fa57c530224a1e62983e887807fa6047eefcea52356c215,74f80917f6b245d718c201d58e0d3599f2e4b3e0,362a975452a6f3c12c0c44ee9383d781b17f60570b004548d8f438fcd169e0cc
artifacts/datasets/gold-v1-source-aware.json,dcd8d90081973b7b9a05ee6ef41623756a06232727f3718268945d71a207310a,100,test,15e52806-3d75-4117-937d-7c7eda594579,contexto_colonial_antecedentes,crisis_ideas_emancipadoras,0.4178101420402527,apps/ml/storage/models/beto-v1-gold-source-aware,9d8861f8406d41050fa57c530224a1e62983e887807fa6047eefcea52356c215,74f80917f6b245d718c201d58e0d3599f2e4b3e0,b778b743449ea21f19e7e021b8164f3e97fc2d4ffbe718275edfb7c32378a1ba
artifacts/datasets/gold-v1-source-aware.json,dcd8d90081973b7b9a05ee6ef41623756a06232727f3718268945d71a207310a,101,test,15e52806-3d75-4117-937d-7c7eda594579,contexto_colonial_antecedentes,crisis_ideas_emancipadoras,0.3681694269180298,apps/ml/storage/models/beto-v1-gold-source-aware,9d8861f8406d41050fa57c530224a1e62983e887807fa6047eefcea52356c215,74f80917f6b245d718c201d58e0d3599f2e4b3e0,5a7177356037bb66fc3bc0059963cfb51220bc7077d6725a2f5020f8572b5fd9
artifacts/datasets/gold-v1-source-aware.json,dcd8d90081973b7b9a05ee6ef41623756a06232727f3718268945d71a207310a,102,test,15e52806-3d75-4117-937d-7c7eda594579,contexto_colonial_antecedentes,no_relevante,0.4214712977409363,apps/ml/storage/models/beto-v1-gold-source-aware,9d8861f8406d41050fa57c530224a1e62983e887807fa6047eefcea52356c215,74f80917f6b245d718c201d58e0d3599f2e4b3e0,78a58b540a5097fc0b460d40ba292eba1efb8bcf62b5a8989cbed7b974e245b2
artifacts/datasets/gold-v1-source-aware.json,dcd8d90081973b7b9a05ee6ef41623756a06232727f3718268945d71a207310a,103,test,15e52806-3d75-4117-937d-7c7eda594579,crisis_ideas_emancipadoras,crisis_ideas_emancipadoras,0.5255141258239746,apps/ml/storage/models/beto-v1-gold-source-aware,9d8861f8406d41050fa57c530224a1e62983e887807fa6047eefcea52356c215,74f80917f6b245d718c201d58e0d3599f2e4b3e0,e8cd3f2a0ea95384bb07bff332ce9c35e75ffed56ad11816fced5c4a01238aa2
artifacts/datasets/gold-v1-source-aware.json,dcd8d90081973b7b9a05ee6ef41623756a06232727f3718268945d71a207310a,104,test,15e52806-3d75-4117-937d-7c7eda594579,crisis_ideas_emancipadoras,crisis_ideas_emancipadoras,0.45401421189308167,apps/ml/storage/models/beto-v1-gold-source-aware,9d8861f8406d41050fa57c530224a1e62983e887807fa6047eefcea52356c215,74f80917f6b245d718c201d58e0d3599f2e4b3e0,053ed388d2335a7c4d10913811b57842a535cd23231e85d69f9db4473d15903c
artifacts/datasets/gold-v1-source-aware.json,dcd8d90081973b7b9a05ee6ef41623756a06232727f3718268945d71a207310a,105,test,15e52806-3d75-4117-937d-7c7eda594579,no_relevante,liderazgos_diplomacia_proyectos,0.27113255858421326,apps/ml/storage/models/beto-v1-gold-source-aware,9d8861f8406d41050fa57c530224a1e62983e887807fa6047eefcea52356c215,74f80917f6b245d718c201d58e0d3599f2e4b3e0,f03cd678ae279a643892730659ac8cc3904be161e6f7bfbb2b73182dfbc555bf
artifacts/datasets/gold-v1-source-aware.json,dcd8d90081973b7b9a05ee6ef41623756a06232727f3718268945d71a207310a,106,test,15e52806-3d75-4117-937d-7c7eda594579,no_relevante,no_relevante,0.7907413244247437,apps/ml/storage/models/beto-v1-gold-source-aware,9d8861f8406d41050fa57c530224a1e62983e887807fa6047eefcea52356c215,74f80917f6b245d718c201d58e0d3599f2e4b3e0,e4efeb6f9400a49bf91ed2fa3c0213803095c75e53316c515b0bee4ec9852ed0
artifacts/datasets/gold-v1-source-aware.json,dcd8d90081973b7b9a05ee6ef41623756a06232727f3718268945d71a207310a,107,test,15e52806-3d75-4117-937d-7c7eda594579,no_relevante,crisis_ideas_emancipadoras,0.4267723262310028,apps/ml/storage/models/beto-v1-gold-source-aware,9d8861f8406d41050fa57c530224a1e62983e887807fa6047eefcea52356c215,74f80917f6b245d718c201d58e0d3599f2e4b3e0,c646e64f2a3965de0d62fd43f303ab219ba4f49bb2fe2f034e613fec66c97394
artifacts/datasets/gold-v1-source-aware.json,dcd8d90081973b7b9a05ee6ef41623756a06232727f3718268945d71a207310a,108,test,15e52806-3d75-4117-937d-7c7eda594579,no_relevante,crisis_ideas_emancipadoras,0.43159645795822144,apps/ml/storage/models/beto-v1-gold-source-aware,9d8861f8406d41050fa57c530224a1e62983e887807fa6047eefcea52356c215,74f80917f6b245d718c201d58e0d3599f2e4b3e0,bf4ce2ea17f46aede89d4fc56f6455d8476a777ae604f75a5cb8e026dea60c2f
artifacts/datasets/gold-v1-source-aware.json,dcd8d90081973b7b9a05ee6ef41623756a06232727f3718268945d71a207310a,109,test,15e52806-3d75-4117-937d-7c7eda594579,contexto_colonial_antecedentes,crisis_ideas_emancipadoras,0.34352537989616394,apps/ml/storage/models/beto-v1-gold-source-aware,9d8861f8406d41050fa57c530224a1e62983e887807fa6047eefcea52356c215,74f80917f6b245d718c201d58e0d3599f2e4b3e0,40e544b1590a787971cd2fefddd6884723811d74fabec66ef785d5229780415b
artifacts/datasets/gold-v1-source-aware.json,dcd8d90081973b7b9a05ee6ef41623756a06232727f3718268945d71a207310a,110,test,15e52806-3d75-4117-937d-7c7eda594579,crisis_ideas_emancipadoras,crisis_ideas_emancipadoras,0.48308083415031433,apps/ml/storage/models/beto-v1-gold-source-aware,9d8861f8406d41050fa57c530224a1e62983e887807fa6047eefcea52356c215,74f80917f6b245d718c201d58e0d3599f2e4b3e0,8d005a36bbd2daa82be69f8a95b58b7ed4c2b8178e3f74931ef3ac990da133a1
artifacts/datasets/gold-v1-source-aware.json,dcd8d90081973b7b9a05ee6ef41623756a06232727f3718268945d71a207310a,111,test,15e52806-3d75-4117-937d-7c7eda594579,crisis_ideas_emancipadoras,crisis_ideas_emancipadoras,0.5181552171707153,apps/ml/storage/models/beto-v1-gold-source-aware,9d8861f8406d41050fa57c530224a1e62983e887807fa6047eefcea52356c215,74f80917f6b245d718c201d58e0d3599f2e4b3e0,229484fd1380feae795bd433b8091f785a1fcbb9b2f72a548e0868cec20e6492
artifacts/datasets/gold-v1-source-aware.json,dcd8d90081973b7b9a05ee6ef41623756a06232727f3718268945d71a207310a,112,test,15e52806-3d75-4117-937d-7c7eda594579,participacion_social_regional,participacion_social_regional,0.3834494948387146,apps/ml/storage/models/beto-v1-gold-source-aware,9d8861f8406d41050fa57c530224a1e62983e887807fa6047eefcea52356c215,74f80917f6b245d718c201d58e0d3599f2e4b3e0,809ab6c0ccfa9174df00420ae5b2d68d94f5656fedc05042683c938652c098e2
artifacts/datasets/gold-v1-source-aware.json,dcd8d90081973b7b9a05ee6ef41623756a06232727f3718268945d71a207310a,113,test,15e52806-3d75-4117-937d-7c7eda594579,participacion_social_regional,crisis_ideas_emancipadoras,0.4168466627597809,apps/ml/storage/models/beto-v1-gold-source-aware,9d8861f8406d41050fa57c530224a1e62983e887807fa6047eefcea52356c215,74f80917f6b245d718c201d58e0d3599f2e4b3e0,96df15e4b87d7ea83c1c13f376d068acb99be26f3dbd4b92b8962b9f54eeaeed
artifacts/datasets/gold-v1-source-aware.json,dcd8d90081973b7b9a05ee6ef41623756a06232727f3718268945d71a207310a,114,test,15e52806-3d75-4117-937d-7c7eda594579,no_relevante,liderazgos_diplomacia_proyectos,0.35562342405319214,apps/ml/storage/models/beto-v1-gold-source-aware,9d8861f8406d41050fa57c530224a1e62983e887807fa6047eefcea52356c215,74f80917f6b245d718c201d58e0d3599f2e4b3e0,ba8ee6219bd93603c65ca1078a8d15cf317efa2aae3cf2f53376ed18b98a7e69
artifacts/datasets/gold-v1-source-aware.json,dcd8d90081973b7b9a05ee6ef41623756a06232727f3718268945d71a207310a,115,test,15e52806-3d75-4117-937d-7c7eda594579,no_relevante,crisis_ideas_emancipadoras,0.4675872027873993,apps/ml/storage/models/beto-v1-gold-source-aware,9d8861f8406d41050fa57c530224a1e62983e887807fa6047eefcea52356c215,74f80917f6b245d718c201d58e0d3599f2e4b3e0,c82ecbaf69844f668e27cb525ad2b82b8d7779553adda9d9606144e7ca4be807
artifacts/datasets/gold-v1-source-aware.json,dcd8d90081973b7b9a05ee6ef41623756a06232727f3718268945d71a207310a,116,test,15e52806-3d75-4117-937d-7c7eda594579,no_relevante,crisis_ideas_emancipadoras,0.3634200394153595,apps/ml/storage/models/beto-v1-gold-source-aware,9d8861f8406d41050fa57c530224a1e62983e887807fa6047eefcea52356c215,74f80917f6b245d718c201d58e0d3599f2e4b3e0,670a89c95d72dd6318b6e164f73ca334c948fa27267fe8450c24c3c9e44d2a3d
artifacts/datasets/gold-v1-source-aware.json,dcd8d90081973b7b9a05ee6ef41623756a06232727f3718268945d71a207310a,117,test,15e52806-3d75-4117-937d-7c7eda594579,no_relevante,crisis_ideas_emancipadoras,0.2947874665260315,apps/ml/storage/models/beto-v1-gold-source-aware,9d8861f8406d41050fa57c530224a1e62983e887807fa6047eefcea52356c215,74f80917f6b245d718c201d58e0d3599f2e4b3e0,252a53d29f30c6be311f8aa63aaf41f1efe35f762578621a0b61385be78791a3
artifacts/datasets/gold-v1-source-aware.json,dcd8d90081973b7b9a05ee6ef41623756a06232727f3718268945d71a207310a,118,train,0ea45102-057d-4bff-b527-f36326f66d33,contexto_colonial_antecedentes,contexto_colonial_antecedentes,0.6310362219810486,apps/ml/storage/models/beto-v1-gold-source-aware,9d8861f8406d41050fa57c530224a1e62983e887807fa6047eefcea52356c215,74f80917f6b245d718c201d58e0d3599f2e4b3e0,32b389d53cedf338bfb887700e1afbd1d5eb3c9f03c7ac0c7a7b20ae58c5c305
artifacts/datasets/gold-v1-source-aware.json,dcd8d90081973b7b9a05ee6ef41623756a06232727f3718268945d71a207310a,119,test,4ca9c84a-627b-4027-8216-fdc07c506727,participacion_social_regional,liderazgos_diplomacia_proyectos,0.3784167468547821,apps/ml/storage/models/beto-v1-gold-source-aware,9d8861f8406d41050fa57c530224a1e62983e887807fa6047eefcea52356c215,74f80917f6b245d718c201d58e0d3599f2e4b3e0,dbddb64830efd1f3871f6fb4cb2001e2b2d15273840333c1ce870888b8f3d1ec
artifacts/datasets/gold-v1-source-aware.json,dcd8d90081973b7b9a05ee6ef41623756a06232727f3718268945d71a207310a,120,train,0ea45102-057d-4bff-b527-f36326f66d33,contexto_colonial_antecedentes,contexto_colonial_antecedentes,0.6256486773490906,apps/ml/storage/models/beto-v1-gold-source-aware,9d8861f8406d41050fa57c530224a1e62983e887807fa6047eefcea52356c215,74f80917f6b245d718c201d58e0d3599f2e4b3e0,d91e98465955d328cb752228cbd7fc75a0557a76def13f7e60d4559a98ce2907
artifacts/datasets/gold-v1-source-aware.json,dcd8d90081973b7b9a05ee6ef41623756a06232727f3718268945d71a207310a,121,train,0ea45102-057d-4bff-b527-f36326f66d33,crisis_ideas_emancipadoras,crisis_ideas_emancipadoras,0.6039194464683533,apps/ml/storage/models/beto-v1-gold-source-aware,9d8861f8406d41050fa57c530224a1e62983e887807fa6047eefcea52356c215,74f80917f6b245d718c201d58e0d3599f2e4b3e0,8ef7d10621f2e097bb6be4c0dbe2fca4ba7ea14c7360dabc5ebbe76cdba9426d
artifacts/datasets/gold-v1-source-aware.json,dcd8d90081973b7b9a05ee6ef41623756a06232727f3718268945d71a207310a,122,train,0ea45102-057d-4bff-b527-f36326f66d33,participacion_social_regional,participacion_social_regional,0.5211073160171509,apps/ml/storage/models/beto-v1-gold-source-aware,9d8861f8406d41050fa57c530224a1e62983e887807fa6047eefcea52356c215,74f80917f6b245d718c201d58e0d3599f2e4b3e0,250188cd741cb5f9be1223d8f151db158ec1ae8f359ad457d5561b977040c960
artifacts/datasets/gold-v1-source-aware.json,dcd8d90081973b7b9a05ee6ef41623756a06232727f3718268945d71a207310a,123,train,0ea45102-057d-4bff-b527-f36326f66d33,participacion_social_regional,participacion_social_regional,0.6406617164611816,apps/ml/storage/models/beto-v1-gold-source-aware,9d8861f8406d41050fa57c530224a1e62983e887807fa6047eefcea52356c215,74f80917f6b245d718c201d58e0d3599f2e4b3e0,d41a73f5d74062398b1660a3f4089dddada6322489bb10fa12a1fe1caefa1862
artifacts/datasets/gold-v1-source-aware.json,dcd8d90081973b7b9a05ee6ef41623756a06232727f3718268945d71a207310a,124,train,0ea45102-057d-4bff-b527-f36326f66d33,no_relevante,no_relevante,0.9191052317619324,apps/ml/storage/models/beto-v1-gold-source-aware,9d8861f8406d41050fa57c530224a1e62983e887807fa6047eefcea52356c215,74f80917f6b245d718c201d58e0d3599f2e4b3e0,d091469616bc4cccbe5e19a95dc3ea2d40355169914c444f5b504fc609e6f782
artifacts/datasets/gold-v1-source-aware.json,dcd8d90081973b7b9a05ee6ef41623756a06232727f3718268945d71a207310a,125,train,e32181bc-41d0-4400-a76d-eb11fc88bf71,no_relevante,no_relevante,0.7637704014778137,apps/ml/storage/models/beto-v1-gold-source-aware,9d8861f8406d41050fa57c530224a1e62983e887807fa6047eefcea52356c215,74f80917f6b245d718c201d58e0d3599f2e4b3e0,88bb5ce4648b7975e61a0f97649d276c49d8739cd82a74694ec921dea84b38be
artifacts/datasets/gold-v1-source-aware.json,dcd8d90081973b7b9a05ee6ef41623756a06232727f3718268945d71a207310a,126,train,e32181bc-41d0-4400-a76d-eb11fc88bf71,participacion_social_regional,participacion_social_regional,0.6292756199836731,apps/ml/storage/models/beto-v1-gold-source-aware,9d8861f8406d41050fa57c530224a1e62983e887807fa6047eefcea52356c215,74f80917f6b245d718c201d58e0d3599f2e4b3e0,2abc6e9459167c338294594517c54e7aaac52b24a11ea5f3820d43250fea76b8
artifacts/datasets/gold-v1-source-aware.json,dcd8d90081973b7b9a05ee6ef41623756a06232727f3718268945d71a207310a,127,train,0ea45102-057d-4bff-b527-f36326f66d33,liderazgos_diplomacia_proyectos,no_relevante,0.6081300377845764,apps/ml/storage/models/beto-v1-gold-source-aware,9d8861f8406d41050fa57c530224a1e62983e887807fa6047eefcea52356c215,74f80917f6b245d718c201d58e0d3599f2e4b3e0,938f6af6586d2d2e5bb9203427920a4f4cf42372b8f773df2ae4d5c39a2a36ee
artifacts/datasets/gold-v1-source-aware.json,dcd8d90081973b7b9a05ee6ef41623756a06232727f3718268945d71a207310a,128,train,0ea45102-057d-4bff-b527-f36326f66d33,participacion_social_regional,participacion_social_regional,0.6073697209358215,apps/ml/storage/models/beto-v1-gold-source-aware,9d8861f8406d41050fa57c530224a1e62983e887807fa6047eefcea52356c215,74f80917f6b245d718c201d58e0d3599f2e4b3e0,b47e023a677d1a8b511add0e9d1ee189884f2053b3fbcea554ecd6f20bf5af06
artifacts/datasets/gold-v1-source-aware.json,dcd8d90081973b7b9a05ee6ef41623756a06232727f3718268945d71a207310a,129,train,0ea45102-057d-4bff-b527-f36326f66d33,no_relevante,no_relevante,0.5875002145767212,apps/ml/storage/models/beto-v1-gold-source-aware,9d8861f8406d41050fa57c530224a1e62983e887807fa6047eefcea52356c215,74f80917f6b245d718c201d58e0d3599f2e4b3e0,6182ef857fbaeee45a3d0b76f5d76996e9b1f13d622ba071adf896741a83bbad
artifacts/datasets/gold-v1-source-aware.json,dcd8d90081973b7b9a05ee6ef41623756a06232727f3718268945d71a207310a,130,train,0ea45102-057d-4bff-b527-f36326f66d33,no_relevante,no_relevante,0.8611571192741394,apps/ml/storage/models/beto-v1-gold-source-aware,9d8861f8406d41050fa57c530224a1e62983e887807fa6047eefcea52356c215,74f80917f6b245d718c201d58e0d3599f2e4b3e0,451b85acd93f2e18c21e2cbceebb2172f01b4a4d1b01f87071e17f9ab9db4850
artifacts/datasets/gold-v1-source-aware.json,dcd8d90081973b7b9a05ee6ef41623756a06232727f3718268945d71a207310a,131,train,0ea45102-057d-4bff-b527-f36326f66d33,no_relevante,no_relevante,0.9217129349708557,apps/ml/storage/models/beto-v1-gold-source-aware,9d8861f8406d41050fa57c530224a1e62983e887807fa6047eefcea52356c215,74f80917f6b245d718c201d58e0d3599f2e4b3e0,216ceb58a36500e305a3e80673b54dc07efe18ee41b9e06dff88d098054b968a
artifacts/datasets/gold-v1-source-aware.json,dcd8d90081973b7b9a05ee6ef41623756a06232727f3718268945d71a207310a,132,test,15e52806-3d75-4117-937d-7c7eda594579,contexto_colonial_antecedentes,liderazgos_diplomacia_proyectos,0.3709891438484192,apps/ml/storage/models/beto-v1-gold-source-aware,9d8861f8406d41050fa57c530224a1e62983e887807fa6047eefcea52356c215,74f80917f6b245d718c201d58e0d3599f2e4b3e0,c07a714e6fb9f0cf25de9f58cb12443734388221a98ede4d64ca56d10aaa91b1
artifacts/datasets/gold-v1-source-aware.json,dcd8d90081973b7b9a05ee6ef41623756a06232727f3718268945d71a207310a,133,train,0ea45102-057d-4bff-b527-f36326f66d33,crisis_ideas_emancipadoras,crisis_ideas_emancipadoras,0.6249715685844421,apps/ml/storage/models/beto-v1-gold-source-aware,9d8861f8406d41050fa57c530224a1e62983e887807fa6047eefcea52356c215,74f80917f6b245d718c201d58e0d3599f2e4b3e0,de0e373fb2743991ded9735b87accfeb8dcfcd9c68d115260893356e21d634a6
artifacts/datasets/gold-v1-source-aware.json,dcd8d90081973b7b9a05ee6ef41623756a06232727f3718268945d71a207310a,134,train,0ea45102-057d-4bff-b527-f36326f66d33,crisis_ideas_emancipadoras,crisis_ideas_emancipadoras,0.39534780383110046,apps/ml/storage/models/beto-v1-gold-source-aware,9d8861f8406d41050fa57c530224a1e62983e887807fa6047eefcea52356c215,74f80917f6b245d718c201d58e0d3599f2e4b3e0,14990fffbe055419f8e2b49cd86abc6074c0ea4e22bdbcfc9751dd00b3ef050a
artifacts/datasets/gold-v1-source-aware.json,dcd8d90081973b7b9a05ee6ef41623756a06232727f3718268945d71a207310a,135,train,0ea45102-057d-4bff-b527-f36326f66d33,crisis_ideas_emancipadoras,crisis_ideas_emancipadoras,0.5606364607810974,apps/ml/storage/models/beto-v1-gold-source-aware,9d8861f8406d41050fa57c530224a1e62983e887807fa6047eefcea52356c215,74f80917f6b245d718c201d58e0d3599f2e4b3e0,19888ce6caa20e06d2d32c4425e92a6747d58de27b7e8e56c8c1f5e346b76cfd
artifacts/datasets/gold-v1-source-aware.json,dcd8d90081973b7b9a05ee6ef41623756a06232727f3718268945d71a207310a,136,train,0ea45102-057d-4bff-b527-f36326f66d33,no_relevante,no_relevante,0.9117419719696045,apps/ml/storage/models/beto-v1-gold-source-aware,9d8861f8406d41050fa57c530224a1e62983e887807fa6047eefcea52356c215,74f80917f6b245d718c201d58e0d3599f2e4b3e0,b89910a81184b23bc8c6a60e5ba25ab49a9aff85e9a6cc8a216d4e9a40f89ea2
artifacts/datasets/gold-v1-source-aware.json,dcd8d90081973b7b9a05ee6ef41623756a06232727f3718268945d71a207310a,137,train,0ea45102-057d-4bff-b527-f36326f66d33,crisis_ideas_emancipadoras,crisis_ideas_emancipadoras,0.37085506319999695,apps/ml/storage/models/beto-v1-gold-source-aware,9d8861f8406d41050fa57c530224a1e62983e887807fa6047eefcea52356c215,74f80917f6b245d718c201d58e0d3599f2e4b3e0,afe384c6e97a09849aa13a624c36d06f1df701f634724705312f4e673fcaf3d5
artifacts/datasets/gold-v1-source-aware.json,dcd8d90081973b7b9a05ee6ef41623756a06232727f3718268945d71a207310a,138,train,e32181bc-41d0-4400-a76d-eb11fc88bf71,participacion_social_regional,participacion_social_regional,0.6459681391716003,apps/ml/storage/models/beto-v1-gold-source-aware,9d8861f8406d41050fa57c530224a1e62983e887807fa6047eefcea52356c215,74f80917f6b245d718c201d58e0d3599f2e4b3e0,cd2dc9b5c05088445577a5601624b833fff30daaf28a8bf82517edf88ac668e5
artifacts/datasets/gold-v1-source-aware.json,dcd8d90081973b7b9a05ee6ef41623756a06232727f3718268945d71a207310a,139,train,0ea45102-057d-4bff-b527-f36326f66d33,crisis_ideas_emancipadoras,crisis_ideas_emancipadoras,0.5420651435852051,apps/ml/storage/models/beto-v1-gold-source-aware,9d8861f8406d41050fa57c530224a1e62983e887807fa6047eefcea52356c215,74f80917f6b245d718c201d58e0d3599f2e4b3e0,9b2bf6253b5fdebad56b075432569d699d0938e443581e96b7c4e95fd07c2fd2
artifacts/datasets/gold-v1-source-aware.json,dcd8d90081973b7b9a05ee6ef41623756a06232727f3718268945d71a207310a,140,train,0ea45102-057d-4bff-b527-f36326f66d33,crisis_ideas_emancipadoras,crisis_ideas_emancipadoras,0.5038615465164185,apps/ml/storage/models/beto-v1-gold-source-aware,9d8861f8406d41050fa57c530224a1e62983e887807fa6047eefcea52356c215,74f80917f6b245d718c201d58e0d3599f2e4b3e0,b9553d080345f400cddaa7506028975cfeef6010cb43ad66bc1afcd8e5842d12
artifacts/datasets/gold-v1-source-aware.json,dcd8d90081973b7b9a05ee6ef41623756a06232727f3718268945d71a207310a,141,train,e32181bc-41d0-4400-a76d-eb11fc88bf71,participacion_social_regional,participacion_social_regional,0.7298556566238403,apps/ml/storage/models/beto-v1-gold-source-aware,9d8861f8406d41050fa57c530224a1e62983e887807fa6047eefcea52356c215,74f80917f6b245d718c201d58e0d3599f2e4b3e0,2fae11cf2124a199931e0257c3369a870e645fe9696e5edc6e99f25336849c96
artifacts/datasets/gold-v1-source-aware.json,dcd8d90081973b7b9a05ee6ef41623756a06232727f3718268945d71a207310a,142,train,e32181bc-41d0-4400-a76d-eb11fc88bf71,campanias_conflictos_militares,campanias_conflictos_militares,0.8258097171783447,apps/ml/storage/models/beto-v1-gold-source-aware,9d8861f8406d41050fa57c530224a1e62983e887807fa6047eefcea52356c215,74f80917f6b245d718c201d58e0d3599f2e4b3e0,4fb825d9309d011be16271d91a3cea3a792389c1e946558096693a1ea2875a37
artifacts/datasets/gold-v1-source-aware.json,dcd8d90081973b7b9a05ee6ef41623756a06232727f3718268945d71a207310a,143,train,0ea45102-057d-4bff-b527-f36326f66d33,no_relevante,no_relevante,0.8880863785743713,apps/ml/storage/models/beto-v1-gold-source-aware,9d8861f8406d41050fa57c530224a1e62983e887807fa6047eefcea52356c215,74f80917f6b245d718c201d58e0d3599f2e4b3e0,796c4f41718774bdaf428b77e97beef93e544883f6aefb8de30a23d31d61b75d
artifacts/datasets/gold-v1-source-aware.json,dcd8d90081973b7b9a05ee6ef41623756a06232727f3718268945d71a207310a,144,train,0ea45102-057d-4bff-b527-f36326f66d33,no_relevante,no_relevante,0.917130172252655,apps/ml/storage/models/beto-v1-gold-source-aware,9d8861f8406d41050fa57c530224a1e62983e887807fa6047eefcea52356c215,74f80917f6b245d718c201d58e0d3599f2e4b3e0,cfdb19742272e7a8a790e7b66ee224d24c352cfc6258f5144fce3b920dbfb34a
artifacts/datasets/gold-v1-source-aware.json,dcd8d90081973b7b9a05ee6ef41623756a06232727f3718268945d71a207310a,145,train,e32181bc-41d0-4400-a76d-eb11fc88bf71,participacion_social_regional,participacion_social_regional,0.77447110414505,apps/ml/storage/models/beto-v1-gold-source-aware,9d8861f8406d41050fa57c530224a1e62983e887807fa6047eefcea52356c215,74f80917f6b245d718c201d58e0d3599f2e4b3e0,6621a6e39b6fa35bb14e520588b44dcf2a738834e36859c4e8884fa235c3eb44
artifacts/datasets/gold-v1-source-aware.json,dcd8d90081973b7b9a05ee6ef41623756a06232727f3718268945d71a207310a,146,train,0ea45102-057d-4bff-b527-f36326f66d33,crisis_ideas_emancipadoras,crisis_ideas_emancipadoras,0.4262080788612366,apps/ml/storage/models/beto-v1-gold-source-aware,9d8861f8406d41050fa57c530224a1e62983e887807fa6047eefcea52356c215,74f80917f6b245d718c201d58e0d3599f2e4b3e0,7b940708a0da1c8b552c60d2d5f27bfb9af0a9c4808be02553979472aceee15b
artifacts/datasets/gold-v1-source-aware.json,dcd8d90081973b7b9a05ee6ef41623756a06232727f3718268945d71a207310a,147,test,4ca9c84a-627b-4027-8216-fdc07c506727,campanias_conflictos_militares,campanias_conflictos_militares,0.523779034614563,apps/ml/storage/models/beto-v1-gold-source-aware,9d8861f8406d41050fa57c530224a1e62983e887807fa6047eefcea52356c215,74f80917f6b245d718c201d58e0d3599f2e4b3e0,ffffc584af101c6b9c25571570a1f9dbe41875bb41f718e114e595de61e3b811
artifacts/datasets/gold-v1-source-aware.json,dcd8d90081973b7b9a05ee6ef41623756a06232727f3718268945d71a207310a,148,train,e32181bc-41d0-4400-a76d-eb11fc88bf71,no_relevante,no_relevante,0.8810663223266602,apps/ml/storage/models/beto-v1-gold-source-aware,9d8861f8406d41050fa57c530224a1e62983e887807fa6047eefcea52356c215,74f80917f6b245d718c201d58e0d3599f2e4b3e0,846a3a50d3d7e4aab8d6e0c3abc02b786cb3a81b69a862bd0b47ff88edeb76f7
artifacts/datasets/gold-v1-source-aware.json,dcd8d90081973b7b9a05ee6ef41623756a06232727f3718268945d71a207310a,149,train,e32181bc-41d0-4400-a76d-eb11fc88bf71,participacion_social_regional,participacion_social_regional,0.5692178010940552,apps/ml/storage/models/beto-v1-gold-source-aware,9d8861f8406d41050fa57c530224a1e62983e887807fa6047eefcea52356c215,74f80917f6b245d718c201d58e0d3599f2e4b3e0,29148912db46c2be1d4c4d6452b384a58c1a3e915dabb101ed6a921f1483c6cc
artifacts/datasets/gold-v1-source-aware.json,dcd8d90081973b7b9a05ee6ef41623756a06232727f3718268945d71a207310a,150,train,0ea45102-057d-4bff-b527-f36326f66d33,participacion_social_regional,participacion_social_regional,0.621461808681488,apps/ml/storage/models/beto-v1-gold-source-aware,9d8861f8406d41050fa57c530224a1e62983e887807fa6047eefcea52356c215,74f80917f6b245d718c201d58e0d3599f2e4b3e0,9bb801176a4bb8dbcb8d148511c3b27570353cfada421bd23d05b0e0171cb4cb
artifacts/datasets/gold-v1-source-aware.json,dcd8d90081973b7b9a05ee6ef41623756a06232727f3718268945d71a207310a,151,train,0ea45102-057d-4bff-b527-f36326f66d33,participacion_social_regional,participacion_social_regional,0.6132862567901611,apps/ml/storage/models/beto-v1-gold-source-aware,9d8861f8406d41050fa57c530224a1e62983e887807fa6047eefcea52356c215,74f80917f6b245d718c201d58e0d3599f2e4b3e0,ca3c08e022dfcf21b203471ea8157042389e94ca56a1646ccf653d806a587b12
artifacts/datasets/gold-v1-source-aware.json,dcd8d90081973b7b9a05ee6ef41623756a06232727f3718268945d71a207310a,152,train,e32181bc-41d0-4400-a76d-eb11fc88bf71,liderazgos_diplomacia_proyectos,participacion_social_regional,0.491277813911438,apps/ml/storage/models/beto-v1-gold-source-aware,9d8861f8406d41050fa57c530224a1e62983e887807fa6047eefcea52356c215,74f80917f6b245d718c201d58e0d3599f2e4b3e0,c5b7a7717e52cad08938992115ad4a8cef606f633783a2d8f03da3e1dcf8464f
artifacts/datasets/gold-v1-source-aware.json,dcd8d90081973b7b9a05ee6ef41623756a06232727f3718268945d71a207310a,153,train,e32181bc-41d0-4400-a76d-eb11fc88bf71,campanias_conflictos_militares,campanias_conflictos_militares,0.7481410503387451,apps/ml/storage/models/beto-v1-gold-source-aware,9d8861f8406d41050fa57c530224a1e62983e887807fa6047eefcea52356c215,74f80917f6b245d718c201d58e0d3599f2e4b3e0,dd443e1b1ee3bc8df277d638b353db998ad31e294a81c3c2ff7e8fa630846bf0
artifacts/datasets/gold-v1-source-aware.json,dcd8d90081973b7b9a05ee6ef41623756a06232727f3718268945d71a207310a,154,train,e32181bc-41d0-4400-a76d-eb11fc88bf71,liderazgos_diplomacia_proyectos,campanias_conflictos_militares,0.34003692865371704,apps/ml/storage/models/beto-v1-gold-source-aware,9d8861f8406d41050fa57c530224a1e62983e887807fa6047eefcea52356c215,74f80917f6b245d718c201d58e0d3599f2e4b3e0,fa7468ef117716af28284700f037bf0987fe5708bdc314cee84324d2837b7f60
artifacts/datasets/gold-v1-source-aware.json,dcd8d90081973b7b9a05ee6ef41623756a06232727f3718268945d71a207310a,155,train,e32181bc-41d0-4400-a76d-eb11fc88bf71,no_relevante,no_relevante,0.8831095099449158,apps/ml/storage/models/beto-v1-gold-source-aware,9d8861f8406d41050fa57c530224a1e62983e887807fa6047eefcea52356c215,74f80917f6b245d718c201d58e0d3599f2e4b3e0,e4fa5f0113a43f47289d86de7c0ef646eef06a9226edaaff707985ece7763bbe
artifacts/datasets/gold-v1-source-aware.json,dcd8d90081973b7b9a05ee6ef41623756a06232727f3718268945d71a207310a,156,train,e32181bc-41d0-4400-a76d-eb11fc88bf71,campanias_conflictos_militares,campanias_conflictos_militares,0.49623239040374756,apps/ml/storage/models/beto-v1-gold-source-aware,9d8861f8406d41050fa57c530224a1e62983e887807fa6047eefcea52356c215,74f80917f6b245d718c201d58e0d3599f2e4b3e0,676424562d7bd1c4e7d3d5b47643c3a161833a921c2a02bce1688f0644704f7b
artifacts/datasets/gold-v1-source-aware.json,dcd8d90081973b7b9a05ee6ef41623756a06232727f3718268945d71a207310a,157,train,0ea45102-057d-4bff-b527-f36326f66d33,no_relevante,no_relevante,0.8525295853614807,apps/ml/storage/models/beto-v1-gold-source-aware,9d8861f8406d41050fa57c530224a1e62983e887807fa6047eefcea52356c215,74f80917f6b245d718c201d58e0d3599f2e4b3e0,cffafcaaed3f752d2718e7bca509c774d1c70248c46dcdd9a1fd9f7b9fd07de5
artifacts/datasets/gold-v1-source-aware.json,dcd8d90081973b7b9a05ee6ef41623756a06232727f3718268945d71a207310a,158,test,4ca9c84a-627b-4027-8216-fdc07c506727,liderazgos_diplomacia_proyectos,contexto_colonial_antecedentes,0.24382179975509644,apps/ml/storage/models/beto-v1-gold-source-aware,9d8861f8406d41050fa57c530224a1e62983e887807fa6047eefcea52356c215,74f80917f6b245d718c201d58e0d3599f2e4b3e0,7c2b51e95f0406678a4347a345c0d7ea0105b28c7523bec59fa5470510d5f1cc
artifacts/datasets/gold-v1-source-aware.json,dcd8d90081973b7b9a05ee6ef41623756a06232727f3718268945d71a207310a,159,train,0ea45102-057d-4bff-b527-f36326f66d33,participacion_social_regional,participacion_social_regional,0.6770401000976562,apps/ml/storage/models/beto-v1-gold-source-aware,9d8861f8406d41050fa57c530224a1e62983e887807fa6047eefcea52356c215,74f80917f6b245d718c201d58e0d3599f2e4b3e0,2f65540a46cb158b252cb686d051386535737b370c461341779835abc1aaa595
artifacts/datasets/gold-v1-source-aware.json,dcd8d90081973b7b9a05ee6ef41623756a06232727f3718268945d71a207310a,160,train,0ea45102-057d-4bff-b527-f36326f66d33,liderazgos_diplomacia_proyectos,participacion_social_regional,0.3945261240005493,apps/ml/storage/models/beto-v1-gold-source-aware,9d8861f8406d41050fa57c530224a1e62983e887807fa6047eefcea52356c215,74f80917f6b245d718c201d58e0d3599f2e4b3e0,bc29ae3ff9beba7d2afb8cae7bcef406a2c20b9636d629cbca28a06660bcf804
artifacts/datasets/gold-v1-source-aware.json,dcd8d90081973b7b9a05ee6ef41623756a06232727f3718268945d71a207310a,161,train,e32181bc-41d0-4400-a76d-eb11fc88bf71,campanias_conflictos_militares,campanias_conflictos_militares,0.7303427457809448,apps/ml/storage/models/beto-v1-gold-source-aware,9d8861f8406d41050fa57c530224a1e62983e887807fa6047eefcea52356c215,74f80917f6b245d718c201d58e0d3599f2e4b3e0,ba744376d7cc733deb7086f3273df308ca4860559c03f890c842b8fcadd4cbca
artifacts/datasets/gold-v1-source-aware.json,dcd8d90081973b7b9a05ee6ef41623756a06232727f3718268945d71a207310a,162,val,b23a4bf1-b9f4-4c08-bb89-a4cf4a67e004,contexto_colonial_antecedentes,contexto_colonial_antecedentes,0.5960541367530823,apps/ml/storage/models/beto-v1-gold-source-aware,9d8861f8406d41050fa57c530224a1e62983e887807fa6047eefcea52356c215,74f80917f6b245d718c201d58e0d3599f2e4b3e0,02390df6271fca6907b2a50a0af10b6076ca341e81ecdb2e04bce96fbd1798cb
artifacts/datasets/gold-v1-source-aware.json,dcd8d90081973b7b9a05ee6ef41623756a06232727f3718268945d71a207310a,163,val,b23a4bf1-b9f4-4c08-bb89-a4cf4a67e004,contexto_colonial_antecedentes,contexto_colonial_antecedentes,0.5404552221298218,apps/ml/storage/models/beto-v1-gold-source-aware,9d8861f8406d41050fa57c530224a1e62983e887807fa6047eefcea52356c215,74f80917f6b245d718c201d58e0d3599f2e4b3e0,d1957e66fec7f2619357ff7610c9184442db6a499f9892a64264f079e50712dc
artifacts/datasets/gold-v1-source-aware.json,dcd8d90081973b7b9a05ee6ef41623756a06232727f3718268945d71a207310a,164,train,e32181bc-41d0-4400-a76d-eb11fc88bf71,campanias_conflictos_militares,campanias_conflictos_militares,0.7049815058708191,apps/ml/storage/models/beto-v1-gold-source-aware,9d8861f8406d41050fa57c530224a1e62983e887807fa6047eefcea52356c215,74f80917f6b245d718c201d58e0d3599f2e4b3e0,52e47fd1d8b1afb1a7bd27e461fd81589735167a14846fc30724e5afbeb2145d
artifacts/datasets/gold-v1-source-aware.json,dcd8d90081973b7b9a05ee6ef41623756a06232727f3718268945d71a207310a,165,val,b23a4bf1-b9f4-4c08-bb89-a4cf4a67e004,contexto_colonial_antecedentes,participacion_social_regional,0.37682491540908813,apps/ml/storage/models/beto-v1-gold-source-aware,9d8861f8406d41050fa57c530224a1e62983e887807fa6047eefcea52356c215,74f80917f6b245d718c201d58e0d3599f2e4b3e0,7290dc39189dade9be0fad19746a107f5534badbbc0ea113457a1e368c512c08
artifacts/datasets/gold-v1-source-aware.json,dcd8d90081973b7b9a05ee6ef41623756a06232727f3718268945d71a207310a,166,train,e32181bc-41d0-4400-a76d-eb11fc88bf71,liderazgos_diplomacia_proyectos,campanias_conflictos_militares,0.5900734663009644,apps/ml/storage/models/beto-v1-gold-source-aware,9d8861f8406d41050fa57c530224a1e62983e887807fa6047eefcea52356c215,74f80917f6b245d718c201d58e0d3599f2e4b3e0,ffbe2c717aee2276944751344f650342296fd2e89e6126e9ce1a48dea1fa7919
artifacts/datasets/gold-v1-source-aware.json,dcd8d90081973b7b9a05ee6ef41623756a06232727f3718268945d71a207310a,167,train,0ea45102-057d-4bff-b527-f36326f66d33,liderazgos_diplomacia_proyectos,liderazgos_diplomacia_proyectos,0.3451807498931885,apps/ml/storage/models/beto-v1-gold-source-aware,9d8861f8406d41050fa57c530224a1e62983e887807fa6047eefcea52356c215,74f80917f6b245d718c201d58e0d3599f2e4b3e0,5041798ba513c755f1a53e271ccdfee6f47e6340bf9412ff0b6e14cf13a7f221
artifacts/datasets/gold-v1-source-aware.json,dcd8d90081973b7b9a05ee6ef41623756a06232727f3718268945d71a207310a,168,train,e32181bc-41d0-4400-a76d-eb11fc88bf71,campanias_conflictos_militares,campanias_conflictos_militares,0.649840235710144,apps/ml/storage/models/beto-v1-gold-source-aware,9d8861f8406d41050fa57c530224a1e62983e887807fa6047eefcea52356c215,74f80917f6b245d718c201d58e0d3599f2e4b3e0,166d57ce96ef64a2dda141e9c4f598dafc6ff40a59e623288eabd3981c444ed0
artifacts/datasets/gold-v1-source-aware.json,dcd8d90081973b7b9a05ee6ef41623756a06232727f3718268945d71a207310a,169,train,e32181bc-41d0-4400-a76d-eb11fc88bf71,campanias_conflictos_militares,campanias_conflictos_militares,0.847947895526886,apps/ml/storage/models/beto-v1-gold-source-aware,9d8861f8406d41050fa57c530224a1e62983e887807fa6047eefcea52356c215,74f80917f6b245d718c201d58e0d3599f2e4b3e0,4e22c80f9be3572aa782cf90106066468b658f457d121bdc2470b74cda406562
artifacts/datasets/gold-v1-source-aware.json,dcd8d90081973b7b9a05ee6ef41623756a06232727f3718268945d71a207310a,170,train,0ea45102-057d-4bff-b527-f36326f66d33,crisis_ideas_emancipadoras,crisis_ideas_emancipadoras,0.514970064163208,apps/ml/storage/models/beto-v1-gold-source-aware,9d8861f8406d41050fa57c530224a1e62983e887807fa6047eefcea52356c215,74f80917f6b245d718c201d58e0d3599f2e4b3e0,f0424a85645f19e61eded34e810055dd1076ff89453e1834523dafe7558ed81d
artifacts/datasets/gold-v1-source-aware.json,dcd8d90081973b7b9a05ee6ef41623756a06232727f3718268945d71a207310a,171,val,b23a4bf1-b9f4-4c08-bb89-a4cf4a67e004,contexto_colonial_antecedentes,contexto_colonial_antecedentes,0.4764518737792969,apps/ml/storage/models/beto-v1-gold-source-aware,9d8861f8406d41050fa57c530224a1e62983e887807fa6047eefcea52356c215,74f80917f6b245d718c201d58e0d3599f2e4b3e0,43b6342c8e2127e772eea0d1e957adeee47043d51840599ef6c2344e463e0d4a
artifacts/datasets/gold-v1-source-aware.json,dcd8d90081973b7b9a05ee6ef41623756a06232727f3718268945d71a207310a,172,test,4ca9c84a-627b-4027-8216-fdc07c506727,organizacion_consecuencias_republicanas,campanias_conflictos_militares,0.49720752239227295,apps/ml/storage/models/beto-v1-gold-source-aware,9d8861f8406d41050fa57c530224a1e62983e887807fa6047eefcea52356c215,74f80917f6b245d718c201d58e0d3599f2e4b3e0,600ee1b1c7af8d0e21c186e2dca5eea38163f5a976fdd7179faadb40e7e7172f
artifacts/datasets/gold-v1-source-aware.json,dcd8d90081973b7b9a05ee6ef41623756a06232727f3718268945d71a207310a,173,train,e32181bc-41d0-4400-a76d-eb11fc88bf71,campanias_conflictos_militares,campanias_conflictos_militares,0.8545114398002625,apps/ml/storage/models/beto-v1-gold-source-aware,9d8861f8406d41050fa57c530224a1e62983e887807fa6047eefcea52356c215,74f80917f6b245d718c201d58e0d3599f2e4b3e0,7682334caa6baed608a1dd1f48fdeb632b81d4417561252fc37d2b77d7ea059f
artifacts/datasets/gold-v1-source-aware.json,dcd8d90081973b7b9a05ee6ef41623756a06232727f3718268945d71a207310a,174,val,b23a4bf1-b9f4-4c08-bb89-a4cf4a67e004,no_relevante,no_relevante,0.4221533238887787,apps/ml/storage/models/beto-v1-gold-source-aware,9d8861f8406d41050fa57c530224a1e62983e887807fa6047eefcea52356c215,74f80917f6b245d718c201d58e0d3599f2e4b3e0,8e8d2186a17e9d68235332b60e7b40a929909b72690f00bb8acf24d61fb1c32d
artifacts/datasets/gold-v1-source-aware.json,dcd8d90081973b7b9a05ee6ef41623756a06232727f3718268945d71a207310a,175,val,b23a4bf1-b9f4-4c08-bb89-a4cf4a67e004,crisis_ideas_emancipadoras,participacion_social_regional,0.32709774374961853,apps/ml/storage/models/beto-v1-gold-source-aware,9d8861f8406d41050fa57c530224a1e62983e887807fa6047eefcea52356c215,74f80917f6b245d718c201d58e0d3599f2e4b3e0,b92bbde2e2b351edc058c8adf1f0afd29c40c52a236aaa66d780aa8309fab27c
artifacts/datasets/gold-v1-source-aware.json,dcd8d90081973b7b9a05ee6ef41623756a06232727f3718268945d71a207310a,176,train,e32181bc-41d0-4400-a76d-eb11fc88bf71,liderazgos_diplomacia_proyectos,participacion_social_regional,0.40846794843673706,apps/ml/storage/models/beto-v1-gold-source-aware,9d8861f8406d41050fa57c530224a1e62983e887807fa6047eefcea52356c215,74f80917f6b245d718c201d58e0d3599f2e4b3e0,b4d3be842c8264092850901e7ea756985d53a391858c8ad348c241f22b34d1a4
artifacts/datasets/gold-v1-source-aware.json,dcd8d90081973b7b9a05ee6ef41623756a06232727f3718268945d71a207310a,177,train,0ea45102-057d-4bff-b527-f36326f66d33,no_relevante,no_relevante,0.8727013468742371,apps/ml/storage/models/beto-v1-gold-source-aware,9d8861f8406d41050fa57c530224a1e62983e887807fa6047eefcea52356c215,74f80917f6b245d718c201d58e0d3599f2e4b3e0,28dd8e326e0d493dd8b07845533cae67e5323a9978b48ce90b8ebb16f35febf6
artifacts/datasets/gold-v1-source-aware.json,dcd8d90081973b7b9a05ee6ef41623756a06232727f3718268945d71a207310a,178,train,0ea45102-057d-4bff-b527-f36326f66d33,crisis_ideas_emancipadoras,crisis_ideas_emancipadoras,0.3004467487335205,apps/ml/storage/models/beto-v1-gold-source-aware,9d8861f8406d41050fa57c530224a1e62983e887807fa6047eefcea52356c215,74f80917f6b245d718c201d58e0d3599f2e4b3e0,a6cea9f608c8ef29d133fe10567fde9d242e8981b6c22814e1f33eecc0ad4221
artifacts/datasets/gold-v1-source-aware.json,dcd8d90081973b7b9a05ee6ef41623756a06232727f3718268945d71a207310a,179,val,b23a4bf1-b9f4-4c08-bb89-a4cf4a67e004,contexto_colonial_antecedentes,contexto_colonial_antecedentes,0.3481278121471405,apps/ml/storage/models/beto-v1-gold-source-aware,9d8861f8406d41050fa57c530224a1e62983e887807fa6047eefcea52356c215,74f80917f6b245d718c201d58e0d3599f2e4b3e0,cf486c3c5a034ab1dbd5d60b47bc8e82d2682e591199841cb1d3f4576a3d3306
artifacts/datasets/gold-v1-source-aware.json,dcd8d90081973b7b9a05ee6ef41623756a06232727f3718268945d71a207310a,180,val,b23a4bf1-b9f4-4c08-bb89-a4cf4a67e004,crisis_ideas_emancipadoras,crisis_ideas_emancipadoras,0.3142932653427124,apps/ml/storage/models/beto-v1-gold-source-aware,9d8861f8406d41050fa57c530224a1e62983e887807fa6047eefcea52356c215,74f80917f6b245d718c201d58e0d3599f2e4b3e0,0292db147b9d057b4980326dfeae95019b12f7bd2e929caa95095cc130f11ad8
artifacts/datasets/gold-v1-source-aware.json,dcd8d90081973b7b9a05ee6ef41623756a06232727f3718268945d71a207310a,181,val,b23a4bf1-b9f4-4c08-bb89-a4cf4a67e004,contexto_colonial_antecedentes,participacion_social_regional,0.29937100410461426,apps/ml/storage/models/beto-v1-gold-source-aware,9d8861f8406d41050fa57c530224a1e62983e887807fa6047eefcea52356c215,74f80917f6b245d718c201d58e0d3599f2e4b3e0,84522377f03a2ec1dce742a3530b1f4674f95121eef186bf4532d9a778816552
artifacts/datasets/gold-v1-source-aware.json,dcd8d90081973b7b9a05ee6ef41623756a06232727f3718268945d71a207310a,182,train,e32181bc-41d0-4400-a76d-eb11fc88bf71,liderazgos_diplomacia_proyectos,participacion_social_regional,0.3718034327030182,apps/ml/storage/models/beto-v1-gold-source-aware,9d8861f8406d41050fa57c530224a1e62983e887807fa6047eefcea52356c215,74f80917f6b245d718c201d58e0d3599f2e4b3e0,b7ee6e28f8148efb35f3186fb560d7697c750e8e2ff27b0c0b5d28cf6c734cbd
artifacts/datasets/gold-v1-source-aware.json,dcd8d90081973b7b9a05ee6ef41623756a06232727f3718268945d71a207310a,183,val,b23a4bf1-b9f4-4c08-bb89-a4cf4a67e004,contexto_colonial_antecedentes,contexto_colonial_antecedentes,0.49082279205322266,apps/ml/storage/models/beto-v1-gold-source-aware,9d8861f8406d41050fa57c530224a1e62983e887807fa6047eefcea52356c215,74f80917f6b245d718c201d58e0d3599f2e4b3e0,d4db58d9c579b070f25a6834fa801254671109f5c5b219e4ae73282f548b22c2
artifacts/datasets/gold-v1-source-aware.json,dcd8d90081973b7b9a05ee6ef41623756a06232727f3718268945d71a207310a,184,val,b23a4bf1-b9f4-4c08-bb89-a4cf4a67e004,contexto_colonial_antecedentes,contexto_colonial_antecedentes,0.6632562279701233,apps/ml/storage/models/beto-v1-gold-source-aware,9d8861f8406d41050fa57c530224a1e62983e887807fa6047eefcea52356c215,74f80917f6b245d718c201d58e0d3599f2e4b3e0,1721ce8319bc299f68825f8e6a866b81d3a19a9f0fe1146da29215b95bf93e85
artifacts/datasets/gold-v1-source-aware.json,dcd8d90081973b7b9a05ee6ef41623756a06232727f3718268945d71a207310a,185,train,0ea45102-057d-4bff-b527-f36326f66d33,liderazgos_diplomacia_proyectos,crisis_ideas_emancipadoras,0.27674031257629395,apps/ml/storage/models/beto-v1-gold-source-aware,9d8861f8406d41050fa57c530224a1e62983e887807fa6047eefcea52356c215,74f80917f6b245d718c201d58e0d3599f2e4b3e0,415fafb88d437320cb19da0de5f8b8817a0426defc7891546dcde0d3662786d3
artifacts/datasets/gold-v1-source-aware.json,dcd8d90081973b7b9a05ee6ef41623756a06232727f3718268945d71a207310a,186,train,0ea45102-057d-4bff-b527-f36326f66d33,liderazgos_diplomacia_proyectos,liderazgos_diplomacia_proyectos,0.3345234990119934,apps/ml/storage/models/beto-v1-gold-source-aware,9d8861f8406d41050fa57c530224a1e62983e887807fa6047eefcea52356c215,74f80917f6b245d718c201d58e0d3599f2e4b3e0,90b4bb72412aecf51e8c4562adc6485d4de23848eea5047ff740b1354988aca5
artifacts/datasets/gold-v1-source-aware.json,dcd8d90081973b7b9a05ee6ef41623756a06232727f3718268945d71a207310a,187,val,b23a4bf1-b9f4-4c08-bb89-a4cf4a67e004,contexto_colonial_antecedentes,contexto_colonial_antecedentes,0.4981635510921478,apps/ml/storage/models/beto-v1-gold-source-aware,9d8861f8406d41050fa57c530224a1e62983e887807fa6047eefcea52356c215,74f80917f6b245d718c201d58e0d3599f2e4b3e0,fcf851be705fca07de527adc2aef35a13301fe7169ae9d22d95fe50ad1157df6
artifacts/datasets/gold-v1-source-aware.json,dcd8d90081973b7b9a05ee6ef41623756a06232727f3718268945d71a207310a,188,test,4ca9c84a-627b-4027-8216-fdc07c506727,no_relevante,no_relevante,0.8855056762695312,apps/ml/storage/models/beto-v1-gold-source-aware,9d8861f8406d41050fa57c530224a1e62983e887807fa6047eefcea52356c215,74f80917f6b245d718c201d58e0d3599f2e4b3e0,6ac310ebc49b04744c3c21ff9206bc7b99388abebcee4b07900c592cb1f3ed49
artifacts/datasets/gold-v1-source-aware.json,dcd8d90081973b7b9a05ee6ef41623756a06232727f3718268945d71a207310a,189,train,0ea45102-057d-4bff-b527-f36326f66d33,liderazgos_diplomacia_proyectos,liderazgos_diplomacia_proyectos,0.4084365665912628,apps/ml/storage/models/beto-v1-gold-source-aware,9d8861f8406d41050fa57c530224a1e62983e887807fa6047eefcea52356c215,74f80917f6b245d718c201d58e0d3599f2e4b3e0,2c9475a2de42e65a96b9b3d2dd8b5b80be279dd92833c00ce3a6d0b637f99315
artifacts/datasets/gold-v1-source-aware.json,dcd8d90081973b7b9a05ee6ef41623756a06232727f3718268945d71a207310a,190,train,0ea45102-057d-4bff-b527-f36326f66d33,crisis_ideas_emancipadoras,crisis_ideas_emancipadoras,0.5146370530128479,apps/ml/storage/models/beto-v1-gold-source-aware,9d8861f8406d41050fa57c530224a1e62983e887807fa6047eefcea52356c215,74f80917f6b245d718c201d58e0d3599f2e4b3e0,7717b19d7b2410f4962d0284b4aff9189e8babfe68d483b46d8c51c18f0ad113
artifacts/datasets/gold-v1-source-aware.json,dcd8d90081973b7b9a05ee6ef41623756a06232727f3718268945d71a207310a,191,train,0ea45102-057d-4bff-b527-f36326f66d33,crisis_ideas_emancipadoras,crisis_ideas_emancipadoras,0.5796045064926147,apps/ml/storage/models/beto-v1-gold-source-aware,9d8861f8406d41050fa57c530224a1e62983e887807fa6047eefcea52356c215,74f80917f6b245d718c201d58e0d3599f2e4b3e0,928deac62ad748614ae59b08dbe4c8d0045fb263ef34ad0b7628535e521215bf
artifacts/datasets/gold-v1-source-aware.json,dcd8d90081973b7b9a05ee6ef41623756a06232727f3718268945d71a207310a,192,train,0ea45102-057d-4bff-b527-f36326f66d33,crisis_ideas_emancipadoras,crisis_ideas_emancipadoras,0.612043559551239,apps/ml/storage/models/beto-v1-gold-source-aware,9d8861f8406d41050fa57c530224a1e62983e887807fa6047eefcea52356c215,74f80917f6b245d718c201d58e0d3599f2e4b3e0,0fdd09a88684f855b699426902f9c242a8e232e9630dfaf79f91049f70994180
artifacts/datasets/gold-v1-source-aware.json,dcd8d90081973b7b9a05ee6ef41623756a06232727f3718268945d71a207310a,193,train,0ea45102-057d-4bff-b527-f36326f66d33,participacion_social_regional,participacion_social_regional,0.6266074776649475,apps/ml/storage/models/beto-v1-gold-source-aware,9d8861f8406d41050fa57c530224a1e62983e887807fa6047eefcea52356c215,74f80917f6b245d718c201d58e0d3599f2e4b3e0,a2996f557e335f07d995171ffc55b8fab3f766acf422b48beca3cb01c694806c
artifacts/datasets/gold-v1-source-aware.json,dcd8d90081973b7b9a05ee6ef41623756a06232727f3718268945d71a207310a,194,train,0ea45102-057d-4bff-b527-f36326f66d33,liderazgos_diplomacia_proyectos,liderazgos_diplomacia_proyectos,0.4034895896911621,apps/ml/storage/models/beto-v1-gold-source-aware,9d8861f8406d41050fa57c530224a1e62983e887807fa6047eefcea52356c215,74f80917f6b245d718c201d58e0d3599f2e4b3e0,a0f5a3fe8a38fbbc6b7bdd6b71f828ad17a1f81b5e3939657d429b7e3a2210dd
artifacts/datasets/gold-v1-source-aware.json,dcd8d90081973b7b9a05ee6ef41623756a06232727f3718268945d71a207310a,195,test,15e52806-3d75-4117-937d-7c7eda594579,no_relevante,no_relevante,0.7721079587936401,apps/ml/storage/models/beto-v1-gold-source-aware,9d8861f8406d41050fa57c530224a1e62983e887807fa6047eefcea52356c215,74f80917f6b245d718c201d58e0d3599f2e4b3e0,c10cae4bbf5a201310781f1addfd60dbcc5490e4050368e76ef4fa30a21a3c35
artifacts/datasets/gold-v1-source-aware.json,dcd8d90081973b7b9a05ee6ef41623756a06232727f3718268945d71a207310a,196,train,0ea45102-057d-4bff-b527-f36326f66d33,liderazgos_diplomacia_proyectos,crisis_ideas_emancipadoras,0.3635152578353882,apps/ml/storage/models/beto-v1-gold-source-aware,9d8861f8406d41050fa57c530224a1e62983e887807fa6047eefcea52356c215,74f80917f6b245d718c201d58e0d3599f2e4b3e0,9c17b7ec8703a14363da2de9f3b79ee9d003fa514aef16a774f189e07931a734
artifacts/datasets/gold-v1-source-aware.json,dcd8d90081973b7b9a05ee6ef41623756a06232727f3718268945d71a207310a,197,train,0ea45102-057d-4bff-b527-f36326f66d33,liderazgos_diplomacia_proyectos,participacion_social_regional,0.5196517705917358,apps/ml/storage/models/beto-v1-gold-source-aware,9d8861f8406d41050fa57c530224a1e62983e887807fa6047eefcea52356c215,74f80917f6b245d718c201d58e0d3599f2e4b3e0,ae7e3c75ecc41664f39d1cad3db492cb7e4051a9d75bb87432897b0b48f73ec9
artifacts/datasets/gold-v1-source-aware.json,dcd8d90081973b7b9a05ee6ef41623756a06232727f3718268945d71a207310a,198,train,0ea45102-057d-4bff-b527-f36326f66d33,liderazgos_diplomacia_proyectos,participacion_social_regional,0.6316689252853394,apps/ml/storage/models/beto-v1-gold-source-aware,9d8861f8406d41050fa57c530224a1e62983e887807fa6047eefcea52356c215,74f80917f6b245d718c201d58e0d3599f2e4b3e0,6e3eae8f947434b059e5a978367da935061b793c352f12d8261228062d78ef2f
artifacts/datasets/gold-v1-source-aware.json,dcd8d90081973b7b9a05ee6ef41623756a06232727f3718268945d71a207310a,199,train,0ea45102-057d-4bff-b527-f36326f66d33,liderazgos_diplomacia_proyectos,liderazgos_diplomacia_proyectos,0.3199029564857483,apps/ml/storage/models/beto-v1-gold-source-aware,9d8861f8406d41050fa57c530224a1e62983e887807fa6047eefcea52356c215,74f80917f6b245d718c201d58e0d3599f2e4b3e0,81ff72674f4582903496fb7fabe0415784b30176e5a823cfe92fb0a02dbef0cf
artifacts/datasets/gold-v1-source-aware.json,dcd8d90081973b7b9a05ee6ef41623756a06232727f3718268945d71a207310a,200,test,15e52806-3d75-4117-937d-7c7eda594579,organizacion_consecuencias_republicanas,crisis_ideas_emancipadoras,0.3945324718952179,apps/ml/storage/models/beto-v1-gold-source-aware,9d8861f8406d41050fa57c530224a1e62983e887807fa6047eefcea52356c215,74f80917f6b245d718c201d58e0d3599f2e4b3e0,c5484dd620d5291a53d3895c931a455c713c78b70437c7af71607e17604e5f45
artifacts/datasets/gold-v1-source-aware.json,dcd8d90081973b7b9a05ee6ef41623756a06232727f3718268945d71a207310a,201,train,0ea45102-057d-4bff-b527-f36326f66d33,no_relevante,no_relevante,0.9217346906661987,apps/ml/storage/models/beto-v1-gold-source-aware,9d8861f8406d41050fa57c530224a1e62983e887807fa6047eefcea52356c215,74f80917f6b245d718c201d58e0d3599f2e4b3e0,d13da8611c42702e7c6d825befdbb78f965111745e4cfeffe108898ee37ff861
artifacts/datasets/gold-v1-source-aware.json,dcd8d90081973b7b9a05ee6ef41623756a06232727f3718268945d71a207310a,202,train,0ea45102-057d-4bff-b527-f36326f66d33,contexto_colonial_antecedentes,contexto_colonial_antecedentes,0.3805546164512634,apps/ml/storage/models/beto-v1-gold-source-aware,9d8861f8406d41050fa57c530224a1e62983e887807fa6047eefcea52356c215,74f80917f6b245d718c201d58e0d3599f2e4b3e0,ca064fdb29904855a4997f81234262b47e3b52a1a39926fafc8bbc1b61abe40a
artifacts/datasets/gold-v1-source-aware.json,dcd8d90081973b7b9a05ee6ef41623756a06232727f3718268945d71a207310a,203,train,0ea45102-057d-4bff-b527-f36326f66d33,crisis_ideas_emancipadoras,crisis_ideas_emancipadoras,0.41882771253585815,apps/ml/storage/models/beto-v1-gold-source-aware,9d8861f8406d41050fa57c530224a1e62983e887807fa6047eefcea52356c215,74f80917f6b245d718c201d58e0d3599f2e4b3e0,1a6219ebdfa2a7870378001b2e92321adbc6c0734485082bf40666c3fa9bb7b5
artifacts/datasets/gold-v1-source-aware.json,dcd8d90081973b7b9a05ee6ef41623756a06232727f3718268945d71a207310a,204,train,0ea45102-057d-4bff-b527-f36326f66d33,liderazgos_diplomacia_proyectos,participacion_social_regional,0.4027356505393982,apps/ml/storage/models/beto-v1-gold-source-aware,9d8861f8406d41050fa57c530224a1e62983e887807fa6047eefcea52356c215,74f80917f6b245d718c201d58e0d3599f2e4b3e0,45b4d84767ce96f2e75d146e20982b089cb71b26a2eece7e2540899162d6ccd6
artifacts/datasets/gold-v1-source-aware.json,dcd8d90081973b7b9a05ee6ef41623756a06232727f3718268945d71a207310a,205,val,b23a4bf1-b9f4-4c08-bb89-a4cf4a67e004,contexto_colonial_antecedentes,contexto_colonial_antecedentes,0.44330450892448425,apps/ml/storage/models/beto-v1-gold-source-aware,9d8861f8406d41050fa57c530224a1e62983e887807fa6047eefcea52356c215,74f80917f6b245d718c201d58e0d3599f2e4b3e0,bb55c8c9173928f3ef17cabb675718d1048cf03c9a8b50aa10fbff3a3d5625ed
artifacts/datasets/gold-v1-source-aware.json,dcd8d90081973b7b9a05ee6ef41623756a06232727f3718268945d71a207310a,206,train,0ea45102-057d-4bff-b527-f36326f66d33,organizacion_consecuencias_republicanas,contexto_colonial_antecedentes,0.3622778058052063,apps/ml/storage/models/beto-v1-gold-source-aware,9d8861f8406d41050fa57c530224a1e62983e887807fa6047eefcea52356c215,74f80917f6b245d718c201d58e0d3599f2e4b3e0,cb33f5d4cffbfd5f531938ea0ecdbbc74ac888df60591dd6a7ff3965ff417287
artifacts/datasets/gold-v1-source-aware.json,dcd8d90081973b7b9a05ee6ef41623756a06232727f3718268945d71a207310a,207,train,0ea45102-057d-4bff-b527-f36326f66d33,no_relevante,no_relevante,0.9170219898223877,apps/ml/storage/models/beto-v1-gold-source-aware,9d8861f8406d41050fa57c530224a1e62983e887807fa6047eefcea52356c215,74f80917f6b245d718c201d58e0d3599f2e4b3e0,92ea25789dba75903fd7d1a19f2e71f774642f141620810e7ae581f37482d602
artifacts/datasets/gold-v1-source-aware.json,dcd8d90081973b7b9a05ee6ef41623756a06232727f3718268945d71a207310a,208,val,b23a4bf1-b9f4-4c08-bb89-a4cf4a67e004,contexto_colonial_antecedentes,contexto_colonial_antecedentes,0.6062124371528625,apps/ml/storage/models/beto-v1-gold-source-aware,9d8861f8406d41050fa57c530224a1e62983e887807fa6047eefcea52356c215,74f80917f6b245d718c201d58e0d3599f2e4b3e0,da54fa8684ebdd56e94f022fe974b5334573591532d6d6e526862b3b10e729c6
artifacts/datasets/gold-v1-source-aware.json,dcd8d90081973b7b9a05ee6ef41623756a06232727f3718268945d71a207310a,209,val,b23a4bf1-b9f4-4c08-bb89-a4cf4a67e004,contexto_colonial_antecedentes,participacion_social_regional,0.34645727276802063,apps/ml/storage/models/beto-v1-gold-source-aware,9d8861f8406d41050fa57c530224a1e62983e887807fa6047eefcea52356c215,74f80917f6b245d718c201d58e0d3599f2e4b3e0,4c7588b7bce0c858c647e64f8ae166220daca6b9b101e695bb48c2ff00328a9c
artifacts/datasets/gold-v1-source-aware.json,dcd8d90081973b7b9a05ee6ef41623756a06232727f3718268945d71a207310a,210,val,b23a4bf1-b9f4-4c08-bb89-a4cf4a67e004,contexto_colonial_antecedentes,contexto_colonial_antecedentes,0.5651983022689819,apps/ml/storage/models/beto-v1-gold-source-aware,9d8861f8406d41050fa57c530224a1e62983e887807fa6047eefcea52356c215,74f80917f6b245d718c201d58e0d3599f2e4b3e0,494244120ec246f0241169a01689706f2aa8936cc76d86fc4159247e70f19925
artifacts/datasets/gold-v1-source-aware.json,dcd8d90081973b7b9a05ee6ef41623756a06232727f3718268945d71a207310a,211,val,b23a4bf1-b9f4-4c08-bb89-a4cf4a67e004,contexto_colonial_antecedentes,contexto_colonial_antecedentes,0.311418354511261,apps/ml/storage/models/beto-v1-gold-source-aware,9d8861f8406d41050fa57c530224a1e62983e887807fa6047eefcea52356c215,74f80917f6b245d718c201d58e0d3599f2e4b3e0,f3de676ad725a31a90c415704cc57d1b0dcdbd2d5e72348e850b35f741da6424
artifacts/datasets/gold-v1-source-aware.json,dcd8d90081973b7b9a05ee6ef41623756a06232727f3718268945d71a207310a,212,val,b23a4bf1-b9f4-4c08-bb89-a4cf4a67e004,crisis_ideas_emancipadoras,contexto_colonial_antecedentes,0.4462698698043823,apps/ml/storage/models/beto-v1-gold-source-aware,9d8861f8406d41050fa57c530224a1e62983e887807fa6047eefcea52356c215,74f80917f6b245d718c201d58e0d3599f2e4b3e0,2671aea4d4f5a95b195ef279ffaa203c495eb2a081bd212484168e5c5c7a3997
artifacts/datasets/gold-v1-source-aware.json,dcd8d90081973b7b9a05ee6ef41623756a06232727f3718268945d71a207310a,213,val,b23a4bf1-b9f4-4c08-bb89-a4cf4a67e004,crisis_ideas_emancipadoras,organizacion_consecuencias_republicanas,0.5635120868682861,apps/ml/storage/models/beto-v1-gold-source-aware,9d8861f8406d41050fa57c530224a1e62983e887807fa6047eefcea52356c215,74f80917f6b245d718c201d58e0d3599f2e4b3e0,cf505bf9c9e32872d23487b7567b0081199f1c5154f5b3d5a518614900737916
artifacts/datasets/gold-v1-source-aware.json,dcd8d90081973b7b9a05ee6ef41623756a06232727f3718268945d71a207310a,214,test,15e52806-3d75-4117-937d-7c7eda594579,crisis_ideas_emancipadoras,crisis_ideas_emancipadoras,0.5170115828514099,apps/ml/storage/models/beto-v1-gold-source-aware,9d8861f8406d41050fa57c530224a1e62983e887807fa6047eefcea52356c215,74f80917f6b245d718c201d58e0d3599f2e4b3e0,66c10fb0bc6606a38a2fb0b752154feda0bbb4b43cbaf509d3b7571b559716af
artifacts/datasets/gold-v1-source-aware.json,dcd8d90081973b7b9a05ee6ef41623756a06232727f3718268945d71a207310a,215,test,15e52806-3d75-4117-937d-7c7eda594579,participacion_social_regional,participacion_social_regional,0.3707311749458313,apps/ml/storage/models/beto-v1-gold-source-aware,9d8861f8406d41050fa57c530224a1e62983e887807fa6047eefcea52356c215,74f80917f6b245d718c201d58e0d3599f2e4b3e0,af52a56b6a29246ccfcd16a3410893a6051fb26f891af12c8bd153e9cfe5293e
artifacts/datasets/gold-v1-source-aware.json,dcd8d90081973b7b9a05ee6ef41623756a06232727f3718268945d71a207310a,216,test,15e52806-3d75-4117-937d-7c7eda594579,organizacion_consecuencias_republicanas,liderazgos_diplomacia_proyectos,0.4191945493221283,apps/ml/storage/models/beto-v1-gold-source-aware,9d8861f8406d41050fa57c530224a1e62983e887807fa6047eefcea52356c215,74f80917f6b245d718c201d58e0d3599f2e4b3e0,21a0151ec613056242d4ac9f4e8cd452f111c5e51de62c3dbdf0c022333af51c
artifacts/datasets/gold-v1-source-aware.json,dcd8d90081973b7b9a05ee6ef41623756a06232727f3718268945d71a207310a,217,test,15e52806-3d75-4117-937d-7c7eda594579,crisis_ideas_emancipadoras,crisis_ideas_emancipadoras,0.5583569407463074,apps/ml/storage/models/beto-v1-gold-source-aware,9d8861f8406d41050fa57c530224a1e62983e887807fa6047eefcea52356c215,74f80917f6b245d718c201d58e0d3599f2e4b3e0,85cc24d320dc6d04db7b611606566223f355a1bc43c10269dfde705762436a98
artifacts/datasets/gold-v1-source-aware.json,dcd8d90081973b7b9a05ee6ef41623756a06232727f3718268945d71a207310a,218,val,b23a4bf1-b9f4-4c08-bb89-a4cf4a67e004,crisis_ideas_emancipadoras,organizacion_consecuencias_republicanas,0.5373774170875549,apps/ml/storage/models/beto-v1-gold-source-aware,9d8861f8406d41050fa57c530224a1e62983e887807fa6047eefcea52356c215,74f80917f6b245d718c201d58e0d3599f2e4b3e0,b2696c92df48642586495e58f75fc5db647746b809c08d321fc5d18d5f502e0b
artifacts/datasets/gold-v1-source-aware.json,dcd8d90081973b7b9a05ee6ef41623756a06232727f3718268945d71a207310a,219,val,b23a4bf1-b9f4-4c08-bb89-a4cf4a67e004,liderazgos_diplomacia_proyectos,liderazgos_diplomacia_proyectos,0.44278261065483093,apps/ml/storage/models/beto-v1-gold-source-aware,9d8861f8406d41050fa57c530224a1e62983e887807fa6047eefcea52356c215,74f80917f6b245d718c201d58e0d3599f2e4b3e0,549bbb0f451377831f1d13f57634b8d107cf158810fd24656bf05069b74f103b
artifacts/datasets/gold-v1-source-aware.json,dcd8d90081973b7b9a05ee6ef41623756a06232727f3718268945d71a207310a,220,train,514f190e-5d01-497a-a6ef-648601cd8bdb,crisis_ideas_emancipadoras,crisis_ideas_emancipadoras,0.6856622099876404,apps/ml/storage/models/beto-v1-gold-source-aware,9d8861f8406d41050fa57c530224a1e62983e887807fa6047eefcea52356c215,74f80917f6b245d718c201d58e0d3599f2e4b3e0,8bbfe40c7b80c8a97a0693ca88c42024e0d7bf98544b4b1d2d57b772aa2b28d6
artifacts/datasets/gold-v1-source-aware.json,dcd8d90081973b7b9a05ee6ef41623756a06232727f3718268945d71a207310a,221,test,15e52806-3d75-4117-937d-7c7eda594579,no_relevante,no_relevante,0.7854834794998169,apps/ml/storage/models/beto-v1-gold-source-aware,9d8861f8406d41050fa57c530224a1e62983e887807fa6047eefcea52356c215,74f80917f6b245d718c201d58e0d3599f2e4b3e0,628f95bde1d7bf859a8eaafa36ca315788b9c302f0075905bf6bf6cfc40fc472
artifacts/datasets/gold-v1-source-aware.json,dcd8d90081973b7b9a05ee6ef41623756a06232727f3718268945d71a207310a,222,test,15e52806-3d75-4117-937d-7c7eda594579,crisis_ideas_emancipadoras,crisis_ideas_emancipadoras,0.32520467042922974,apps/ml/storage/models/beto-v1-gold-source-aware,9d8861f8406d41050fa57c530224a1e62983e887807fa6047eefcea52356c215,74f80917f6b245d718c201d58e0d3599f2e4b3e0,e622cf1549e40ebf7d79537b84623c920a17bd3f958586582fd9057930824b65
artifacts/datasets/gold-v1-source-aware.json,dcd8d90081973b7b9a05ee6ef41623756a06232727f3718268945d71a207310a,223,test,15e52806-3d75-4117-937d-7c7eda594579,no_relevante,crisis_ideas_emancipadoras,0.5485900044441223,apps/ml/storage/models/beto-v1-gold-source-aware,9d8861f8406d41050fa57c530224a1e62983e887807fa6047eefcea52356c215,74f80917f6b245d718c201d58e0d3599f2e4b3e0,043afc20d2b324fd16dcac4df336fb9e65c74a9642fe6db5987d712dd387472b
artifacts/datasets/gold-v1-source-aware.json,dcd8d90081973b7b9a05ee6ef41623756a06232727f3718268945d71a207310a,224,val,b23a4bf1-b9f4-4c08-bb89-a4cf4a67e004,organizacion_consecuencias_republicanas,contexto_colonial_antecedentes,0.4986927807331085,apps/ml/storage/models/beto-v1-gold-source-aware,9d8861f8406d41050fa57c530224a1e62983e887807fa6047eefcea52356c215,74f80917f6b245d718c201d58e0d3599f2e4b3e0,3137ced2017ac52c61e69998b5c0128e5af9ada51ddded6578a649c1e4d4fa2a
artifacts/datasets/gold-v1-source-aware.json,dcd8d90081973b7b9a05ee6ef41623756a06232727f3718268945d71a207310a,225,val,b23a4bf1-b9f4-4c08-bb89-a4cf4a67e004,no_relevante,no_relevante,0.6691291332244873,apps/ml/storage/models/beto-v1-gold-source-aware,9d8861f8406d41050fa57c530224a1e62983e887807fa6047eefcea52356c215,74f80917f6b245d718c201d58e0d3599f2e4b3e0,996b1f4925457a7546e023f17290349af42bd22e72bda29b1b860c6f32d7a806
artifacts/datasets/gold-v1-source-aware.json,dcd8d90081973b7b9a05ee6ef41623756a06232727f3718268945d71a207310a,226,test,15e52806-3d75-4117-937d-7c7eda594579,no_relevante,no_relevante,0.857239842414856,apps/ml/storage/models/beto-v1-gold-source-aware,9d8861f8406d41050fa57c530224a1e62983e887807fa6047eefcea52356c215,74f80917f6b245d718c201d58e0d3599f2e4b3e0,05d29c6829416c3a63f38d9067ab5759b3cd732828c88c671c6323ad784c6d5b
artifacts/datasets/gold-v1-source-aware.json,dcd8d90081973b7b9a05ee6ef41623756a06232727f3718268945d71a207310a,227,val,b23a4bf1-b9f4-4c08-bb89-a4cf4a67e004,crisis_ideas_emancipadoras,organizacion_consecuencias_republicanas,0.5585654973983765,apps/ml/storage/models/beto-v1-gold-source-aware,9d8861f8406d41050fa57c530224a1e62983e887807fa6047eefcea52356c215,74f80917f6b245d718c201d58e0d3599f2e4b3e0,e482ee881d6c87acca7e0b80c4100a04d05b58759cdc61f8ae8c6a0889e8ef2a
artifacts/datasets/gold-v1-source-aware.json,dcd8d90081973b7b9a05ee6ef41623756a06232727f3718268945d71a207310a,228,test,15e52806-3d75-4117-937d-7c7eda594579,crisis_ideas_emancipadoras,crisis_ideas_emancipadoras,0.41223999857902527,apps/ml/storage/models/beto-v1-gold-source-aware,9d8861f8406d41050fa57c530224a1e62983e887807fa6047eefcea52356c215,74f80917f6b245d718c201d58e0d3599f2e4b3e0,7977c99bce84636575e08abf21fb91204475fe1060eb3a62f40fc888a52301e9
artifacts/datasets/gold-v1-source-aware.json,dcd8d90081973b7b9a05ee6ef41623756a06232727f3718268945d71a207310a,229,test,15e52806-3d75-4117-937d-7c7eda594579,no_relevante,no_relevante,0.639008641242981,apps/ml/storage/models/beto-v1-gold-source-aware,9d8861f8406d41050fa57c530224a1e62983e887807fa6047eefcea52356c215,74f80917f6b245d718c201d58e0d3599f2e4b3e0,24cdfe79c41d20581f6359ace39d4c31f618425adac95b9724ccde2e30ae0a47
artifacts/datasets/gold-v1-source-aware.json,dcd8d90081973b7b9a05ee6ef41623756a06232727f3718268945d71a207310a,230,test,15e52806-3d75-4117-937d-7c7eda594579,crisis_ideas_emancipadoras,crisis_ideas_emancipadoras,0.4701696038246155,apps/ml/storage/models/beto-v1-gold-source-aware,9d8861f8406d41050fa57c530224a1e62983e887807fa6047eefcea52356c215,74f80917f6b245d718c201d58e0d3599f2e4b3e0,b56271704e81b62a8c4438645e13de03d2819f12bb5171a447db986c060f63a3
artifacts/datasets/gold-v1-source-aware.json,dcd8d90081973b7b9a05ee6ef41623756a06232727f3718268945d71a207310a,231,val,b23a4bf1-b9f4-4c08-bb89-a4cf4a67e004,organizacion_consecuencias_republicanas,organizacion_consecuencias_republicanas,0.5245603322982788,apps/ml/storage/models/beto-v1-gold-source-aware,9d8861f8406d41050fa57c530224a1e62983e887807fa6047eefcea52356c215,74f80917f6b245d718c201d58e0d3599f2e4b3e0,22ce7f5bd033201adfc9551fa1c1ee2e08df5bb2d1bda8d89a0a9bf4662bebc6
artifacts/datasets/gold-v1-source-aware.json,dcd8d90081973b7b9a05ee6ef41623756a06232727f3718268945d71a207310a,232,test,15e52806-3d75-4117-937d-7c7eda594579,crisis_ideas_emancipadoras,crisis_ideas_emancipadoras,0.39835235476493835,apps/ml/storage/models/beto-v1-gold-source-aware,9d8861f8406d41050fa57c530224a1e62983e887807fa6047eefcea52356c215,74f80917f6b245d718c201d58e0d3599f2e4b3e0,013e5a14563090ee5e99a74ead96978f0a45cc8713f761ca6e4fbe0f1a2a8462
artifacts/datasets/gold-v1-source-aware.json,dcd8d90081973b7b9a05ee6ef41623756a06232727f3718268945d71a207310a,233,train,9f60a031-0183-478c-a1f8-a3bdd37d7b0b,participacion_social_regional,participacion_social_regional,0.3396868109703064,apps/ml/storage/models/beto-v1-gold-source-aware,9d8861f8406d41050fa57c530224a1e62983e887807fa6047eefcea52356c215,74f80917f6b245d718c201d58e0d3599f2e4b3e0,1f75726e8e8f080601526f24f275ad72a37f62e30dbd61d6f2257681a4cb6826
artifacts/datasets/gold-v1-source-aware.json,dcd8d90081973b7b9a05ee6ef41623756a06232727f3718268945d71a207310a,234,val,b23a4bf1-b9f4-4c08-bb89-a4cf4a67e004,no_relevante,participacion_social_regional,0.36015328764915466,apps/ml/storage/models/beto-v1-gold-source-aware,9d8861f8406d41050fa57c530224a1e62983e887807fa6047eefcea52356c215,74f80917f6b245d718c201d58e0d3599f2e4b3e0,98720417b20386b437038fd5432e1ba60933404fad067d24431c928b11c9edca
artifacts/datasets/gold-v1-source-aware.json,dcd8d90081973b7b9a05ee6ef41623756a06232727f3718268945d71a207310a,235,test,15e52806-3d75-4117-937d-7c7eda594579,crisis_ideas_emancipadoras,crisis_ideas_emancipadoras,0.5386576056480408,apps/ml/storage/models/beto-v1-gold-source-aware,9d8861f8406d41050fa57c530224a1e62983e887807fa6047eefcea52356c215,74f80917f6b245d718c201d58e0d3599f2e4b3e0,ff6127fa32b1bc91e5ad41c2222b66296e5f0b50bfdd3a5df9d67160aa1b7ffc
artifacts/datasets/gold-v1-source-aware.json,dcd8d90081973b7b9a05ee6ef41623756a06232727f3718268945d71a207310a,236,val,b23a4bf1-b9f4-4c08-bb89-a4cf4a67e004,liderazgos_diplomacia_proyectos,no_relevante,0.6187925338745117,apps/ml/storage/models/beto-v1-gold-source-aware,9d8861f8406d41050fa57c530224a1e62983e887807fa6047eefcea52356c215,74f80917f6b245d718c201d58e0d3599f2e4b3e0,65ebc2952d43efabbdf2c2ec8441a5f646c5a497effa642bc6b86de033c177d1
artifacts/datasets/gold-v1-source-aware.json,dcd8d90081973b7b9a05ee6ef41623756a06232727f3718268945d71a207310a,237,val,b23a4bf1-b9f4-4c08-bb89-a4cf4a67e004,organizacion_consecuencias_republicanas,contexto_colonial_antecedentes,0.35676687955856323,apps/ml/storage/models/beto-v1-gold-source-aware,9d8861f8406d41050fa57c530224a1e62983e887807fa6047eefcea52356c215,74f80917f6b245d718c201d58e0d3599f2e4b3e0,c70310278488e072b730846f88c4c9a0127f592b8db8a310098d8fa11a894490
artifacts/datasets/gold-v1-source-aware.json,dcd8d90081973b7b9a05ee6ef41623756a06232727f3718268945d71a207310a,238,val,b23a4bf1-b9f4-4c08-bb89-a4cf4a67e004,no_relevante,no_relevante,0.4962773621082306,apps/ml/storage/models/beto-v1-gold-source-aware,9d8861f8406d41050fa57c530224a1e62983e887807fa6047eefcea52356c215,74f80917f6b245d718c201d58e0d3599f2e4b3e0,d64882415e8001ce482ade60da4314d9ac8836171221f72d05a9eb9ed3442bc4
artifacts/datasets/gold-v1-source-aware.json,dcd8d90081973b7b9a05ee6ef41623756a06232727f3718268945d71a207310a,239,val,b23a4bf1-b9f4-4c08-bb89-a4cf4a67e004,crisis_ideas_emancipadoras,organizacion_consecuencias_republicanas,0.4171052873134613,apps/ml/storage/models/beto-v1-gold-source-aware,9d8861f8406d41050fa57c530224a1e62983e887807fa6047eefcea52356c215,74f80917f6b245d718c201d58e0d3599f2e4b3e0,009e8f9bc4e032b62a5c32bac293e9c8e2b1201b4c22950ccfcaa23c8e9a5a0a
artifacts/datasets/gold-v1-source-aware.json,dcd8d90081973b7b9a05ee6ef41623756a06232727f3718268945d71a207310a,240,val,b23a4bf1-b9f4-4c08-bb89-a4cf4a67e004,no_relevante,no_relevante,0.6117965579032898,apps/ml/storage/models/beto-v1-gold-source-aware,9d8861f8406d41050fa57c530224a1e62983e887807fa6047eefcea52356c215,74f80917f6b245d718c201d58e0d3599f2e4b3e0,e6671edae5f843f790c3cfd1d712c24b6f5142e375dea17c6fe5532ce04a75f2
artifacts/datasets/gold-v1-source-aware.json,dcd8d90081973b7b9a05ee6ef41623756a06232727f3718268945d71a207310a,241,val,b23a4bf1-b9f4-4c08-bb89-a4cf4a67e004,crisis_ideas_emancipadoras,organizacion_consecuencias_republicanas,0.5462276935577393,apps/ml/storage/models/beto-v1-gold-source-aware,9d8861f8406d41050fa57c530224a1e62983e887807fa6047eefcea52356c215,74f80917f6b245d718c201d58e0d3599f2e4b3e0,d6af2a58cb96e0556fecde61d84b3c3a43c88d12dc799805c58126b1b5a2e222
artifacts/datasets/gold-v1-source-aware.json,dcd8d90081973b7b9a05ee6ef41623756a06232727f3718268945d71a207310a,242,val,b23a4bf1-b9f4-4c08-bb89-a4cf4a67e004,contexto_colonial_antecedentes,contexto_colonial_antecedentes,0.5019879937171936,apps/ml/storage/models/beto-v1-gold-source-aware,9d8861f8406d41050fa57c530224a1e62983e887807fa6047eefcea52356c215,74f80917f6b245d718c201d58e0d3599f2e4b3e0,d1c2622da4de302051dc6b02084aca46b2eb6ade0d688ae2f6618413504a7ad7
artifacts/datasets/gold-v1-source-aware.json,dcd8d90081973b7b9a05ee6ef41623756a06232727f3718268945d71a207310a,243,val,b23a4bf1-b9f4-4c08-bb89-a4cf4a67e004,crisis_ideas_emancipadoras,contexto_colonial_antecedentes,0.5071735978126526,apps/ml/storage/models/beto-v1-gold-source-aware,9d8861f8406d41050fa57c530224a1e62983e887807fa6047eefcea52356c215,74f80917f6b245d718c201d58e0d3599f2e4b3e0,a3499e5a83df1dead8d22149709f79b36524c8ab009252b49a6f16d0e080751a
artifacts/datasets/gold-v1-source-aware.json,dcd8d90081973b7b9a05ee6ef41623756a06232727f3718268945d71a207310a,244,val,b23a4bf1-b9f4-4c08-bb89-a4cf4a67e004,participacion_social_regional,organizacion_consecuencias_republicanas,0.3909502625465393,apps/ml/storage/models/beto-v1-gold-source-aware,9d8861f8406d41050fa57c530224a1e62983e887807fa6047eefcea52356c215,74f80917f6b245d718c201d58e0d3599f2e4b3e0,7750096c37548cabac01e8270935390baeb99e1a30ae3f655c30a153ac2cb60c
artifacts/datasets/gold-v1-source-aware.json,dcd8d90081973b7b9a05ee6ef41623756a06232727f3718268945d71a207310a,245,val,b23a4bf1-b9f4-4c08-bb89-a4cf4a67e004,liderazgos_diplomacia_proyectos,liderazgos_diplomacia_proyectos,0.3392808735370636,apps/ml/storage/models/beto-v1-gold-source-aware,9d8861f8406d41050fa57c530224a1e62983e887807fa6047eefcea52356c215,74f80917f6b245d718c201d58e0d3599f2e4b3e0,23af1bf68e076ff9088577507f50c2bf8d001b6b184fcfd5ff3a4fb0af7e8867
artifacts/datasets/gold-v1-source-aware.json,dcd8d90081973b7b9a05ee6ef41623756a06232727f3718268945d71a207310a,246,val,b23a4bf1-b9f4-4c08-bb89-a4cf4a67e004,no_relevante,participacion_social_regional,0.3337893486022949,apps/ml/storage/models/beto-v1-gold-source-aware,9d8861f8406d41050fa57c530224a1e62983e887807fa6047eefcea52356c215,74f80917f6b245d718c201d58e0d3599f2e4b3e0,2cf3a32f0a21b313a3393762d299f9c83dd429858cb69c3083b2a7555dfac9ae
artifacts/datasets/gold-v1-source-aware.json,dcd8d90081973b7b9a05ee6ef41623756a06232727f3718268945d71a207310a,247,test,15e52806-3d75-4117-937d-7c7eda594579,no_relevante,crisis_ideas_emancipadoras,0.5587826371192932,apps/ml/storage/models/beto-v1-gold-source-aware,9d8861f8406d41050fa57c530224a1e62983e887807fa6047eefcea52356c215,74f80917f6b245d718c201d58e0d3599f2e4b3e0,596ca3d8eb4ca7f471928736c891ad42967c4185f3208643ad7e93940a95786b
artifacts/datasets/gold-v1-source-aware.json,dcd8d90081973b7b9a05ee6ef41623756a06232727f3718268945d71a207310a,248,train,514f190e-5d01-497a-a6ef-648601cd8bdb,crisis_ideas_emancipadoras,crisis_ideas_emancipadoras,0.6600666046142578,apps/ml/storage/models/beto-v1-gold-source-aware,9d8861f8406d41050fa57c530224a1e62983e887807fa6047eefcea52356c215,74f80917f6b245d718c201d58e0d3599f2e4b3e0,062e3a1d0c832645397a0309cb187bf2d86a05a9890d74f8ceb367e474120510
artifacts/datasets/gold-v1-source-aware.json,dcd8d90081973b7b9a05ee6ef41623756a06232727f3718268945d71a207310a,249,val,b23a4bf1-b9f4-4c08-bb89-a4cf4a67e004,crisis_ideas_emancipadoras,organizacion_consecuencias_republicanas,0.5094829797744751,apps/ml/storage/models/beto-v1-gold-source-aware,9d8861f8406d41050fa57c530224a1e62983e887807fa6047eefcea52356c215,74f80917f6b245d718c201d58e0d3599f2e4b3e0,cf80d14d7f6a95b894e81007ec5a59fb117ecff2814cf77da51407ef13c95464
artifacts/datasets/gold-v1-source-aware.json,dcd8d90081973b7b9a05ee6ef41623756a06232727f3718268945d71a207310a,250,val,b23a4bf1-b9f4-4c08-bb89-a4cf4a67e004,crisis_ideas_emancipadoras,organizacion_consecuencias_republicanas,0.5996478199958801,apps/ml/storage/models/beto-v1-gold-source-aware,9d8861f8406d41050fa57c530224a1e62983e887807fa6047eefcea52356c215,74f80917f6b245d718c201d58e0d3599f2e4b3e0,a470796026199d4cf58fe1e2bb2d2797a3917f950fb6cd52ff0912ac709ec9a9
artifacts/datasets/gold-v1-source-aware.json,dcd8d90081973b7b9a05ee6ef41623756a06232727f3718268945d71a207310a,251,train,0ea45102-057d-4bff-b527-f36326f66d33,crisis_ideas_emancipadoras,crisis_ideas_emancipadoras,0.5546015501022339,apps/ml/storage/models/beto-v1-gold-source-aware,9d8861f8406d41050fa57c530224a1e62983e887807fa6047eefcea52356c215,74f80917f6b245d718c201d58e0d3599f2e4b3e0,9e2f8863871c1db5e9b0798593281e0c5617356c2122ac189d3e2d5702b602b4
artifacts/datasets/gold-v1-source-aware.json,dcd8d90081973b7b9a05ee6ef41623756a06232727f3718268945d71a207310a,252,train,0ea45102-057d-4bff-b527-f36326f66d33,liderazgos_diplomacia_proyectos,participacion_social_regional,0.3314513564109802,apps/ml/storage/models/beto-v1-gold-source-aware,9d8861f8406d41050fa57c530224a1e62983e887807fa6047eefcea52356c215,74f80917f6b245d718c201d58e0d3599f2e4b3e0,c31836b874fb8c1e7786812389885b8bf3c2fa5c0a5038225c3b2bb49177092c
artifacts/datasets/gold-v1-source-aware.json,dcd8d90081973b7b9a05ee6ef41623756a06232727f3718268945d71a207310a,253,train,0ea45102-057d-4bff-b527-f36326f66d33,no_relevante,no_relevante,0.8396059274673462,apps/ml/storage/models/beto-v1-gold-source-aware,9d8861f8406d41050fa57c530224a1e62983e887807fa6047eefcea52356c215,74f80917f6b245d718c201d58e0d3599f2e4b3e0,2b69814b9262efad7c10d7e9a56585c26ed01215c1aa9e2be51fbe148eb4b5cb
artifacts/datasets/gold-v1-source-aware.json,dcd8d90081973b7b9a05ee6ef41623756a06232727f3718268945d71a207310a,254,val,b23a4bf1-b9f4-4c08-bb89-a4cf4a67e004,participacion_social_regional,organizacion_consecuencias_republicanas,0.4102869927883148,apps/ml/storage/models/beto-v1-gold-source-aware,9d8861f8406d41050fa57c530224a1e62983e887807fa6047eefcea52356c215,74f80917f6b245d718c201d58e0d3599f2e4b3e0,1a0315ec85fde041c10f3ec55f7289290b7f15f1ac9b77eec9f4a571a1f6cae9
artifacts/datasets/gold-v1-source-aware.json,dcd8d90081973b7b9a05ee6ef41623756a06232727f3718268945d71a207310a,255,val,b23a4bf1-b9f4-4c08-bb89-a4cf4a67e004,organizacion_consecuencias_republicanas,contexto_colonial_antecedentes,0.5970150232315063,apps/ml/storage/models/beto-v1-gold-source-aware,9d8861f8406d41050fa57c530224a1e62983e887807fa6047eefcea52356c215,74f80917f6b245d718c201d58e0d3599f2e4b3e0,0d7dd9983e2b9d967c42e2c64f1b01a62c95af563d28c28878acda8fd7091a58
artifacts/datasets/gold-v1-source-aware.json,dcd8d90081973b7b9a05ee6ef41623756a06232727f3718268945d71a207310a,256,val,b23a4bf1-b9f4-4c08-bb89-a4cf4a67e004,participacion_social_regional,organizacion_consecuencias_republicanas,0.2760051190853119,apps/ml/storage/models/beto-v1-gold-source-aware,9d8861f8406d41050fa57c530224a1e62983e887807fa6047eefcea52356c215,74f80917f6b245d718c201d58e0d3599f2e4b3e0,569f02ce2af7eb4c456338093af702d7fefd49572397f4ce5010d1b1667d949a
artifacts/datasets/gold-v1-source-aware.json,dcd8d90081973b7b9a05ee6ef41623756a06232727f3718268945d71a207310a,257,val,b23a4bf1-b9f4-4c08-bb89-a4cf4a67e004,organizacion_consecuencias_republicanas,organizacion_consecuencias_republicanas,0.2722318172454834,apps/ml/storage/models/beto-v1-gold-source-aware,9d8861f8406d41050fa57c530224a1e62983e887807fa6047eefcea52356c215,74f80917f6b245d718c201d58e0d3599f2e4b3e0,fec20abb4fd1493a36bd1fd884af9b35e751fe151b830d2998b07d43683dab0b
artifacts/datasets/gold-v1-source-aware.json,dcd8d90081973b7b9a05ee6ef41623756a06232727f3718268945d71a207310a,258,val,b23a4bf1-b9f4-4c08-bb89-a4cf4a67e004,no_relevante,contexto_colonial_antecedentes,0.3578677475452423,apps/ml/storage/models/beto-v1-gold-source-aware,9d8861f8406d41050fa57c530224a1e62983e887807fa6047eefcea52356c215,74f80917f6b245d718c201d58e0d3599f2e4b3e0,fa55c152ba674c65fa0cbd4cac8c13f13cb9d9db6feeb7a4b2c049e976bd5544
artifacts/datasets/gold-v1-source-aware.json,dcd8d90081973b7b9a05ee6ef41623756a06232727f3718268945d71a207310a,259,val,b23a4bf1-b9f4-4c08-bb89-a4cf4a67e004,crisis_ideas_emancipadoras,crisis_ideas_emancipadoras,0.25744718313217163,apps/ml/storage/models/beto-v1-gold-source-aware,9d8861f8406d41050fa57c530224a1e62983e887807fa6047eefcea52356c215,74f80917f6b245d718c201d58e0d3599f2e4b3e0,d8b6abc3bdc64b80ec335d9ef16a6f8279d382496358fef8e650927b7f51482a
artifacts/datasets/gold-v1-source-aware.json,dcd8d90081973b7b9a05ee6ef41623756a06232727f3718268945d71a207310a,260,val,b23a4bf1-b9f4-4c08-bb89-a4cf4a67e004,crisis_ideas_emancipadoras,organizacion_consecuencias_republicanas,0.49728333950042725,apps/ml/storage/models/beto-v1-gold-source-aware,9d8861f8406d41050fa57c530224a1e62983e887807fa6047eefcea52356c215,74f80917f6b245d718c201d58e0d3599f2e4b3e0,c80d7ae9616e405273d1ac8b7c4216fa5ea85188e9024e8b7991b608578afb04
artifacts/datasets/gold-v1-source-aware.json,dcd8d90081973b7b9a05ee6ef41623756a06232727f3718268945d71a207310a,261,train,9fecbe5a-9fb2-4002-a088-8a2810db938e,campanias_conflictos_militares,campanias_conflictos_militares,0.7104700207710266,apps/ml/storage/models/beto-v1-gold-source-aware,9d8861f8406d41050fa57c530224a1e62983e887807fa6047eefcea52356c215,74f80917f6b245d718c201d58e0d3599f2e4b3e0,9cbe114e647b1a94c61b226060dcd0c0fa0587e9b5310dbf175ba7b1b41966f4
artifacts/datasets/gold-v1-source-aware.json,dcd8d90081973b7b9a05ee6ef41623756a06232727f3718268945d71a207310a,262,val,b23a4bf1-b9f4-4c08-bb89-a4cf4a67e004,participacion_social_regional,organizacion_consecuencias_republicanas,0.2779700756072998,apps/ml/storage/models/beto-v1-gold-source-aware,9d8861f8406d41050fa57c530224a1e62983e887807fa6047eefcea52356c215,74f80917f6b245d718c201d58e0d3599f2e4b3e0,34caac87bdafccb1dcdd22fa3b520b8ec027094fbb560987c298d9a700cac4cb
artifacts/datasets/gold-v1-source-aware.json,dcd8d90081973b7b9a05ee6ef41623756a06232727f3718268945d71a207310a,263,train,9f60a031-0183-478c-a1f8-a3bdd37d7b0b,organizacion_consecuencias_republicanas,no_relevante,0.2353019118309021,apps/ml/storage/models/beto-v1-gold-source-aware,9d8861f8406d41050fa57c530224a1e62983e887807fa6047eefcea52356c215,74f80917f6b245d718c201d58e0d3599f2e4b3e0,02bef33f18c1cd3490df1142d870baab433df409a855616e41adfe4a824c2c3d
artifacts/datasets/gold-v1-source-aware.json,dcd8d90081973b7b9a05ee6ef41623756a06232727f3718268945d71a207310a,264,train,9f60a031-0183-478c-a1f8-a3bdd37d7b0b,no_relevante,no_relevante,0.9137812852859497,apps/ml/storage/models/beto-v1-gold-source-aware,9d8861f8406d41050fa57c530224a1e62983e887807fa6047eefcea52356c215,74f80917f6b245d718c201d58e0d3599f2e4b3e0,b58cb5b4ee3f604856b0c0292b4f8f8dbadd590de19616d327b9dd871db4fb8e
artifacts/datasets/gold-v1-source-aware.json,dcd8d90081973b7b9a05ee6ef41623756a06232727f3718268945d71a207310a,265,val,b23a4bf1-b9f4-4c08-bb89-a4cf4a67e004,crisis_ideas_emancipadoras,crisis_ideas_emancipadoras,0.3052966594696045,apps/ml/storage/models/beto-v1-gold-source-aware,9d8861f8406d41050fa57c530224a1e62983e887807fa6047eefcea52356c215,74f80917f6b245d718c201d58e0d3599f2e4b3e0,84feffc13d3ccafa288b6657f984219193890bc3c292d24b9b645ee0a5c21e77
artifacts/datasets/gold-v1-source-aware.json,dcd8d90081973b7b9a05ee6ef41623756a06232727f3718268945d71a207310a,266,val,b23a4bf1-b9f4-4c08-bb89-a4cf4a67e004,no_relevante,no_relevante,0.5813320875167847,apps/ml/storage/models/beto-v1-gold-source-aware,9d8861f8406d41050fa57c530224a1e62983e887807fa6047eefcea52356c215,74f80917f6b245d718c201d58e0d3599f2e4b3e0,5235e40d30dbe8cdac8e3568fb0cf32bf51e84e9c7394c205a91877cbf49479d
artifacts/datasets/gold-v1-source-aware.json,dcd8d90081973b7b9a05ee6ef41623756a06232727f3718268945d71a207310a,267,val,b23a4bf1-b9f4-4c08-bb89-a4cf4a67e004,organizacion_consecuencias_republicanas,organizacion_consecuencias_republicanas,0.4500662684440613,apps/ml/storage/models/beto-v1-gold-source-aware,9d8861f8406d41050fa57c530224a1e62983e887807fa6047eefcea52356c215,74f80917f6b245d718c201d58e0d3599f2e4b3e0,59fbd11556a3de07b293ed4f0960582cc751dbf7db17242a20d5a0a235e32240
artifacts/datasets/gold-v1-source-aware.json,dcd8d90081973b7b9a05ee6ef41623756a06232727f3718268945d71a207310a,268,val,b23a4bf1-b9f4-4c08-bb89-a4cf4a67e004,no_relevante,organizacion_consecuencias_republicanas,0.3511967360973358,apps/ml/storage/models/beto-v1-gold-source-aware,9d8861f8406d41050fa57c530224a1e62983e887807fa6047eefcea52356c215,74f80917f6b245d718c201d58e0d3599f2e4b3e0,f40a6ae3aea653811d937a8601ed5e32f119b66a2cdb109c3abb6e1e80610949
artifacts/datasets/gold-v1-source-aware.json,dcd8d90081973b7b9a05ee6ef41623756a06232727f3718268945d71a207310a,269,val,b23a4bf1-b9f4-4c08-bb89-a4cf4a67e004,participacion_social_regional,participacion_social_regional,0.24665240943431854,apps/ml/storage/models/beto-v1-gold-source-aware,9d8861f8406d41050fa57c530224a1e62983e887807fa6047eefcea52356c215,74f80917f6b245d718c201d58e0d3599f2e4b3e0,fc374afad9d669f05810b15a5e7c679314b48bf040c5422af91c3eaba990cbb6
artifacts/datasets/gold-v1-source-aware.json,dcd8d90081973b7b9a05ee6ef41623756a06232727f3718268945d71a207310a,270,val,b23a4bf1-b9f4-4c08-bb89-a4cf4a67e004,participacion_social_regional,organizacion_consecuencias_republicanas,0.24343109130859375,apps/ml/storage/models/beto-v1-gold-source-aware,9d8861f8406d41050fa57c530224a1e62983e887807fa6047eefcea52356c215,74f80917f6b245d718c201d58e0d3599f2e4b3e0,81dadaf3c2b25a8856b6bc6b764e3748b7df35f910fd5a3a217703998d110bc2
artifacts/datasets/gold-v1-source-aware.json,dcd8d90081973b7b9a05ee6ef41623756a06232727f3718268945d71a207310a,271,val,b23a4bf1-b9f4-4c08-bb89-a4cf4a67e004,organizacion_consecuencias_republicanas,organizacion_consecuencias_republicanas,0.3923713266849518,apps/ml/storage/models/beto-v1-gold-source-aware,9d8861f8406d41050fa57c530224a1e62983e887807fa6047eefcea52356c215,74f80917f6b245d718c201d58e0d3599f2e4b3e0,41adf85e466211a881b432572832d12ca7d9c5913f5d87b29b32955a394f8eb9
artifacts/datasets/gold-v1-source-aware.json,dcd8d90081973b7b9a05ee6ef41623756a06232727f3718268945d71a207310a,272,val,b23a4bf1-b9f4-4c08-bb89-a4cf4a67e004,no_relevante,no_relevante,0.732222318649292,apps/ml/storage/models/beto-v1-gold-source-aware,9d8861f8406d41050fa57c530224a1e62983e887807fa6047eefcea52356c215,74f80917f6b245d718c201d58e0d3599f2e4b3e0,55cde95ae3d423be1dd608b44d7ae39210d6554ddcaae5153f4f60abd7b901b3
artifacts/datasets/gold-v1-source-aware.json,dcd8d90081973b7b9a05ee6ef41623756a06232727f3718268945d71a207310a,273,val,b23a4bf1-b9f4-4c08-bb89-a4cf4a67e004,participacion_social_regional,contexto_colonial_antecedentes,0.5505607724189758,apps/ml/storage/models/beto-v1-gold-source-aware,9d8861f8406d41050fa57c530224a1e62983e887807fa6047eefcea52356c215,74f80917f6b245d718c201d58e0d3599f2e4b3e0,a6c2714696cfb8e7e8c3d308aff59a9af3e58fa407f37c270266f6316abc9811
artifacts/datasets/gold-v1-source-aware.json,dcd8d90081973b7b9a05ee6ef41623756a06232727f3718268945d71a207310a,274,val,b23a4bf1-b9f4-4c08-bb89-a4cf4a67e004,no_relevante,no_relevante,0.2421649992465973,apps/ml/storage/models/beto-v1-gold-source-aware,9d8861f8406d41050fa57c530224a1e62983e887807fa6047eefcea52356c215,74f80917f6b245d718c201d58e0d3599f2e4b3e0,485f644b1926101105701fa75e64d3285e5fb912f67a6381c3a3245c40da79fe
artifacts/datasets/gold-v1-source-aware.json,dcd8d90081973b7b9a05ee6ef41623756a06232727f3718268945d71a207310a,275,val,b23a4bf1-b9f4-4c08-bb89-a4cf4a67e004,organizacion_consecuencias_republicanas,organizacion_consecuencias_republicanas,0.279339998960495,apps/ml/storage/models/beto-v1-gold-source-aware,9d8861f8406d41050fa57c530224a1e62983e887807fa6047eefcea52356c215,74f80917f6b245d718c201d58e0d3599f2e4b3e0,d4b8b792116c894479bedd45373933d13aafb737c4def8f655eab5cd52c7aadf
artifacts/datasets/gold-v1-source-aware.json,dcd8d90081973b7b9a05ee6ef41623756a06232727f3718268945d71a207310a,276,val,b23a4bf1-b9f4-4c08-bb89-a4cf4a67e004,no_relevante,no_relevante,0.8681793212890625,apps/ml/storage/models/beto-v1-gold-source-aware,9d8861f8406d41050fa57c530224a1e62983e887807fa6047eefcea52356c215,74f80917f6b245d718c201d58e0d3599f2e4b3e0,8c94dfbc3efee568e06f458e0fd878db8768facf4d7e91cdc8b9f70c5320a4a1
artifacts/datasets/gold-v1-source-aware.json,dcd8d90081973b7b9a05ee6ef41623756a06232727f3718268945d71a207310a,277,train,9f60a031-0183-478c-a1f8-a3bdd37d7b0b,organizacion_consecuencias_republicanas,organizacion_consecuencias_republicanas,0.47655045986175537,apps/ml/storage/models/beto-v1-gold-source-aware,9d8861f8406d41050fa57c530224a1e62983e887807fa6047eefcea52356c215,74f80917f6b245d718c201d58e0d3599f2e4b3e0,295c3a0875174557401db7a1af3ffa2032dbe76e29eacf8de7121ea7d42b2832
artifacts/datasets/gold-v1-source-aware.json,dcd8d90081973b7b9a05ee6ef41623756a06232727f3718268945d71a207310a,278,train,0ea45102-057d-4bff-b527-f36326f66d33,no_relevante,no_relevante,0.9127516150474548,apps/ml/storage/models/beto-v1-gold-source-aware,9d8861f8406d41050fa57c530224a1e62983e887807fa6047eefcea52356c215,74f80917f6b245d718c201d58e0d3599f2e4b3e0,6e9d33e8395aa06e6947f0243db582d23aea66d4c18125958322f8cf8a81754c
artifacts/datasets/gold-v1-source-aware.json,dcd8d90081973b7b9a05ee6ef41623756a06232727f3718268945d71a207310a,279,val,b23a4bf1-b9f4-4c08-bb89-a4cf4a67e004,campanias_conflictos_militares,campanias_conflictos_militares,0.409020334482193,apps/ml/storage/models/beto-v1-gold-source-aware,9d8861f8406d41050fa57c530224a1e62983e887807fa6047eefcea52356c215,74f80917f6b245d718c201d58e0d3599f2e4b3e0,21be9103ea906727e5c4d2b761065df11e7852e94088c2efc4894bd7dd03f42a
artifacts/datasets/gold-v1-source-aware.json,dcd8d90081973b7b9a05ee6ef41623756a06232727f3718268945d71a207310a,280,train,0ea45102-057d-4bff-b527-f36326f66d33,participacion_social_regional,participacion_social_regional,0.4705195426940918,apps/ml/storage/models/beto-v1-gold-source-aware,9d8861f8406d41050fa57c530224a1e62983e887807fa6047eefcea52356c215,74f80917f6b245d718c201d58e0d3599f2e4b3e0,538811c9de302c9fa12b2ac789c672a2393bf54c1ca965759138a8f03e16cfbc
artifacts/datasets/gold-v1-source-aware.json,dcd8d90081973b7b9a05ee6ef41623756a06232727f3718268945d71a207310a,281,val,b23a4bf1-b9f4-4c08-bb89-a4cf4a67e004,campanias_conflictos_militares,organizacion_consecuencias_republicanas,0.4371892809867859,apps/ml/storage/models/beto-v1-gold-source-aware,9d8861f8406d41050fa57c530224a1e62983e887807fa6047eefcea52356c215,74f80917f6b245d718c201d58e0d3599f2e4b3e0,834fba799ad25aab1067d8f300d73331f0b355a5cc25cf6111956a4732384529
artifacts/datasets/gold-v1-source-aware.json,dcd8d90081973b7b9a05ee6ef41623756a06232727f3718268945d71a207310a,282,val,b23a4bf1-b9f4-4c08-bb89-a4cf4a67e004,no_relevante,participacion_social_regional,0.3438383936882019,apps/ml/storage/models/beto-v1-gold-source-aware,9d8861f8406d41050fa57c530224a1e62983e887807fa6047eefcea52356c215,74f80917f6b245d718c201d58e0d3599f2e4b3e0,1b06edad06277bc4cb5cf2f5d3a3ef2b5cc511cdfe1c21fdd8961505064fba1d
artifacts/datasets/gold-v1-source-aware.json,dcd8d90081973b7b9a05ee6ef41623756a06232727f3718268945d71a207310a,283,val,b23a4bf1-b9f4-4c08-bb89-a4cf4a67e004,participacion_social_regional,contexto_colonial_antecedentes,0.4013920724391937,apps/ml/storage/models/beto-v1-gold-source-aware,9d8861f8406d41050fa57c530224a1e62983e887807fa6047eefcea52356c215,74f80917f6b245d718c201d58e0d3599f2e4b3e0,50422a187574f67d197a9e405e2ec7e2ed2ceb00f5961556b6f8d1720b0927ab
artifacts/datasets/gold-v1-source-aware.json,dcd8d90081973b7b9a05ee6ef41623756a06232727f3718268945d71a207310a,284,val,b23a4bf1-b9f4-4c08-bb89-a4cf4a67e004,participacion_social_regional,organizacion_consecuencias_republicanas,0.25523248314857483,apps/ml/storage/models/beto-v1-gold-source-aware,9d8861f8406d41050fa57c530224a1e62983e887807fa6047eefcea52356c215,74f80917f6b245d718c201d58e0d3599f2e4b3e0,a764d631f1fe528b88d55f17a867fb3bd18c08ff524f430bcdc75805b2ea212c
artifacts/datasets/gold-v1-source-aware.json,dcd8d90081973b7b9a05ee6ef41623756a06232727f3718268945d71a207310a,285,train,9fecbe5a-9fb2-4002-a088-8a2810db938e,crisis_ideas_emancipadoras,participacion_social_regional,0.4002056419849396,apps/ml/storage/models/beto-v1-gold-source-aware,9d8861f8406d41050fa57c530224a1e62983e887807fa6047eefcea52356c215,74f80917f6b245d718c201d58e0d3599f2e4b3e0,6ee34efe2f7ddbb59c84790493d01062c1354e35d443a412e053aa33806d6a6d
artifacts/datasets/gold-v1-source-aware.json,dcd8d90081973b7b9a05ee6ef41623756a06232727f3718268945d71a207310a,286,train,0ea45102-057d-4bff-b527-f36326f66d33,crisis_ideas_emancipadoras,crisis_ideas_emancipadoras,0.5551177859306335,apps/ml/storage/models/beto-v1-gold-source-aware,9d8861f8406d41050fa57c530224a1e62983e887807fa6047eefcea52356c215,74f80917f6b245d718c201d58e0d3599f2e4b3e0,69eaea88ec451485d431bfcaff38035426128058b389104b03e69e53893176f4
artifacts/datasets/gold-v1-source-aware.json,dcd8d90081973b7b9a05ee6ef41623756a06232727f3718268945d71a207310a,287,train,0ea45102-057d-4bff-b527-f36326f66d33,no_relevante,no_relevante,0.9048177599906921,apps/ml/storage/models/beto-v1-gold-source-aware,9d8861f8406d41050fa57c530224a1e62983e887807fa6047eefcea52356c215,74f80917f6b245d718c201d58e0d3599f2e4b3e0,b757b4315e09ae5d42f983e9d4fb68c626be945756e97cc794e55ad2ae4e9d20
artifacts/datasets/gold-v1-source-aware.json,dcd8d90081973b7b9a05ee6ef41623756a06232727f3718268945d71a207310a,288,val,b23a4bf1-b9f4-4c08-bb89-a4cf4a67e004,organizacion_consecuencias_republicanas,crisis_ideas_emancipadoras,0.33506229519844055,apps/ml/storage/models/beto-v1-gold-source-aware,9d8861f8406d41050fa57c530224a1e62983e887807fa6047eefcea52356c215,74f80917f6b245d718c201d58e0d3599f2e4b3e0,8998bff010a02db27c1b5e374aa9f7695f49e4a4ed349c02308a60fbe446af31
artifacts/datasets/gold-v1-source-aware.json,dcd8d90081973b7b9a05ee6ef41623756a06232727f3718268945d71a207310a,289,train,0ea45102-057d-4bff-b527-f36326f66d33,no_relevante,no_relevante,0.9072465300559998,apps/ml/storage/models/beto-v1-gold-source-aware,9d8861f8406d41050fa57c530224a1e62983e887807fa6047eefcea52356c215,74f80917f6b245d718c201d58e0d3599f2e4b3e0,1b312c298932da1a26993b9b486d68f34b7bd652827d4e95bd6d74e906950de0
artifacts/datasets/gold-v1-source-aware.json,dcd8d90081973b7b9a05ee6ef41623756a06232727f3718268945d71a207310a,290,val,b23a4bf1-b9f4-4c08-bb89-a4cf4a67e004,participacion_social_regional,contexto_colonial_antecedentes,0.4690677523612976,apps/ml/storage/models/beto-v1-gold-source-aware,9d8861f8406d41050fa57c530224a1e62983e887807fa6047eefcea52356c215,74f80917f6b245d718c201d58e0d3599f2e4b3e0,f97c352968da27fef214fbd42cd1868d35894ae6a4442478ac4d8e043f4b59b2
artifacts/datasets/gold-v1-source-aware.json,dcd8d90081973b7b9a05ee6ef41623756a06232727f3718268945d71a207310a,291,val,b23a4bf1-b9f4-4c08-bb89-a4cf4a67e004,campanias_conflictos_militares,participacion_social_regional,0.5269637703895569,apps/ml/storage/models/beto-v1-gold-source-aware,9d8861f8406d41050fa57c530224a1e62983e887807fa6047eefcea52356c215,74f80917f6b245d718c201d58e0d3599f2e4b3e0,ed12b6d87294012523e120559b60f2df8fb8df29d64dd66d4f38cda6e9381d9d
artifacts/datasets/gold-v1-source-aware.json,dcd8d90081973b7b9a05ee6ef41623756a06232727f3718268945d71a207310a,292,train,9f60a031-0183-478c-a1f8-a3bdd37d7b0b,organizacion_consecuencias_republicanas,contexto_colonial_antecedentes,0.4443262219429016,apps/ml/storage/models/beto-v1-gold-source-aware,9d8861f8406d41050fa57c530224a1e62983e887807fa6047eefcea52356c215,74f80917f6b245d718c201d58e0d3599f2e4b3e0,eb78f68bb2923f51e1397509ba2bb99bf5e90a96d15b90d3a524998ec148ca7a
artifacts/datasets/gold-v1-source-aware.json,dcd8d90081973b7b9a05ee6ef41623756a06232727f3718268945d71a207310a,293,val,b23a4bf1-b9f4-4c08-bb89-a4cf4a67e004,organizacion_consecuencias_republicanas,organizacion_consecuencias_republicanas,0.527101457118988,apps/ml/storage/models/beto-v1-gold-source-aware,9d8861f8406d41050fa57c530224a1e62983e887807fa6047eefcea52356c215,74f80917f6b245d718c201d58e0d3599f2e4b3e0,dc359bc08704c53adc7d9fa5c03c36b55f12368db5dcf107b4ef90bf352f0d97
artifacts/datasets/gold-v1-source-aware.json,dcd8d90081973b7b9a05ee6ef41623756a06232727f3718268945d71a207310a,294,val,b23a4bf1-b9f4-4c08-bb89-a4cf4a67e004,organizacion_consecuencias_republicanas,organizacion_consecuencias_republicanas,0.4911918640136719,apps/ml/storage/models/beto-v1-gold-source-aware,9d8861f8406d41050fa57c530224a1e62983e887807fa6047eefcea52356c215,74f80917f6b245d718c201d58e0d3599f2e4b3e0,b61470b7b03400b67251ca97b933f06c03b3ff167987402bdfe17a428999c949
artifacts/datasets/gold-v1-source-aware.json,dcd8d90081973b7b9a05ee6ef41623756a06232727f3718268945d71a207310a,295,train,9f60a031-0183-478c-a1f8-a3bdd37d7b0b,organizacion_consecuencias_republicanas,organizacion_consecuencias_republicanas,0.41226571798324585,apps/ml/storage/models/beto-v1-gold-source-aware,9d8861f8406d41050fa57c530224a1e62983e887807fa6047eefcea52356c215,74f80917f6b245d718c201d58e0d3599f2e4b3e0,02ae33cdceaf91871af57ed407c092fd41338f80f46ff1682e31ebf0ae819f01
artifacts/datasets/gold-v1-source-aware.json,dcd8d90081973b7b9a05ee6ef41623756a06232727f3718268945d71a207310a,296,train,9f60a031-0183-478c-a1f8-a3bdd37d7b0b,no_relevante,no_relevante,0.8734164834022522,apps/ml/storage/models/beto-v1-gold-source-aware,9d8861f8406d41050fa57c530224a1e62983e887807fa6047eefcea52356c215,74f80917f6b245d718c201d58e0d3599f2e4b3e0,a84d1be8ecc836eb99c0d2967ccef6aed9ac8b17a1f5372a34c3e85212c242f9
artifacts/datasets/gold-v1-source-aware.json,dcd8d90081973b7b9a05ee6ef41623756a06232727f3718268945d71a207310a,297,val,b23a4bf1-b9f4-4c08-bb89-a4cf4a67e004,campanias_conflictos_militares,liderazgos_diplomacia_proyectos,0.4101391136646271,apps/ml/storage/models/beto-v1-gold-source-aware,9d8861f8406d41050fa57c530224a1e62983e887807fa6047eefcea52356c215,74f80917f6b245d718c201d58e0d3599f2e4b3e0,bbfe9f5be9486eb9b1489c9c121cb253f8c8546a4d1254eae3ee2b3582323671
artifacts/datasets/gold-v1-source-aware.json,dcd8d90081973b7b9a05ee6ef41623756a06232727f3718268945d71a207310a,298,val,b23a4bf1-b9f4-4c08-bb89-a4cf4a67e004,liderazgos_diplomacia_proyectos,liderazgos_diplomacia_proyectos,0.31344205141067505,apps/ml/storage/models/beto-v1-gold-source-aware,9d8861f8406d41050fa57c530224a1e62983e887807fa6047eefcea52356c215,74f80917f6b245d718c201d58e0d3599f2e4b3e0,b66f1c74cd91c8c10503331aeab680df217b82e2fd1ab73c5288b213cbb9f594
artifacts/datasets/gold-v1-source-aware.json,dcd8d90081973b7b9a05ee6ef41623756a06232727f3718268945d71a207310a,299,train,9fecbe5a-9fb2-4002-a088-8a2810db938e,no_relevante,no_relevante,0.7655828595161438,apps/ml/storage/models/beto-v1-gold-source-aware,9d8861f8406d41050fa57c530224a1e62983e887807fa6047eefcea52356c215,74f80917f6b245d718c201d58e0d3599f2e4b3e0,017df3ac0fb8ca250aaae5b9ed03ad949daec97a304e5b87145823ef843b8c89
artifacts/datasets/gold-v1-source-aware.json,dcd8d90081973b7b9a05ee6ef41623756a06232727f3718268945d71a207310a,300,test,15e52806-3d75-4117-937d-7c7eda594579,contexto_colonial_antecedentes,crisis_ideas_emancipadoras,0.34125635027885437,apps/ml/storage/models/beto-v1-gold-source-aware,9d8861f8406d41050fa57c530224a1e62983e887807fa6047eefcea52356c215,74f80917f6b245d718c201d58e0d3599f2e4b3e0,3843df394079422eec858d2d55a94045789dd53e0e41152a8b678186329e318b
artifacts/datasets/gold-v1-source-aware.json,dcd8d90081973b7b9a05ee6ef41623756a06232727f3718268945d71a207310a,301,test,15e52806-3d75-4117-937d-7c7eda594579,crisis_ideas_emancipadoras,crisis_ideas_emancipadoras,0.41430899500846863,apps/ml/storage/models/beto-v1-gold-source-aware,9d8861f8406d41050fa57c530224a1e62983e887807fa6047eefcea52356c215,74f80917f6b245d718c201d58e0d3599f2e4b3e0,1843c0bd77b800814735dc51d1fd60565d190929c8395bfaa9be99c86a4010a8
artifacts/datasets/gold-v1-source-aware.json,dcd8d90081973b7b9a05ee6ef41623756a06232727f3718268945d71a207310a,302,test,15e52806-3d75-4117-937d-7c7eda594579,crisis_ideas_emancipadoras,crisis_ideas_emancipadoras,0.6210604906082153,apps/ml/storage/models/beto-v1-gold-source-aware,9d8861f8406d41050fa57c530224a1e62983e887807fa6047eefcea52356c215,74f80917f6b245d718c201d58e0d3599f2e4b3e0,8732f8f1de7039f3104e92b35799a3c34234126744fe3e979ee896655d76186f
artifacts/datasets/gold-v1-source-aware.json,dcd8d90081973b7b9a05ee6ef41623756a06232727f3718268945d71a207310a,303,test,15e52806-3d75-4117-937d-7c7eda594579,no_relevante,no_relevante,0.5716328620910645,apps/ml/storage/models/beto-v1-gold-source-aware,9d8861f8406d41050fa57c530224a1e62983e887807fa6047eefcea52356c215,74f80917f6b245d718c201d58e0d3599f2e4b3e0,21c192abf35d929012abec60a8d4452a6ca1925145c455a1f501db6eb464d580
artifacts/datasets/gold-v1-source-aware.json,dcd8d90081973b7b9a05ee6ef41623756a06232727f3718268945d71a207310a,304,test,15e52806-3d75-4117-937d-7c7eda594579,participacion_social_regional,participacion_social_regional,0.3281261622905731,apps/ml/storage/models/beto-v1-gold-source-aware,9d8861f8406d41050fa57c530224a1e62983e887807fa6047eefcea52356c215,74f80917f6b245d718c201d58e0d3599f2e4b3e0,9c8a8d2493ad49d79354dac4a8a9233eb8ef243febed088b9c0eab96711eb3ed
artifacts/datasets/gold-v1-source-aware.json,dcd8d90081973b7b9a05ee6ef41623756a06232727f3718268945d71a207310a,305,test,15e52806-3d75-4117-937d-7c7eda594579,no_relevante,participacion_social_regional,0.29750359058380127,apps/ml/storage/models/beto-v1-gold-source-aware,9d8861f8406d41050fa57c530224a1e62983e887807fa6047eefcea52356c215,74f80917f6b245d718c201d58e0d3599f2e4b3e0,61bfed1d2282e9ad0018d972731d846f5c018533dd376a97d79c4720dc96886b
artifacts/datasets/gold-v1-source-aware.json,dcd8d90081973b7b9a05ee6ef41623756a06232727f3718268945d71a207310a,306,test,15e52806-3d75-4117-937d-7c7eda594579,no_relevante,no_relevante,0.8023285269737244,apps/ml/storage/models/beto-v1-gold-source-aware,9d8861f8406d41050fa57c530224a1e62983e887807fa6047eefcea52356c215,74f80917f6b245d718c201d58e0d3599f2e4b3e0,10b4d226266a46ca0b1d9e7bcaa3b640f06495d339635799dbc20ba4220315f4
artifacts/datasets/gold-v1-source-aware.json,dcd8d90081973b7b9a05ee6ef41623756a06232727f3718268945d71a207310a,307,train,9fecbe5a-9fb2-4002-a088-8a2810db938e,contexto_colonial_antecedentes,contexto_colonial_antecedentes,0.6320343017578125,apps/ml/storage/models/beto-v1-gold-source-aware,9d8861f8406d41050fa57c530224a1e62983e887807fa6047eefcea52356c215,74f80917f6b245d718c201d58e0d3599f2e4b3e0,83063807615e515f378162cc08e448a7c594ab0519fd203475d51557f20cb5d9
artifacts/datasets/gold-v1-source-aware.json,dcd8d90081973b7b9a05ee6ef41623756a06232727f3718268945d71a207310a,308,test,15e52806-3d75-4117-937d-7c7eda594579,contexto_colonial_antecedentes,liderazgos_diplomacia_proyectos,0.3503180146217346,apps/ml/storage/models/beto-v1-gold-source-aware,9d8861f8406d41050fa57c530224a1e62983e887807fa6047eefcea52356c215,74f80917f6b245d718c201d58e0d3599f2e4b3e0,c2ed73d17a1b4d474415c08a124ea521c08c76285fc8eade3a713d48348caa65
artifacts/datasets/gold-v1-source-aware.json,dcd8d90081973b7b9a05ee6ef41623756a06232727f3718268945d71a207310a,309,test,15e52806-3d75-4117-937d-7c7eda594579,participacion_social_regional,participacion_social_regional,0.4995499849319458,apps/ml/storage/models/beto-v1-gold-source-aware,9d8861f8406d41050fa57c530224a1e62983e887807fa6047eefcea52356c215,74f80917f6b245d718c201d58e0d3599f2e4b3e0,524e9dd7afc1ffa41d6fca5ac4e00b2816ff3df3f5c51f36ff9e78c70390cc0e
artifacts/datasets/gold-v1-source-aware.json,dcd8d90081973b7b9a05ee6ef41623756a06232727f3718268945d71a207310a,310,test,15e52806-3d75-4117-937d-7c7eda594579,contexto_colonial_antecedentes,contexto_colonial_antecedentes,0.36849331855773926,apps/ml/storage/models/beto-v1-gold-source-aware,9d8861f8406d41050fa57c530224a1e62983e887807fa6047eefcea52356c215,74f80917f6b245d718c201d58e0d3599f2e4b3e0,517afc374401c26e8b956343609aaa952ddfe0ca5c9ab5312858f5855b79ceb8
artifacts/datasets/gold-v1-source-aware.json,dcd8d90081973b7b9a05ee6ef41623756a06232727f3718268945d71a207310a,311,test,15e52806-3d75-4117-937d-7c7eda594579,crisis_ideas_emancipadoras,crisis_ideas_emancipadoras,0.31205031275749207,apps/ml/storage/models/beto-v1-gold-source-aware,9d8861f8406d41050fa57c530224a1e62983e887807fa6047eefcea52356c215,74f80917f6b245d718c201d58e0d3599f2e4b3e0,e868e2c491a035f81cfdde17eecc91316aad8cf275c087d0c5d87b14537d19cd
artifacts/datasets/gold-v1-source-aware.json,dcd8d90081973b7b9a05ee6ef41623756a06232727f3718268945d71a207310a,312,test,15e52806-3d75-4117-937d-7c7eda594579,participacion_social_regional,crisis_ideas_emancipadoras,0.3750697672367096,apps/ml/storage/models/beto-v1-gold-source-aware,9d8861f8406d41050fa57c530224a1e62983e887807fa6047eefcea52356c215,74f80917f6b245d718c201d58e0d3599f2e4b3e0,aa94f17024c8dc3e6db45d9625bb105fbbebff4899e68e317be3de82e369a3ae
artifacts/datasets/gold-v1-source-aware.json,dcd8d90081973b7b9a05ee6ef41623756a06232727f3718268945d71a207310a,313,train,9fecbe5a-9fb2-4002-a088-8a2810db938e,no_relevante,no_relevante,0.9032523036003113,apps/ml/storage/models/beto-v1-gold-source-aware,9d8861f8406d41050fa57c530224a1e62983e887807fa6047eefcea52356c215,74f80917f6b245d718c201d58e0d3599f2e4b3e0,6ac7f20432345df0a38bc628b704e0a10d071a5bec04db6e88e8acbb97fcd2b9
artifacts/datasets/gold-v1-source-aware.json,dcd8d90081973b7b9a05ee6ef41623756a06232727f3718268945d71a207310a,314,test,15e52806-3d75-4117-937d-7c7eda594579,crisis_ideas_emancipadoras,crisis_ideas_emancipadoras,0.47184884548187256,apps/ml/storage/models/beto-v1-gold-source-aware,9d8861f8406d41050fa57c530224a1e62983e887807fa6047eefcea52356c215,74f80917f6b245d718c201d58e0d3599f2e4b3e0,39f19dc0ea35f68786f3a1b5f68348c7216ba0dab37a5d334ed28dd48edc68f7
artifacts/datasets/gold-v1-source-aware.json,dcd8d90081973b7b9a05ee6ef41623756a06232727f3718268945d71a207310a,315,test,15e52806-3d75-4117-937d-7c7eda594579,contexto_colonial_antecedentes,organizacion_consecuencias_republicanas,0.3313274681568146,apps/ml/storage/models/beto-v1-gold-source-aware,9d8861f8406d41050fa57c530224a1e62983e887807fa6047eefcea52356c215,74f80917f6b245d718c201d58e0d3599f2e4b3e0,39e88bc22244bb5e479b951be22cf9e1517db4bc0e524e6618f10ad555eaa0f8
artifacts/datasets/gold-v1-source-aware.json,dcd8d90081973b7b9a05ee6ef41623756a06232727f3718268945d71a207310a,316,test,15e52806-3d75-4117-937d-7c7eda594579,crisis_ideas_emancipadoras,crisis_ideas_emancipadoras,0.389108270406723,apps/ml/storage/models/beto-v1-gold-source-aware,9d8861f8406d41050fa57c530224a1e62983e887807fa6047eefcea52356c215,74f80917f6b245d718c201d58e0d3599f2e4b3e0,5031a0ac6240a22e243f5a0cf6f0c1e97e709a00f1c2e07b9dce21a544711cd6
artifacts/datasets/gold-v1-source-aware.json,dcd8d90081973b7b9a05ee6ef41623756a06232727f3718268945d71a207310a,317,test,15e52806-3d75-4117-937d-7c7eda594579,participacion_social_regional,crisis_ideas_emancipadoras,0.3797314465045929,apps/ml/storage/models/beto-v1-gold-source-aware,9d8861f8406d41050fa57c530224a1e62983e887807fa6047eefcea52356c215,74f80917f6b245d718c201d58e0d3599f2e4b3e0,833464bddac78e078030ecd9fac801a9e105bbf7b1af287ebe0280a16b271c22
artifacts/datasets/gold-v1-source-aware.json,dcd8d90081973b7b9a05ee6ef41623756a06232727f3718268945d71a207310a,318,test,15e52806-3d75-4117-937d-7c7eda594579,crisis_ideas_emancipadoras,crisis_ideas_emancipadoras,0.42857804894447327,apps/ml/storage/models/beto-v1-gold-source-aware,9d8861f8406d41050fa57c530224a1e62983e887807fa6047eefcea52356c215,74f80917f6b245d718c201d58e0d3599f2e4b3e0,05850f64aebf77acda6ff8b82c3db7f9d93c981b4143ebec3bc2ab40f2cf086d
artifacts/datasets/gold-v1-source-aware.json,dcd8d90081973b7b9a05ee6ef41623756a06232727f3718268945d71a207310a,319,test,15e52806-3d75-4117-937d-7c7eda594579,contexto_colonial_antecedentes,crisis_ideas_emancipadoras,0.30885010957717896,apps/ml/storage/models/beto-v1-gold-source-aware,9d8861f8406d41050fa57c530224a1e62983e887807fa6047eefcea52356c215,74f80917f6b245d718c201d58e0d3599f2e4b3e0,583ca87ee37ead346654c49ad63351e01305a12726ac5401c56cbec9596d12e1
artifacts/datasets/gold-v1-source-aware.json,dcd8d90081973b7b9a05ee6ef41623756a06232727f3718268945d71a207310a,320,train,514f190e-5d01-497a-a6ef-648601cd8bdb,no_relevante,no_relevante,0.8346520662307739,apps/ml/storage/models/beto-v1-gold-source-aware,9d8861f8406d41050fa57c530224a1e62983e887807fa6047eefcea52356c215,74f80917f6b245d718c201d58e0d3599f2e4b3e0,1406aebe41d0bb1e1245117fe655cc4fdbe7025206cd660a0581aebed600aed1
artifacts/datasets/gold-v1-source-aware.json,dcd8d90081973b7b9a05ee6ef41623756a06232727f3718268945d71a207310a,321,test,15e52806-3d75-4117-937d-7c7eda594579,contexto_colonial_antecedentes,crisis_ideas_emancipadoras,0.46534615755081177,apps/ml/storage/models/beto-v1-gold-source-aware,9d8861f8406d41050fa57c530224a1e62983e887807fa6047eefcea52356c215,74f80917f6b245d718c201d58e0d3599f2e4b3e0,9ea49f237f44f47c2c6a0c00f988ec8f875483d1223037148c46130f6235fc0b
artifacts/datasets/gold-v1-source-aware.json,dcd8d90081973b7b9a05ee6ef41623756a06232727f3718268945d71a207310a,322,test,15e52806-3d75-4117-937d-7c7eda594579,crisis_ideas_emancipadoras,crisis_ideas_emancipadoras,0.4587731957435608,apps/ml/storage/models/beto-v1-gold-source-aware,9d8861f8406d41050fa57c530224a1e62983e887807fa6047eefcea52356c215,74f80917f6b245d718c201d58e0d3599f2e4b3e0,04bc12e9765122b277d5963b6f7e83f1dcc5621cf75f81aaaab8684aeed795c1
artifacts/datasets/gold-v1-source-aware.json,dcd8d90081973b7b9a05ee6ef41623756a06232727f3718268945d71a207310a,323,test,15e52806-3d75-4117-937d-7c7eda594579,no_relevante,no_relevante,0.7952246069908142,apps/ml/storage/models/beto-v1-gold-source-aware,9d8861f8406d41050fa57c530224a1e62983e887807fa6047eefcea52356c215,74f80917f6b245d718c201d58e0d3599f2e4b3e0,5be3956bda5ca077b24afad2eaba69d756bbf83c8886b244b579b8a86baa675c
artifacts/datasets/gold-v1-source-aware.json,dcd8d90081973b7b9a05ee6ef41623756a06232727f3718268945d71a207310a,324,test,15e52806-3d75-4117-937d-7c7eda594579,crisis_ideas_emancipadoras,crisis_ideas_emancipadoras,0.5289053320884705,apps/ml/storage/models/beto-v1-gold-source-aware,9d8861f8406d41050fa57c530224a1e62983e887807fa6047eefcea52356c215,74f80917f6b245d718c201d58e0d3599f2e4b3e0,e0ccf84ec37653b56e417801a0bc842304d6efa3d442af8019528c8e22b62950
artifacts/datasets/gold-v1-source-aware.json,dcd8d90081973b7b9a05ee6ef41623756a06232727f3718268945d71a207310a,325,train,9fecbe5a-9fb2-4002-a088-8a2810db938e,no_relevante,no_relevante,0.8790738582611084,apps/ml/storage/models/beto-v1-gold-source-aware,9d8861f8406d41050fa57c530224a1e62983e887807fa6047eefcea52356c215,74f80917f6b245d718c201d58e0d3599f2e4b3e0,0cc79bc682ea503903017310f0655d767ff8ccce18c5755d698d2fc74206e662
artifacts/datasets/gold-v1-source-aware.json,dcd8d90081973b7b9a05ee6ef41623756a06232727f3718268945d71a207310a,326,test,15e52806-3d75-4117-937d-7c7eda594579,participacion_social_regional,crisis_ideas_emancipadoras,0.2814151644706726,apps/ml/storage/models/beto-v1-gold-source-aware,9d8861f8406d41050fa57c530224a1e62983e887807fa6047eefcea52356c215,74f80917f6b245d718c201d58e0d3599f2e4b3e0,2fbac54c7bdaba7834a2bbb324c6419c029d98c3db18b9743947952c1e351fe7
artifacts/datasets/gold-v1-source-aware.json,dcd8d90081973b7b9a05ee6ef41623756a06232727f3718268945d71a207310a,327,test,15e52806-3d75-4117-937d-7c7eda594579,no_relevante,crisis_ideas_emancipadoras,0.404992938041687,apps/ml/storage/models/beto-v1-gold-source-aware,9d8861f8406d41050fa57c530224a1e62983e887807fa6047eefcea52356c215,74f80917f6b245d718c201d58e0d3599f2e4b3e0,369289bbad389df6e85c2f7c49e834ab53725e9849a05b2a70f47bae8ace34fc
artifacts/datasets/gold-v1-source-aware.json,dcd8d90081973b7b9a05ee6ef41623756a06232727f3718268945d71a207310a,328,test,15e52806-3d75-4117-937d-7c7eda594579,no_relevante,crisis_ideas_emancipadoras,0.41092798113822937,apps/ml/storage/models/beto-v1-gold-source-aware,9d8861f8406d41050fa57c530224a1e62983e887807fa6047eefcea52356c215,74f80917f6b245d718c201d58e0d3599f2e4b3e0,f6f477ec0cf8aa9903d033f6aff94d62c2b4c8e8f060ac3d96445c573b2ff334
artifacts/datasets/gold-v1-source-aware.json,dcd8d90081973b7b9a05ee6ef41623756a06232727f3718268945d71a207310a,329,test,15e52806-3d75-4117-937d-7c7eda594579,contexto_colonial_antecedentes,organizacion_consecuencias_republicanas,0.2744133174419403,apps/ml/storage/models/beto-v1-gold-source-aware,9d8861f8406d41050fa57c530224a1e62983e887807fa6047eefcea52356c215,74f80917f6b245d718c201d58e0d3599f2e4b3e0,2093bff29ad8d318d9e343a71a631f3bde9c6a9ae5356c297d395504d450cba7
artifacts/datasets/gold-v1-source-aware.json,dcd8d90081973b7b9a05ee6ef41623756a06232727f3718268945d71a207310a,330,train,9fecbe5a-9fb2-4002-a088-8a2810db938e,participacion_social_regional,participacion_social_regional,0.47641995549201965,apps/ml/storage/models/beto-v1-gold-source-aware,9d8861f8406d41050fa57c530224a1e62983e887807fa6047eefcea52356c215,74f80917f6b245d718c201d58e0d3599f2e4b3e0,1b35c539d322842be4c42e57fd6b6d6b2ebf8b5f856fa4339f4cde1c88b827cc
artifacts/datasets/gold-v1-source-aware.json,dcd8d90081973b7b9a05ee6ef41623756a06232727f3718268945d71a207310a,331,train,9fecbe5a-9fb2-4002-a088-8a2810db938e,campanias_conflictos_militares,campanias_conflictos_militares,0.7860706448554993,apps/ml/storage/models/beto-v1-gold-source-aware,9d8861f8406d41050fa57c530224a1e62983e887807fa6047eefcea52356c215,74f80917f6b245d718c201d58e0d3599f2e4b3e0,1bdb2d49a0489e9250eb71b970c2c921ce956ef4aae498a864589e1b01d43e1c
artifacts/datasets/gold-v1-source-aware.json,dcd8d90081973b7b9a05ee6ef41623756a06232727f3718268945d71a207310a,332,train,9fecbe5a-9fb2-4002-a088-8a2810db938e,no_relevante,no_relevante,0.811649739742279,apps/ml/storage/models/beto-v1-gold-source-aware,9d8861f8406d41050fa57c530224a1e62983e887807fa6047eefcea52356c215,74f80917f6b245d718c201d58e0d3599f2e4b3e0,7c774d5e41cd23aad754ea2e7fee7100de69157b28196302ede0ce65b68403e8
artifacts/datasets/gold-v1-source-aware.json,dcd8d90081973b7b9a05ee6ef41623756a06232727f3718268945d71a207310a,333,val,b23a4bf1-b9f4-4c08-bb89-a4cf4a67e004,organizacion_consecuencias_republicanas,contexto_colonial_antecedentes,0.5060986876487732,apps/ml/storage/models/beto-v1-gold-source-aware,9d8861f8406d41050fa57c530224a1e62983e887807fa6047eefcea52356c215,74f80917f6b245d718c201d58e0d3599f2e4b3e0,f4aff197a885caebdf07a896d3790ccf46669a90ecae6999cc698e6ec07f967e
artifacts/datasets/gold-v1-source-aware.json,dcd8d90081973b7b9a05ee6ef41623756a06232727f3718268945d71a207310a,334,train,9fecbe5a-9fb2-4002-a088-8a2810db938e,no_relevante,no_relevante,0.4105057716369629,apps/ml/storage/models/beto-v1-gold-source-aware,9d8861f8406d41050fa57c530224a1e62983e887807fa6047eefcea52356c215,74f80917f6b245d718c201d58e0d3599f2e4b3e0,2ef79bd878e40f59cd5a41da85033832b10eea299dd558be322125f1d165512e
artifacts/datasets/gold-v1-source-aware.json,dcd8d90081973b7b9a05ee6ef41623756a06232727f3718268945d71a207310a,335,train,514f190e-5d01-497a-a6ef-648601cd8bdb,no_relevante,no_relevante,0.8665093183517456,apps/ml/storage/models/beto-v1-gold-source-aware,9d8861f8406d41050fa57c530224a1e62983e887807fa6047eefcea52356c215,74f80917f6b245d718c201d58e0d3599f2e4b3e0,45a6b340777c429d81ca1d853d8d96d254ab8d5d29b9ec38ce4601f054c7759a
artifacts/datasets/gold-v1-source-aware.json,dcd8d90081973b7b9a05ee6ef41623756a06232727f3718268945d71a207310a,336,train,9fecbe5a-9fb2-4002-a088-8a2810db938e,participacion_social_regional,participacion_social_regional,0.78543621301651,apps/ml/storage/models/beto-v1-gold-source-aware,9d8861f8406d41050fa57c530224a1e62983e887807fa6047eefcea52356c215,74f80917f6b245d718c201d58e0d3599f2e4b3e0,fa71aee25efa7dc4526222d8af4b96cffbce9b793316f50728e08ac883cf6bea
artifacts/datasets/gold-v1-source-aware.json,dcd8d90081973b7b9a05ee6ef41623756a06232727f3718268945d71a207310a,337,train,9fecbe5a-9fb2-4002-a088-8a2810db938e,no_relevante,no_relevante,0.7612512111663818,apps/ml/storage/models/beto-v1-gold-source-aware,9d8861f8406d41050fa57c530224a1e62983e887807fa6047eefcea52356c215,74f80917f6b245d718c201d58e0d3599f2e4b3e0,1f16bcc7bffae9d21df5c4617ed5183804d9d4bfae8a9ef5ffba518bdfb007a8
artifacts/datasets/gold-v1-source-aware.json,dcd8d90081973b7b9a05ee6ef41623756a06232727f3718268945d71a207310a,338,train,9fecbe5a-9fb2-4002-a088-8a2810db938e,contexto_colonial_antecedentes,contexto_colonial_antecedentes,0.6348791718482971,apps/ml/storage/models/beto-v1-gold-source-aware,9d8861f8406d41050fa57c530224a1e62983e887807fa6047eefcea52356c215,74f80917f6b245d718c201d58e0d3599f2e4b3e0,7036edab61465da45d73583f1ae308d52236aabaaffd192bc13aeb31f9ad7575
artifacts/datasets/gold-v1-source-aware.json,dcd8d90081973b7b9a05ee6ef41623756a06232727f3718268945d71a207310a,339,train,9fecbe5a-9fb2-4002-a088-8a2810db938e,no_relevante,no_relevante,0.908558189868927,apps/ml/storage/models/beto-v1-gold-source-aware,9d8861f8406d41050fa57c530224a1e62983e887807fa6047eefcea52356c215,74f80917f6b245d718c201d58e0d3599f2e4b3e0,cfed365dccb5627272299216fc5fe7e031b463a24e3111468626611b05996656
artifacts/datasets/gold-v1-source-aware.json,dcd8d90081973b7b9a05ee6ef41623756a06232727f3718268945d71a207310a,340,train,9fecbe5a-9fb2-4002-a088-8a2810db938e,no_relevante,no_relevante,0.906066358089447,apps/ml/storage/models/beto-v1-gold-source-aware,9d8861f8406d41050fa57c530224a1e62983e887807fa6047eefcea52356c215,74f80917f6b245d718c201d58e0d3599f2e4b3e0,8ce8a4ab02f1a899afb0236a3548c9d0df859871b0720430d90e106eb4c92d2a
artifacts/datasets/gold-v1-source-aware.json,dcd8d90081973b7b9a05ee6ef41623756a06232727f3718268945d71a207310a,341,val,b23a4bf1-b9f4-4c08-bb89-a4cf4a67e004,organizacion_consecuencias_republicanas,organizacion_consecuencias_republicanas,0.3764702081680298,apps/ml/storage/models/beto-v1-gold-source-aware,9d8861f8406d41050fa57c530224a1e62983e887807fa6047eefcea52356c215,74f80917f6b245d718c201d58e0d3599f2e4b3e0,2e197bf488198eb82e25ff6bcc007c106fd113492d1b7bd755d8f56d113572aa
artifacts/datasets/gold-v1-source-aware.json,dcd8d90081973b7b9a05ee6ef41623756a06232727f3718268945d71a207310a,342,val,b23a4bf1-b9f4-4c08-bb89-a4cf4a67e004,organizacion_consecuencias_republicanas,contexto_colonial_antecedentes,0.3766031265258789,apps/ml/storage/models/beto-v1-gold-source-aware,9d8861f8406d41050fa57c530224a1e62983e887807fa6047eefcea52356c215,74f80917f6b245d718c201d58e0d3599f2e4b3e0,5784017791059623a101b0a0f546ba03bdcd4ce6ca418996a02e94622e667992
artifacts/datasets/gold-v1-source-aware.json,dcd8d90081973b7b9a05ee6ef41623756a06232727f3718268945d71a207310a,343,train,9fecbe5a-9fb2-4002-a088-8a2810db938e,participacion_social_regional,participacion_social_regional,0.5392593145370483,apps/ml/storage/models/beto-v1-gold-source-aware,9d8861f8406d41050fa57c530224a1e62983e887807fa6047eefcea52356c215,74f80917f6b245d718c201d58e0d3599f2e4b3e0,1ddbb76d2e0ebda1cff4d1a61b16769b348a9640a8829beadede9dd653df20d2
artifacts/datasets/gold-v1-source-aware.json,dcd8d90081973b7b9a05ee6ef41623756a06232727f3718268945d71a207310a,344,train,9fecbe5a-9fb2-4002-a088-8a2810db938e,participacion_social_regional,participacion_social_regional,0.712174117565155,apps/ml/storage/models/beto-v1-gold-source-aware,9d8861f8406d41050fa57c530224a1e62983e887807fa6047eefcea52356c215,74f80917f6b245d718c201d58e0d3599f2e4b3e0,fb830a0fa28021cee066729f14b88f114766bfbcd724ea1017b748d909a9e3b1
artifacts/datasets/gold-v1-source-aware.json,dcd8d90081973b7b9a05ee6ef41623756a06232727f3718268945d71a207310a,345,train,0ea45102-057d-4bff-b527-f36326f66d33,participacion_social_regional,participacion_social_regional,0.5405018329620361,apps/ml/storage/models/beto-v1-gold-source-aware,9d8861f8406d41050fa57c530224a1e62983e887807fa6047eefcea52356c215,74f80917f6b245d718c201d58e0d3599f2e4b3e0,5a9c2ebe113c2e1b5faf935086aea919730aabf30ba7a5971ee27d41d2a172f0
artifacts/datasets/gold-v1-source-aware.json,dcd8d90081973b7b9a05ee6ef41623756a06232727f3718268945d71a207310a,346,train,9fecbe5a-9fb2-4002-a088-8a2810db938e,participacion_social_regional,participacion_social_regional,0.37513479590415955,apps/ml/storage/models/beto-v1-gold-source-aware,9d8861f8406d41050fa57c530224a1e62983e887807fa6047eefcea52356c215,74f80917f6b245d718c201d58e0d3599f2e4b3e0,8f296ea3f5442858c4204a5a5c36638a41b7b609f2e48fa0647fe4a2c3f3d853
artifacts/datasets/gold-v1-source-aware.json,dcd8d90081973b7b9a05ee6ef41623756a06232727f3718268945d71a207310a,347,train,9fecbe5a-9fb2-4002-a088-8a2810db938e,no_relevante,no_relevante,0.9060206413269043,apps/ml/storage/models/beto-v1-gold-source-aware,9d8861f8406d41050fa57c530224a1e62983e887807fa6047eefcea52356c215,74f80917f6b245d718c201d58e0d3599f2e4b3e0,7ea4512211ce889f31dddee23435966ad0aaddc5ba951610db19ceee2d724249
artifacts/datasets/gold-v1-source-aware.json,dcd8d90081973b7b9a05ee6ef41623756a06232727f3718268945d71a207310a,348,train,9fecbe5a-9fb2-4002-a088-8a2810db938e,participacion_social_regional,participacion_social_regional,0.7113968133926392,apps/ml/storage/models/beto-v1-gold-source-aware,9d8861f8406d41050fa57c530224a1e62983e887807fa6047eefcea52356c215,74f80917f6b245d718c201d58e0d3599f2e4b3e0,3e526e42b4e15ac004fccdac9469530267cba6790a77fc6ff1b340f9dfc22008
artifacts/datasets/gold-v1-source-aware.json,dcd8d90081973b7b9a05ee6ef41623756a06232727f3718268945d71a207310a,349,train,9fecbe5a-9fb2-4002-a088-8a2810db938e,no_relevante,no_relevante,0.8094967007637024,apps/ml/storage/models/beto-v1-gold-source-aware,9d8861f8406d41050fa57c530224a1e62983e887807fa6047eefcea52356c215,74f80917f6b245d718c201d58e0d3599f2e4b3e0,fb7e76833be4e4cc45b5c0a8eade27a154564f91c565a1a21cae0e7dc11ff894
artifacts/datasets/gold-v1-source-aware.json,dcd8d90081973b7b9a05ee6ef41623756a06232727f3718268945d71a207310a,350,test,15e52806-3d75-4117-937d-7c7eda594579,crisis_ideas_emancipadoras,crisis_ideas_emancipadoras,0.4872277081012726,apps/ml/storage/models/beto-v1-gold-source-aware,9d8861f8406d41050fa57c530224a1e62983e887807fa6047eefcea52356c215,74f80917f6b245d718c201d58e0d3599f2e4b3e0,37b54c5111fd0875a6f374479116cc4e1c74927b009708c1b8df646e0ec4924e
artifacts/datasets/gold-v1-source-aware.json,dcd8d90081973b7b9a05ee6ef41623756a06232727f3718268945d71a207310a,351,train,9fecbe5a-9fb2-4002-a088-8a2810db938e,participacion_social_regional,participacion_social_regional,0.5552389621734619,apps/ml/storage/models/beto-v1-gold-source-aware,9d8861f8406d41050fa57c530224a1e62983e887807fa6047eefcea52356c215,74f80917f6b245d718c201d58e0d3599f2e4b3e0,ef2c2dcbb4bacb3d57c78833199c768fde97115af8f0e33616319e114152f6bd
artifacts/datasets/gold-v1-source-aware.json,dcd8d90081973b7b9a05ee6ef41623756a06232727f3718268945d71a207310a,352,train,9fecbe5a-9fb2-4002-a088-8a2810db938e,no_relevante,no_relevante,0.907180666923523,apps/ml/storage/models/beto-v1-gold-source-aware,9d8861f8406d41050fa57c530224a1e62983e887807fa6047eefcea52356c215,74f80917f6b245d718c201d58e0d3599f2e4b3e0,e0b3eadc14d75fe12fbb327b5fdd7eacd131908323ce2ad6e3161b37beac8f29
artifacts/datasets/gold-v1-source-aware.json,dcd8d90081973b7b9a05ee6ef41623756a06232727f3718268945d71a207310a,353,train,9fecbe5a-9fb2-4002-a088-8a2810db938e,contexto_colonial_antecedentes,contexto_colonial_antecedentes,0.6960158348083496,apps/ml/storage/models/beto-v1-gold-source-aware,9d8861f8406d41050fa57c530224a1e62983e887807fa6047eefcea52356c215,74f80917f6b245d718c201d58e0d3599f2e4b3e0,99574febb34332fe9baec5606640071d705cea80b212c95d1d4049bc7808060d
artifacts/datasets/gold-v1-source-aware.json,dcd8d90081973b7b9a05ee6ef41623756a06232727f3718268945d71a207310a,354,train,9fecbe5a-9fb2-4002-a088-8a2810db938e,participacion_social_regional,campanias_conflictos_militares,0.6220763325691223,apps/ml/storage/models/beto-v1-gold-source-aware,9d8861f8406d41050fa57c530224a1e62983e887807fa6047eefcea52356c215,74f80917f6b245d718c201d58e0d3599f2e4b3e0,1d945040df600b0831851a5adf4ab923025289dbeb7914302fe59bd88d28bcc5
artifacts/datasets/gold-v1-source-aware.json,dcd8d90081973b7b9a05ee6ef41623756a06232727f3718268945d71a207310a,355,train,9fecbe5a-9fb2-4002-a088-8a2810db938e,participacion_social_regional,participacion_social_regional,0.7195911407470703,apps/ml/storage/models/beto-v1-gold-source-aware,9d8861f8406d41050fa57c530224a1e62983e887807fa6047eefcea52356c215,74f80917f6b245d718c201d58e0d3599f2e4b3e0,027ea92442a7ae8843eb10d0795d7590145ae062f434c277a6e53b05af05acb8
artifacts/datasets/gold-v1-source-aware.json,dcd8d90081973b7b9a05ee6ef41623756a06232727f3718268945d71a207310a,356,train,0ea45102-057d-4bff-b527-f36326f66d33,participacion_social_regional,participacion_social_regional,0.4746761620044708,apps/ml/storage/models/beto-v1-gold-source-aware,9d8861f8406d41050fa57c530224a1e62983e887807fa6047eefcea52356c215,74f80917f6b245d718c201d58e0d3599f2e4b3e0,879b004783ce39df60a4bab08611780fb2402bd207805f5047d294c1eea9b5ae
artifacts/datasets/gold-v1-source-aware.json,dcd8d90081973b7b9a05ee6ef41623756a06232727f3718268945d71a207310a,357,train,514f190e-5d01-497a-a6ef-648601cd8bdb,no_relevante,no_relevante,0.7638483047485352,apps/ml/storage/models/beto-v1-gold-source-aware,9d8861f8406d41050fa57c530224a1e62983e887807fa6047eefcea52356c215,74f80917f6b245d718c201d58e0d3599f2e4b3e0,2857248f39eed1d1dad7292633b35190adf34426f111ede001b6390eafe58966
artifacts/datasets/gold-v1-source-aware.json,dcd8d90081973b7b9a05ee6ef41623756a06232727f3718268945d71a207310a,358,train,9fecbe5a-9fb2-4002-a088-8a2810db938e,participacion_social_regional,participacion_social_regional,0.469713032245636,apps/ml/storage/models/beto-v1-gold-source-aware,9d8861f8406d41050fa57c530224a1e62983e887807fa6047eefcea52356c215,74f80917f6b245d718c201d58e0d3599f2e4b3e0,8ece1e902260899f5d8c60ea780164652ec302d4de46d1f2f9f22a59f8974179
artifacts/datasets/gold-v1-source-aware.json,dcd8d90081973b7b9a05ee6ef41623756a06232727f3718268945d71a207310a,359,train,0ea45102-057d-4bff-b527-f36326f66d33,crisis_ideas_emancipadoras,crisis_ideas_emancipadoras,0.5033108592033386,apps/ml/storage/models/beto-v1-gold-source-aware,9d8861f8406d41050fa57c530224a1e62983e887807fa6047eefcea52356c215,74f80917f6b245d718c201d58e0d3599f2e4b3e0,dcf8a99fee42add47057d08beef8be82a91faa511d250393a81de9954a25e367
artifacts/datasets/gold-v1-source-aware.json,dcd8d90081973b7b9a05ee6ef41623756a06232727f3718268945d71a207310a,360,train,0ea45102-057d-4bff-b527-f36326f66d33,crisis_ideas_emancipadoras,contexto_colonial_antecedentes,0.457510769367218,apps/ml/storage/models/beto-v1-gold-source-aware,9d8861f8406d41050fa57c530224a1e62983e887807fa6047eefcea52356c215,74f80917f6b245d718c201d58e0d3599f2e4b3e0,7c52fef6f0080f67200d9f6e9b5838982c4128c51ef1734a09df2b50f12b74de
artifacts/datasets/gold-v1-source-aware.json,dcd8d90081973b7b9a05ee6ef41623756a06232727f3718268945d71a207310a,361,train,0ea45102-057d-4bff-b527-f36326f66d33,participacion_social_regional,participacion_social_regional,0.36644718050956726,apps/ml/storage/models/beto-v1-gold-source-aware,9d8861f8406d41050fa57c530224a1e62983e887807fa6047eefcea52356c215,74f80917f6b245d718c201d58e0d3599f2e4b3e0,9b09408f37fc0c429191f02a4a00efc7729574fe9a4b407095df70e9e46c6c2d
artifacts/datasets/gold-v1-source-aware.json,dcd8d90081973b7b9a05ee6ef41623756a06232727f3718268945d71a207310a,362,train,9fecbe5a-9fb2-4002-a088-8a2810db938e,no_relevante,no_relevante,0.8870348930358887,apps/ml/storage/models/beto-v1-gold-source-aware,9d8861f8406d41050fa57c530224a1e62983e887807fa6047eefcea52356c215,74f80917f6b245d718c201d58e0d3599f2e4b3e0,ca5de4e9f906c6e07e98c0e1758bbedbeab0f6ded16147e762bf2ef822ae7a0e
artifacts/datasets/gold-v1-source-aware.json,dcd8d90081973b7b9a05ee6ef41623756a06232727f3718268945d71a207310a,363,train,0ea45102-057d-4bff-b527-f36326f66d33,campanias_conflictos_militares,participacion_social_regional,0.32585573196411133,apps/ml/storage/models/beto-v1-gold-source-aware,9d8861f8406d41050fa57c530224a1e62983e887807fa6047eefcea52356c215,74f80917f6b245d718c201d58e0d3599f2e4b3e0,626a645f97fb6e7960694c8d7310c3a8649d09988f81004a4747d3ba8b3d88cf
artifacts/datasets/gold-v1-source-aware.json,dcd8d90081973b7b9a05ee6ef41623756a06232727f3718268945d71a207310a,364,train,0ea45102-057d-4bff-b527-f36326f66d33,liderazgos_diplomacia_proyectos,participacion_social_regional,0.3046864867210388,apps/ml/storage/models/beto-v1-gold-source-aware,9d8861f8406d41050fa57c530224a1e62983e887807fa6047eefcea52356c215,74f80917f6b245d718c201d58e0d3599f2e4b3e0,ae5ad843f904568084a67982e461a90314180e48d990810a39fbd7ae90acd586
artifacts/datasets/gold-v1-source-aware.json,dcd8d90081973b7b9a05ee6ef41623756a06232727f3718268945d71a207310a,365,train,0ea45102-057d-4bff-b527-f36326f66d33,no_relevante,no_relevante,0.9160470366477966,apps/ml/storage/models/beto-v1-gold-source-aware,9d8861f8406d41050fa57c530224a1e62983e887807fa6047eefcea52356c215,74f80917f6b245d718c201d58e0d3599f2e4b3e0,80ef1826d0615a87b0170fb9c2241e7e07f2c2a22b3582632effc19587e85379
artifacts/datasets/gold-v1-source-aware.json,dcd8d90081973b7b9a05ee6ef41623756a06232727f3718268945d71a207310a,366,train,0ea45102-057d-4bff-b527-f36326f66d33,participacion_social_regional,crisis_ideas_emancipadoras,0.37427616119384766,apps/ml/storage/models/beto-v1-gold-source-aware,9d8861f8406d41050fa57c530224a1e62983e887807fa6047eefcea52356c215,74f80917f6b245d718c201d58e0d3599f2e4b3e0,fc52e29f89d168a8aaae6292f1c5f4bf478f9b7baccdaeb5b952abe4d86f83b3
artifacts/datasets/gold-v1-source-aware.json,dcd8d90081973b7b9a05ee6ef41623756a06232727f3718268945d71a207310a,367,train,0ea45102-057d-4bff-b527-f36326f66d33,liderazgos_diplomacia_proyectos,liderazgos_diplomacia_proyectos,0.5265882015228271,apps/ml/storage/models/beto-v1-gold-source-aware,9d8861f8406d41050fa57c530224a1e62983e887807fa6047eefcea52356c215,74f80917f6b245d718c201d58e0d3599f2e4b3e0,3f70462721479056b712dcfdf33213a007b09b909b9bcfaf9a513f54b5915ddf
artifacts/datasets/gold-v1-source-aware.json,dcd8d90081973b7b9a05ee6ef41623756a06232727f3718268945d71a207310a,368,train,0ea45102-057d-4bff-b527-f36326f66d33,liderazgos_diplomacia_proyectos,liderazgos_diplomacia_proyectos,0.36012908816337585,apps/ml/storage/models/beto-v1-gold-source-aware,9d8861f8406d41050fa57c530224a1e62983e887807fa6047eefcea52356c215,74f80917f6b245d718c201d58e0d3599f2e4b3e0,4b7b49a99cdb51c8811ebe4fabe721cd4651a1241ab0196c25bcb910a7687f1a
artifacts/datasets/gold-v1-source-aware.json,dcd8d90081973b7b9a05ee6ef41623756a06232727f3718268945d71a207310a,369,test,15e52806-3d75-4117-937d-7c7eda594579,crisis_ideas_emancipadoras,crisis_ideas_emancipadoras,0.45105090737342834,apps/ml/storage/models/beto-v1-gold-source-aware,9d8861f8406d41050fa57c530224a1e62983e887807fa6047eefcea52356c215,74f80917f6b245d718c201d58e0d3599f2e4b3e0,e831d8b866da6f1a953c0775456e6f56ece4be8070433ac2b15e1ad5b9e13546
artifacts/datasets/gold-v1-source-aware.json,dcd8d90081973b7b9a05ee6ef41623756a06232727f3718268945d71a207310a,370,test,4ca9c84a-627b-4027-8216-fdc07c506727,liderazgos_diplomacia_proyectos,liderazgos_diplomacia_proyectos,0.24719268083572388,apps/ml/storage/models/beto-v1-gold-source-aware,9d8861f8406d41050fa57c530224a1e62983e887807fa6047eefcea52356c215,74f80917f6b245d718c201d58e0d3599f2e4b3e0,0d2e570fc6bbecb12f5638829ccd0828a26d1b414ba5675023c492bd9b43fe79
artifacts/datasets/gold-v1-source-aware.json,dcd8d90081973b7b9a05ee6ef41623756a06232727f3718268945d71a207310a,371,val,b23a4bf1-b9f4-4c08-bb89-a4cf4a67e004,organizacion_consecuencias_republicanas,contexto_colonial_antecedentes,0.41527295112609863,apps/ml/storage/models/beto-v1-gold-source-aware,9d8861f8406d41050fa57c530224a1e62983e887807fa6047eefcea52356c215,74f80917f6b245d718c201d58e0d3599f2e4b3e0,60584413349e4125d6e60b7c77367e32fcd6a9fd1941959fefd0ca5ecf2441bb
artifacts/datasets/gold-v1-source-aware.json,dcd8d90081973b7b9a05ee6ef41623756a06232727f3718268945d71a207310a,372,val,b23a4bf1-b9f4-4c08-bb89-a4cf4a67e004,no_relevante,no_relevante,0.8766229748725891,apps/ml/storage/models/beto-v1-gold-source-aware,9d8861f8406d41050fa57c530224a1e62983e887807fa6047eefcea52356c215,74f80917f6b245d718c201d58e0d3599f2e4b3e0,83f3652cd09af1a49c66cdde3f2c4dc8871a8b21747a968ef81390e4d7a0d01e
artifacts/datasets/gold-v1-source-aware.json,dcd8d90081973b7b9a05ee6ef41623756a06232727f3718268945d71a207310a,373,val,b23a4bf1-b9f4-4c08-bb89-a4cf4a67e004,no_relevante,no_relevante,0.5336105227470398,apps/ml/storage/models/beto-v1-gold-source-aware,9d8861f8406d41050fa57c530224a1e62983e887807fa6047eefcea52356c215,74f80917f6b245d718c201d58e0d3599f2e4b3e0,5c82bcd8230fc6ab19ddb1fd40aafe432f10002c8894710b57afeb2b918496b4
artifacts/datasets/gold-v1-source-aware.json,dcd8d90081973b7b9a05ee6ef41623756a06232727f3718268945d71a207310a,374,val,b23a4bf1-b9f4-4c08-bb89-a4cf4a67e004,no_relevante,no_relevante,0.8798867464065552,apps/ml/storage/models/beto-v1-gold-source-aware,9d8861f8406d41050fa57c530224a1e62983e887807fa6047eefcea52356c215,74f80917f6b245d718c201d58e0d3599f2e4b3e0,28fbc641b7d4f94e23cbb4095c4a8dfb3473329bfe8cbfd50d5cf192baa0f3ca
artifacts/datasets/gold-v1-source-aware.json,dcd8d90081973b7b9a05ee6ef41623756a06232727f3718268945d71a207310a,375,test,4ca9c84a-627b-4027-8216-fdc07c506727,liderazgos_diplomacia_proyectos,liderazgos_diplomacia_proyectos,0.3012363016605377,apps/ml/storage/models/beto-v1-gold-source-aware,9d8861f8406d41050fa57c530224a1e62983e887807fa6047eefcea52356c215,74f80917f6b245d718c201d58e0d3599f2e4b3e0,ff463ea24f3997826032fa8ff8cb90fbdb96008ad3a2fd768601e6988757968f
artifacts/datasets/gold-v1-source-aware.json,dcd8d90081973b7b9a05ee6ef41623756a06232727f3718268945d71a207310a,376,test,4ca9c84a-627b-4027-8216-fdc07c506727,liderazgos_diplomacia_proyectos,liderazgos_diplomacia_proyectos,0.34932082891464233,apps/ml/storage/models/beto-v1-gold-source-aware,9d8861f8406d41050fa57c530224a1e62983e887807fa6047eefcea52356c215,74f80917f6b245d718c201d58e0d3599f2e4b3e0,a8af70177affa01a655d21011b8056d21ba81acb55913d6c0ef79f3c77d40793
artifacts/datasets/gold-v1-source-aware.json,dcd8d90081973b7b9a05ee6ef41623756a06232727f3718268945d71a207310a,377,test,4ca9c84a-627b-4027-8216-fdc07c506727,liderazgos_diplomacia_proyectos,participacion_social_regional,0.260524183511734,apps/ml/storage/models/beto-v1-gold-source-aware,9d8861f8406d41050fa57c530224a1e62983e887807fa6047eefcea52356c215,74f80917f6b245d718c201d58e0d3599f2e4b3e0,7bad099601050b96e78ce02dd0dacf72970700f3447252af3bc6e8a5867942e3
artifacts/datasets/gold-v1-source-aware.json,dcd8d90081973b7b9a05ee6ef41623756a06232727f3718268945d71a207310a,378,test,4ca9c84a-627b-4027-8216-fdc07c506727,organizacion_consecuencias_republicanas,crisis_ideas_emancipadoras,0.26319408416748047,apps/ml/storage/models/beto-v1-gold-source-aware,9d8861f8406d41050fa57c530224a1e62983e887807fa6047eefcea52356c215,74f80917f6b245d718c201d58e0d3599f2e4b3e0,cf977dc53ff5698c494d4ccc37e285ed5e4d684cde67a534baea81d522e5932c
artifacts/datasets/gold-v1-source-aware.json,dcd8d90081973b7b9a05ee6ef41623756a06232727f3718268945d71a207310a,379,test,4ca9c84a-627b-4027-8216-fdc07c506727,organizacion_consecuencias_republicanas,liderazgos_diplomacia_proyectos,0.3870786130428314,apps/ml/storage/models/beto-v1-gold-source-aware,9d8861f8406d41050fa57c530224a1e62983e887807fa6047eefcea52356c215,74f80917f6b245d718c201d58e0d3599f2e4b3e0,c89417010108d545f355ae392cc4eb21c1e4aab5fda859efdd775b2ecfdbdb79
artifacts/datasets/gold-v1-source-aware.json,dcd8d90081973b7b9a05ee6ef41623756a06232727f3718268945d71a207310a,380,test,4ca9c84a-627b-4027-8216-fdc07c506727,no_relevante,no_relevante,0.7306632399559021,apps/ml/storage/models/beto-v1-gold-source-aware,9d8861f8406d41050fa57c530224a1e62983e887807fa6047eefcea52356c215,74f80917f6b245d718c201d58e0d3599f2e4b3e0,53ac26d65dd46181094287a41ee25e6ffde5599347f7cf25e3f54b45c0592b86
artifacts/datasets/gold-v1-source-aware.json,dcd8d90081973b7b9a05ee6ef41623756a06232727f3718268945d71a207310a,381,test,4ca9c84a-627b-4027-8216-fdc07c506727,no_relevante,campanias_conflictos_militares,0.8196883201599121,apps/ml/storage/models/beto-v1-gold-source-aware,9d8861f8406d41050fa57c530224a1e62983e887807fa6047eefcea52356c215,74f80917f6b245d718c201d58e0d3599f2e4b3e0,8163d9375d86d68cb35930cdf54404d180a87061393ede82021991d8d16bedcb
artifacts/datasets/gold-v1-source-aware.json,dcd8d90081973b7b9a05ee6ef41623756a06232727f3718268945d71a207310a,382,test,4ca9c84a-627b-4027-8216-fdc07c506727,no_relevante,participacion_social_regional,0.3108135163784027,apps/ml/storage/models/beto-v1-gold-source-aware,9d8861f8406d41050fa57c530224a1e62983e887807fa6047eefcea52356c215,74f80917f6b245d718c201d58e0d3599f2e4b3e0,5ecb4910817f4958107ce62ade5c45f9bb8ccbc07076e6a92632ec9ed48216f2
artifacts/datasets/gold-v1-source-aware.json,dcd8d90081973b7b9a05ee6ef41623756a06232727f3718268945d71a207310a,383,test,4ca9c84a-627b-4027-8216-fdc07c506727,crisis_ideas_emancipadoras,liderazgos_diplomacia_proyectos,0.25699707865715027,apps/ml/storage/models/beto-v1-gold-source-aware,9d8861f8406d41050fa57c530224a1e62983e887807fa6047eefcea52356c215,74f80917f6b245d718c201d58e0d3599f2e4b3e0,f7b738c2a775ff4b0965b166b8340aea8da2685ef05e7aab360738b2e3fcfa91
artifacts/datasets/gold-v1-source-aware.json,dcd8d90081973b7b9a05ee6ef41623756a06232727f3718268945d71a207310a,384,test,4ca9c84a-627b-4027-8216-fdc07c506727,liderazgos_diplomacia_proyectos,liderazgos_diplomacia_proyectos,0.34143808484077454,apps/ml/storage/models/beto-v1-gold-source-aware,9d8861f8406d41050fa57c530224a1e62983e887807fa6047eefcea52356c215,74f80917f6b245d718c201d58e0d3599f2e4b3e0,702ca4cc8d549dbf9e7dfa6bfd2bbe69d222955ca38a750322a10ca88f76cec8
artifacts/datasets/gold-v1-source-aware.json,dcd8d90081973b7b9a05ee6ef41623756a06232727f3718268945d71a207310a,385,test,4ca9c84a-627b-4027-8216-fdc07c506727,liderazgos_diplomacia_proyectos,no_relevante,0.2741799056529999,apps/ml/storage/models/beto-v1-gold-source-aware,9d8861f8406d41050fa57c530224a1e62983e887807fa6047eefcea52356c215,74f80917f6b245d718c201d58e0d3599f2e4b3e0,58328377d9bef36b00d392c0d33df1a815b9612cc120d07c48dd73e4387b2d56
artifacts/datasets/gold-v1-source-aware.json,dcd8d90081973b7b9a05ee6ef41623756a06232727f3718268945d71a207310a,386,train,747ca90f-92fc-4d19-aec4-6dfc34c2917e,organizacion_consecuencias_republicanas,organizacion_consecuencias_republicanas,0.6303699612617493,apps/ml/storage/models/beto-v1-gold-source-aware,9d8861f8406d41050fa57c530224a1e62983e887807fa6047eefcea52356c215,74f80917f6b245d718c201d58e0d3599f2e4b3e0,7be82955735576aaef2c3136660de6d188957a00bf6d4ea11f3d7caf8c563019
artifacts/datasets/gold-v1-source-aware.json,dcd8d90081973b7b9a05ee6ef41623756a06232727f3718268945d71a207310a,387,test,4ca9c84a-627b-4027-8216-fdc07c506727,liderazgos_diplomacia_proyectos,crisis_ideas_emancipadoras,0.3132849335670471,apps/ml/storage/models/beto-v1-gold-source-aware,9d8861f8406d41050fa57c530224a1e62983e887807fa6047eefcea52356c215,74f80917f6b245d718c201d58e0d3599f2e4b3e0,64adbf6072ee61430d56b3433aa1ec1bd3731c29c7b76bca3080dae5ea94a85d
artifacts/datasets/gold-v1-source-aware.json,dcd8d90081973b7b9a05ee6ef41623756a06232727f3718268945d71a207310a,388,test,4ca9c84a-627b-4027-8216-fdc07c506727,organizacion_consecuencias_republicanas,campanias_conflictos_militares,0.35649141669273376,apps/ml/storage/models/beto-v1-gold-source-aware,9d8861f8406d41050fa57c530224a1e62983e887807fa6047eefcea52356c215,74f80917f6b245d718c201d58e0d3599f2e4b3e0,4326509c2811bdf4078aa68e5a0daf6a0dc6fb1c1dd804edf929a41bd2332681
artifacts/datasets/gold-v1-source-aware.json,dcd8d90081973b7b9a05ee6ef41623756a06232727f3718268945d71a207310a,389,test,4ca9c84a-627b-4027-8216-fdc07c506727,organizacion_consecuencias_republicanas,liderazgos_diplomacia_proyectos,0.27358371019363403,apps/ml/storage/models/beto-v1-gold-source-aware,9d8861f8406d41050fa57c530224a1e62983e887807fa6047eefcea52356c215,74f80917f6b245d718c201d58e0d3599f2e4b3e0,4aea55b7e70b2f04d41ac6f02c739e63063c5258eafc8f945feac1e87d995981
artifacts/datasets/gold-v1-source-aware.json,dcd8d90081973b7b9a05ee6ef41623756a06232727f3718268945d71a207310a,390,test,4ca9c84a-627b-4027-8216-fdc07c506727,organizacion_consecuencias_republicanas,liderazgos_diplomacia_proyectos,0.2728555500507355,apps/ml/storage/models/beto-v1-gold-source-aware,9d8861f8406d41050fa57c530224a1e62983e887807fa6047eefcea52356c215,74f80917f6b245d718c201d58e0d3599f2e4b3e0,50391eaef881a12abd1a2071caad1202dd0dcfa6a4372366ed9dde378ac93e25
artifacts/datasets/gold-v1-source-aware.json,dcd8d90081973b7b9a05ee6ef41623756a06232727f3718268945d71a207310a,391,test,4ca9c84a-627b-4027-8216-fdc07c506727,organizacion_consecuencias_republicanas,liderazgos_diplomacia_proyectos,0.3316839337348938,apps/ml/storage/models/beto-v1-gold-source-aware,9d8861f8406d41050fa57c530224a1e62983e887807fa6047eefcea52356c215,74f80917f6b245d718c201d58e0d3599f2e4b3e0,acbf0eaf6472ab6b38439cddbccaaa98439414baca1040f57c8e517b1af4205a
artifacts/datasets/gold-v1-source-aware.json,dcd8d90081973b7b9a05ee6ef41623756a06232727f3718268945d71a207310a,392,train,514f190e-5d01-497a-a6ef-648601cd8bdb,crisis_ideas_emancipadoras,crisis_ideas_emancipadoras,0.6313716173171997,apps/ml/storage/models/beto-v1-gold-source-aware,9d8861f8406d41050fa57c530224a1e62983e887807fa6047eefcea52356c215,74f80917f6b245d718c201d58e0d3599f2e4b3e0,05a9deccfd0fd28f3d03b593d0a70b7d328578d0ebe8c71a70ec5a8569ef095a
artifacts/datasets/gold-v1-source-aware.json,dcd8d90081973b7b9a05ee6ef41623756a06232727f3718268945d71a207310a,393,test,4ca9c84a-627b-4027-8216-fdc07c506727,organizacion_consecuencias_republicanas,organizacion_consecuencias_republicanas,0.35081711411476135,apps/ml/storage/models/beto-v1-gold-source-aware,9d8861f8406d41050fa57c530224a1e62983e887807fa6047eefcea52356c215,74f80917f6b245d718c201d58e0d3599f2e4b3e0,b4126a3cd6501f41181be0d43fabf13da04dbd1e0273505f4f51f475d4ea90ca
artifacts/datasets/gold-v1-source-aware.json,dcd8d90081973b7b9a05ee6ef41623756a06232727f3718268945d71a207310a,394,test,4ca9c84a-627b-4027-8216-fdc07c506727,no_relevante,no_relevante,0.3907710909843445,apps/ml/storage/models/beto-v1-gold-source-aware,9d8861f8406d41050fa57c530224a1e62983e887807fa6047eefcea52356c215,74f80917f6b245d718c201d58e0d3599f2e4b3e0,23f05908da412fcfd64a79c07a966dc5c227ed01f757394ce07fa008b2e5365c
artifacts/datasets/gold-v1-source-aware.json,dcd8d90081973b7b9a05ee6ef41623756a06232727f3718268945d71a207310a,395,test,4ca9c84a-627b-4027-8216-fdc07c506727,liderazgos_diplomacia_proyectos,liderazgos_diplomacia_proyectos,0.3102864623069763,apps/ml/storage/models/beto-v1-gold-source-aware,9d8861f8406d41050fa57c530224a1e62983e887807fa6047eefcea52356c215,74f80917f6b245d718c201d58e0d3599f2e4b3e0,1c5861feba28ecb78e6ef3f43bbd6c2644fe8a8491e45395410b69e131b6a9fc
artifacts/datasets/gold-v1-source-aware.json,dcd8d90081973b7b9a05ee6ef41623756a06232727f3718268945d71a207310a,396,test,4ca9c84a-627b-4027-8216-fdc07c506727,liderazgos_diplomacia_proyectos,liderazgos_diplomacia_proyectos,0.4527222812175751,apps/ml/storage/models/beto-v1-gold-source-aware,9d8861f8406d41050fa57c530224a1e62983e887807fa6047eefcea52356c215,74f80917f6b245d718c201d58e0d3599f2e4b3e0,552f2763b47051ee14937b7bdb4de2b34a7f35ef63f424367193d4dccd3115d3
artifacts/datasets/gold-v1-source-aware.json,dcd8d90081973b7b9a05ee6ef41623756a06232727f3718268945d71a207310a,397,test,4ca9c84a-627b-4027-8216-fdc07c506727,no_relevante,no_relevante,0.8533993363380432,apps/ml/storage/models/beto-v1-gold-source-aware,9d8861f8406d41050fa57c530224a1e62983e887807fa6047eefcea52356c215,74f80917f6b245d718c201d58e0d3599f2e4b3e0,a7672c452c7e55e82878ce19d806fe16812a4a031038c80dd225d4afb5e30143
artifacts/datasets/gold-v1-source-aware.json,dcd8d90081973b7b9a05ee6ef41623756a06232727f3718268945d71a207310a,398,test,4ca9c84a-627b-4027-8216-fdc07c506727,no_relevante,no_relevante,0.8797916769981384,apps/ml/storage/models/beto-v1-gold-source-aware,9d8861f8406d41050fa57c530224a1e62983e887807fa6047eefcea52356c215,74f80917f6b245d718c201d58e0d3599f2e4b3e0,57fa71ccfcda9662eb0f04db4e9cf03fb7d56c924aab049357b4e73e86ade72e
artifacts/datasets/gold-v1-source-aware.json,dcd8d90081973b7b9a05ee6ef41623756a06232727f3718268945d71a207310a,399,test,4ca9c84a-627b-4027-8216-fdc07c506727,no_relevante,no_relevante,0.8741487860679626,apps/ml/storage/models/beto-v1-gold-source-aware,9d8861f8406d41050fa57c530224a1e62983e887807fa6047eefcea52356c215,74f80917f6b245d718c201d58e0d3599f2e4b3e0,74f3016b115d2224bde91e9cfaf394d88956ca876c56086fef602b60fd9bc723
artifacts/datasets/gold-v1-source-aware.json,dcd8d90081973b7b9a05ee6ef41623756a06232727f3718268945d71a207310a,400,test,4ca9c84a-627b-4027-8216-fdc07c506727,no_relevante,no_relevante,0.8851083517074585,apps/ml/storage/models/beto-v1-gold-source-aware,9d8861f8406d41050fa57c530224a1e62983e887807fa6047eefcea52356c215,74f80917f6b245d718c201d58e0d3599f2e4b3e0,5e92a7664d9ec262b8e31403e98bcab52ef5ec9723560662309d9ec6ffb6f15b
artifacts/datasets/gold-v1-source-aware.json,dcd8d90081973b7b9a05ee6ef41623756a06232727f3718268945d71a207310a,401,train,514f190e-5d01-497a-a6ef-648601cd8bdb,no_relevante,no_relevante,0.8516687750816345,apps/ml/storage/models/beto-v1-gold-source-aware,9d8861f8406d41050fa57c530224a1e62983e887807fa6047eefcea52356c215,74f80917f6b245d718c201d58e0d3599f2e4b3e0,a7bd8a4ea3d5ec2ed297d78a78611431966248dfc21bd1632f88a59cdaa77ff1
artifacts/datasets/gold-v1-source-aware.json,dcd8d90081973b7b9a05ee6ef41623756a06232727f3718268945d71a207310a,402,test,4ca9c84a-627b-4027-8216-fdc07c506727,no_relevante,no_relevante,0.8702576756477356,apps/ml/storage/models/beto-v1-gold-source-aware,9d8861f8406d41050fa57c530224a1e62983e887807fa6047eefcea52356c215,74f80917f6b245d718c201d58e0d3599f2e4b3e0,e01da2e5b1895c4fb46daed5063068a9aa793ddc7b1dc43365019bef409fa8b7
artifacts/datasets/gold-v1-source-aware.json,dcd8d90081973b7b9a05ee6ef41623756a06232727f3718268945d71a207310a,403,test,4ca9c84a-627b-4027-8216-fdc07c506727,no_relevante,no_relevante,0.8732981085777283,apps/ml/storage/models/beto-v1-gold-source-aware,9d8861f8406d41050fa57c530224a1e62983e887807fa6047eefcea52356c215,74f80917f6b245d718c201d58e0d3599f2e4b3e0,6af687e87205f999daad0dd2de8cc56a25e749e30eb6fe4601a73be45f27e67b
artifacts/datasets/gold-v1-source-aware.json,dcd8d90081973b7b9a05ee6ef41623756a06232727f3718268945d71a207310a,404,train,514f190e-5d01-497a-a6ef-648601cd8bdb,crisis_ideas_emancipadoras,crisis_ideas_emancipadoras,0.7190492153167725,apps/ml/storage/models/beto-v1-gold-source-aware,9d8861f8406d41050fa57c530224a1e62983e887807fa6047eefcea52356c215,74f80917f6b245d718c201d58e0d3599f2e4b3e0,f967357d2f1a114e34c3e185aab4a7d950a5e0a3ff24077cec1eb7a909b96dcd
artifacts/datasets/gold-v1-source-aware.json,dcd8d90081973b7b9a05ee6ef41623756a06232727f3718268945d71a207310a,405,train,514f190e-5d01-497a-a6ef-648601cd8bdb,crisis_ideas_emancipadoras,crisis_ideas_emancipadoras,0.6951259970664978,apps/ml/storage/models/beto-v1-gold-source-aware,9d8861f8406d41050fa57c530224a1e62983e887807fa6047eefcea52356c215,74f80917f6b245d718c201d58e0d3599f2e4b3e0,e73c13b93ad6c530b2bc7a091d80c25baa7b1d8eb9da84e9029abab99c39f482
artifacts/datasets/gold-v1-source-aware.json,dcd8d90081973b7b9a05ee6ef41623756a06232727f3718268945d71a207310a,406,train,514f190e-5d01-497a-a6ef-648601cd8bdb,crisis_ideas_emancipadoras,crisis_ideas_emancipadoras,0.6199948191642761,apps/ml/storage/models/beto-v1-gold-source-aware,9d8861f8406d41050fa57c530224a1e62983e887807fa6047eefcea52356c215,74f80917f6b245d718c201d58e0d3599f2e4b3e0,5a3c096b34ec13c4e2f2ae5a83c47b7399a034e6682138fdaa86674266345d66
artifacts/datasets/gold-v1-source-aware.json,dcd8d90081973b7b9a05ee6ef41623756a06232727f3718268945d71a207310a,407,train,514f190e-5d01-497a-a6ef-648601cd8bdb,crisis_ideas_emancipadoras,crisis_ideas_emancipadoras,0.5496824979782104,apps/ml/storage/models/beto-v1-gold-source-aware,9d8861f8406d41050fa57c530224a1e62983e887807fa6047eefcea52356c215,74f80917f6b245d718c201d58e0d3599f2e4b3e0,f28abb2f6163a45d5e9cfe5e1fb5e514976c0585e2093ca9f1e58fc94054433a
artifacts/datasets/gold-v1-source-aware.json,dcd8d90081973b7b9a05ee6ef41623756a06232727f3718268945d71a207310a,408,train,514f190e-5d01-497a-a6ef-648601cd8bdb,crisis_ideas_emancipadoras,crisis_ideas_emancipadoras,0.5866213440895081,apps/ml/storage/models/beto-v1-gold-source-aware,9d8861f8406d41050fa57c530224a1e62983e887807fa6047eefcea52356c215,74f80917f6b245d718c201d58e0d3599f2e4b3e0,350014b4a522703a6c360c06893278828f56036e5643e9f8c2091b2e9a0ced0b
artifacts/datasets/gold-v1-source-aware.json,dcd8d90081973b7b9a05ee6ef41623756a06232727f3718268945d71a207310a,409,train,514f190e-5d01-497a-a6ef-648601cd8bdb,no_relevante,no_relevante,0.8401883244514465,apps/ml/storage/models/beto-v1-gold-source-aware,9d8861f8406d41050fa57c530224a1e62983e887807fa6047eefcea52356c215,74f80917f6b245d718c201d58e0d3599f2e4b3e0,a09597cf267ae1441859d63f6dfdfd17c13a64f5e70394bda7e7b571f4581404
artifacts/datasets/gold-v1-source-aware.json,dcd8d90081973b7b9a05ee6ef41623756a06232727f3718268945d71a207310a,410,train,514f190e-5d01-497a-a6ef-648601cd8bdb,no_relevante,no_relevante,0.8504467010498047,apps/ml/storage/models/beto-v1-gold-source-aware,9d8861f8406d41050fa57c530224a1e62983e887807fa6047eefcea52356c215,74f80917f6b245d718c201d58e0d3599f2e4b3e0,0c1b4c8adf59945bb1e0165f0ac194358be6c1c13bf0102462a9c2271daee784
artifacts/datasets/gold-v1-source-aware.json,dcd8d90081973b7b9a05ee6ef41623756a06232727f3718268945d71a207310a,411,train,514f190e-5d01-497a-a6ef-648601cd8bdb,no_relevante,no_relevante,0.8266329169273376,apps/ml/storage/models/beto-v1-gold-source-aware,9d8861f8406d41050fa57c530224a1e62983e887807fa6047eefcea52356c215,74f80917f6b245d718c201d58e0d3599f2e4b3e0,9614e5338a6388057990e6528e8ff2fa6d33118dfefc4718b053efbb6105ecf4
artifacts/datasets/gold-v1-source-aware.json,dcd8d90081973b7b9a05ee6ef41623756a06232727f3718268945d71a207310a,412,train,514f190e-5d01-497a-a6ef-648601cd8bdb,crisis_ideas_emancipadoras,crisis_ideas_emancipadoras,0.5039415955543518,apps/ml/storage/models/beto-v1-gold-source-aware,9d8861f8406d41050fa57c530224a1e62983e887807fa6047eefcea52356c215,74f80917f6b245d718c201d58e0d3599f2e4b3e0,cd07f9417f4fa59a997db7562098cb7da42035ce4a16b0bb7ee9aa92fc908665
artifacts/datasets/gold-v1-source-aware.json,dcd8d90081973b7b9a05ee6ef41623756a06232727f3718268945d71a207310a,413,train,514f190e-5d01-497a-a6ef-648601cd8bdb,participacion_social_regional,crisis_ideas_emancipadoras,0.52937251329422,apps/ml/storage/models/beto-v1-gold-source-aware,9d8861f8406d41050fa57c530224a1e62983e887807fa6047eefcea52356c215,74f80917f6b245d718c201d58e0d3599f2e4b3e0,8e6818682097648a3ea17ddc563cb99cb78e3601273c4839a0101d87064be98a
artifacts/datasets/gold-v1-source-aware.json,dcd8d90081973b7b9a05ee6ef41623756a06232727f3718268945d71a207310a,414,train,514f190e-5d01-497a-a6ef-648601cd8bdb,liderazgos_diplomacia_proyectos,liderazgos_diplomacia_proyectos,0.554364800453186,apps/ml/storage/models/beto-v1-gold-source-aware,9d8861f8406d41050fa57c530224a1e62983e887807fa6047eefcea52356c215,74f80917f6b245d718c201d58e0d3599f2e4b3e0,2b4a56d5ccd1cf5a14f3a447c3e90702096abb4e8f28ffb06f28100d736f4ad3
artifacts/datasets/gold-v1-source-aware.json,dcd8d90081973b7b9a05ee6ef41623756a06232727f3718268945d71a207310a,415,train,514f190e-5d01-497a-a6ef-648601cd8bdb,liderazgos_diplomacia_proyectos,liderazgos_diplomacia_proyectos,0.46601152420043945,apps/ml/storage/models/beto-v1-gold-source-aware,9d8861f8406d41050fa57c530224a1e62983e887807fa6047eefcea52356c215,74f80917f6b245d718c201d58e0d3599f2e4b3e0,41c0e8ac3aee713050214b72b50dc1de2127a98cb1a2a88a9ac16449287fcbae
artifacts/datasets/gold-v1-source-aware.json,dcd8d90081973b7b9a05ee6ef41623756a06232727f3718268945d71a207310a,416,train,747ca90f-92fc-4d19-aec4-6dfc34c2917e,contexto_colonial_antecedentes,contexto_colonial_antecedentes,0.6745878458023071,apps/ml/storage/models/beto-v1-gold-source-aware,9d8861f8406d41050fa57c530224a1e62983e887807fa6047eefcea52356c215,74f80917f6b245d718c201d58e0d3599f2e4b3e0,6d1b00d3c76b86c3a1303c5a0199692306bcf4bfaf9bbd4eb34425037870c22d
artifacts/datasets/gold-v1-source-aware.json,dcd8d90081973b7b9a05ee6ef41623756a06232727f3718268945d71a207310a,417,train,514f190e-5d01-497a-a6ef-648601cd8bdb,liderazgos_diplomacia_proyectos,liderazgos_diplomacia_proyectos,0.6615118980407715,apps/ml/storage/models/beto-v1-gold-source-aware,9d8861f8406d41050fa57c530224a1e62983e887807fa6047eefcea52356c215,74f80917f6b245d718c201d58e0d3599f2e4b3e0,a42e24111f197229ac1f7aeb527e857eb1fc336a25bbf77ac7fdd7fc5c09743f
artifacts/datasets/gold-v1-source-aware.json,dcd8d90081973b7b9a05ee6ef41623756a06232727f3718268945d71a207310a,418,train,514f190e-5d01-497a-a6ef-648601cd8bdb,liderazgos_diplomacia_proyectos,crisis_ideas_emancipadoras,0.38413166999816895,apps/ml/storage/models/beto-v1-gold-source-aware,9d8861f8406d41050fa57c530224a1e62983e887807fa6047eefcea52356c215,74f80917f6b245d718c201d58e0d3599f2e4b3e0,25753eef495a1031c8885c0bbc70a0f414cc17eaf2af822a2499209ec3724bff
artifacts/datasets/gold-v1-source-aware.json,dcd8d90081973b7b9a05ee6ef41623756a06232727f3718268945d71a207310a,419,train,514f190e-5d01-497a-a6ef-648601cd8bdb,organizacion_consecuencias_republicanas,liderazgos_diplomacia_proyectos,0.33620449900627136,apps/ml/storage/models/beto-v1-gold-source-aware,9d8861f8406d41050fa57c530224a1e62983e887807fa6047eefcea52356c215,74f80917f6b245d718c201d58e0d3599f2e4b3e0,82f7529c8069bf251345fb2c55a56643951a41c5ac5e628795452b72c275333d
artifacts/datasets/gold-v1-source-aware.json,dcd8d90081973b7b9a05ee6ef41623756a06232727f3718268945d71a207310a,420,train,514f190e-5d01-497a-a6ef-648601cd8bdb,no_relevante,no_relevante,0.5945073962211609,apps/ml/storage/models/beto-v1-gold-source-aware,9d8861f8406d41050fa57c530224a1e62983e887807fa6047eefcea52356c215,74f80917f6b245d718c201d58e0d3599f2e4b3e0,7f85da687571bafb2aa59053cc5ea72f15c296b7e774b816407e7e5520ac93cb
artifacts/datasets/gold-v1-source-aware.json,dcd8d90081973b7b9a05ee6ef41623756a06232727f3718268945d71a207310a,421,train,514f190e-5d01-497a-a6ef-648601cd8bdb,no_relevante,no_relevante,0.5966817736625671,apps/ml/storage/models/beto-v1-gold-source-aware,9d8861f8406d41050fa57c530224a1e62983e887807fa6047eefcea52356c215,74f80917f6b245d718c201d58e0d3599f2e4b3e0,f5bed5ffed9bd3f70d11859b9791a81e089cace74cbd5cc2d473adbf976ac480
artifacts/datasets/gold-v1-source-aware.json,dcd8d90081973b7b9a05ee6ef41623756a06232727f3718268945d71a207310a,422,train,514f190e-5d01-497a-a6ef-648601cd8bdb,no_relevante,no_relevante,0.5538275837898254,apps/ml/storage/models/beto-v1-gold-source-aware,9d8861f8406d41050fa57c530224a1e62983e887807fa6047eefcea52356c215,74f80917f6b245d718c201d58e0d3599f2e4b3e0,1405f6ded294991e0b98eca6e997b2bbf849df9963788f4ffd76e41580a3360b
artifacts/datasets/gold-v1-source-aware.json,dcd8d90081973b7b9a05ee6ef41623756a06232727f3718268945d71a207310a,423,train,514f190e-5d01-497a-a6ef-648601cd8bdb,no_relevante,no_relevante,0.8313867449760437,apps/ml/storage/models/beto-v1-gold-source-aware,9d8861f8406d41050fa57c530224a1e62983e887807fa6047eefcea52356c215,74f80917f6b245d718c201d58e0d3599f2e4b3e0,9a3daf42050b1a34c12c1ffde62d952d8b80eb719f93587ac64f44f5b92fafe8
artifacts/datasets/gold-v1-source-aware.json,dcd8d90081973b7b9a05ee6ef41623756a06232727f3718268945d71a207310a,424,train,514f190e-5d01-497a-a6ef-648601cd8bdb,no_relevante,no_relevante,0.8214177489280701,apps/ml/storage/models/beto-v1-gold-source-aware,9d8861f8406d41050fa57c530224a1e62983e887807fa6047eefcea52356c215,74f80917f6b245d718c201d58e0d3599f2e4b3e0,5a8ee077ecf96203b99a0c05d645efd0d3267fee95130b9acb6877695abea0a0
artifacts/datasets/gold-v1-source-aware.json,dcd8d90081973b7b9a05ee6ef41623756a06232727f3718268945d71a207310a,425,train,514f190e-5d01-497a-a6ef-648601cd8bdb,no_relevante,no_relevante,0.69183748960495,apps/ml/storage/models/beto-v1-gold-source-aware,9d8861f8406d41050fa57c530224a1e62983e887807fa6047eefcea52356c215,74f80917f6b245d718c201d58e0d3599f2e4b3e0,0aa4b98b4030be838dd6573c266467f745670542430cd1b82e42344acce160aa
artifacts/datasets/gold-v1-source-aware.json,dcd8d90081973b7b9a05ee6ef41623756a06232727f3718268945d71a207310a,426,train,514f190e-5d01-497a-a6ef-648601cd8bdb,crisis_ideas_emancipadoras,crisis_ideas_emancipadoras,0.547431230545044,apps/ml/storage/models/beto-v1-gold-source-aware,9d8861f8406d41050fa57c530224a1e62983e887807fa6047eefcea52356c215,74f80917f6b245d718c201d58e0d3599f2e4b3e0,ce038c55b9f6f57069dcc2ed649e1dcf554b8137ff46e887e708a7df25507eb5
artifacts/datasets/gold-v1-source-aware.json,dcd8d90081973b7b9a05ee6ef41623756a06232727f3718268945d71a207310a,427,train,514f190e-5d01-497a-a6ef-648601cd8bdb,crisis_ideas_emancipadoras,no_relevante,0.6471132636070251,apps/ml/storage/models/beto-v1-gold-source-aware,9d8861f8406d41050fa57c530224a1e62983e887807fa6047eefcea52356c215,74f80917f6b245d718c201d58e0d3599f2e4b3e0,41bd2fee3f14acd3993ef78e9012ea4ef5ba63d1f92258c2683aa5cfb5a23aee
artifacts/datasets/gold-v1-source-aware.json,dcd8d90081973b7b9a05ee6ef41623756a06232727f3718268945d71a207310a,428,train,514f190e-5d01-497a-a6ef-648601cd8bdb,crisis_ideas_emancipadoras,crisis_ideas_emancipadoras,0.547389566898346,apps/ml/storage/models/beto-v1-gold-source-aware,9d8861f8406d41050fa57c530224a1e62983e887807fa6047eefcea52356c215,74f80917f6b245d718c201d58e0d3599f2e4b3e0,df227b96dfb821bb53155db73ff4d5a9e285e95b98380e6b6ea29483777eb2cc
artifacts/datasets/gold-v1-source-aware.json,dcd8d90081973b7b9a05ee6ef41623756a06232727f3718268945d71a207310a,429,train,514f190e-5d01-497a-a6ef-648601cd8bdb,liderazgos_diplomacia_proyectos,liderazgos_diplomacia_proyectos,0.42803865671157837,apps/ml/storage/models/beto-v1-gold-source-aware,9d8861f8406d41050fa57c530224a1e62983e887807fa6047eefcea52356c215,74f80917f6b245d718c201d58e0d3599f2e4b3e0,ec2b5b7172a0808f21131a2e09814e48cdf95d68a2b5d7446e04a6f4171331e3
artifacts/datasets/gold-v1-source-aware.json,dcd8d90081973b7b9a05ee6ef41623756a06232727f3718268945d71a207310a,430,train,514f190e-5d01-497a-a6ef-648601cd8bdb,liderazgos_diplomacia_proyectos,liderazgos_diplomacia_proyectos,0.7060746550559998,apps/ml/storage/models/beto-v1-gold-source-aware,9d8861f8406d41050fa57c530224a1e62983e887807fa6047eefcea52356c215,74f80917f6b245d718c201d58e0d3599f2e4b3e0,847f496d3d70998b430583354d5b81b47a47e4944a870622450b8bfa147262e0
artifacts/datasets/gold-v1-source-aware.json,dcd8d90081973b7b9a05ee6ef41623756a06232727f3718268945d71a207310a,431,train,514f190e-5d01-497a-a6ef-648601cd8bdb,organizacion_consecuencias_republicanas,liderazgos_diplomacia_proyectos,0.4207698404788971,apps/ml/storage/models/beto-v1-gold-source-aware,9d8861f8406d41050fa57c530224a1e62983e887807fa6047eefcea52356c215,74f80917f6b245d718c201d58e0d3599f2e4b3e0,7b00769a48c0e488f0f5b59cab6b969735845333d15b0889def8fd3cef791e23
artifacts/datasets/gold-v1-source-aware.json,dcd8d90081973b7b9a05ee6ef41623756a06232727f3718268945d71a207310a,432,train,514f190e-5d01-497a-a6ef-648601cd8bdb,organizacion_consecuencias_republicanas,crisis_ideas_emancipadoras,0.37899234890937805,apps/ml/storage/models/beto-v1-gold-source-aware,9d8861f8406d41050fa57c530224a1e62983e887807fa6047eefcea52356c215,74f80917f6b245d718c201d58e0d3599f2e4b3e0,9a5b4b11950da13df7ed70a8e5ba6932ad963fc37997ecefbfe81c3e25e6ebf3
artifacts/datasets/gold-v1-source-aware.json,dcd8d90081973b7b9a05ee6ef41623756a06232727f3718268945d71a207310a,433,train,514f190e-5d01-497a-a6ef-648601cd8bdb,no_relevante,no_relevante,0.7521184682846069,apps/ml/storage/models/beto-v1-gold-source-aware,9d8861f8406d41050fa57c530224a1e62983e887807fa6047eefcea52356c215,74f80917f6b245d718c201d58e0d3599f2e4b3e0,bcd9e9f5e9f6350f36cbc0c3a5b9693c65d819eb8feaa5dc525878bc9b65054c
artifacts/datasets/gold-v1-source-aware.json,dcd8d90081973b7b9a05ee6ef41623756a06232727f3718268945d71a207310a,434,train,514f190e-5d01-497a-a6ef-648601cd8bdb,no_relevante,no_relevante,0.4881533682346344,apps/ml/storage/models/beto-v1-gold-source-aware,9d8861f8406d41050fa57c530224a1e62983e887807fa6047eefcea52356c215,74f80917f6b245d718c201d58e0d3599f2e4b3e0,786e818e7cd4fca7ff3ba0f214dade6a43ab5934d537a34922861eca06fe1aac
artifacts/datasets/gold-v1-source-aware.json,dcd8d90081973b7b9a05ee6ef41623756a06232727f3718268945d71a207310a,435,train,514f190e-5d01-497a-a6ef-648601cd8bdb,no_relevante,no_relevante,0.7558404803276062,apps/ml/storage/models/beto-v1-gold-source-aware,9d8861f8406d41050fa57c530224a1e62983e887807fa6047eefcea52356c215,74f80917f6b245d718c201d58e0d3599f2e4b3e0,a14df04dc9c78678f14ac6c5aff362bc7a920b9df05e3aa980f1d51eaca42463
artifacts/datasets/gold-v1-source-aware.json,dcd8d90081973b7b9a05ee6ef41623756a06232727f3718268945d71a207310a,436,train,514f190e-5d01-497a-a6ef-648601cd8bdb,no_relevante,no_relevante,0.8395166993141174,apps/ml/storage/models/beto-v1-gold-source-aware,9d8861f8406d41050fa57c530224a1e62983e887807fa6047eefcea52356c215,74f80917f6b245d718c201d58e0d3599f2e4b3e0,ce6a906b0ffdb6fcba9a6b952a69b5703fad33dd038ee8de141552d195b96ec6
artifacts/datasets/gold-v1-source-aware.json,dcd8d90081973b7b9a05ee6ef41623756a06232727f3718268945d71a207310a,437,train,747ca90f-92fc-4d19-aec4-6dfc34c2917e,liderazgos_diplomacia_proyectos,campanias_conflictos_militares,0.8054910898208618,apps/ml/storage/models/beto-v1-gold-source-aware,9d8861f8406d41050fa57c530224a1e62983e887807fa6047eefcea52356c215,74f80917f6b245d718c201d58e0d3599f2e4b3e0,3002d21e1f715fcbce8188b653184f44c0c6547880348831ae4083f7b2c416f1
artifacts/datasets/gold-v1-source-aware.json,dcd8d90081973b7b9a05ee6ef41623756a06232727f3718268945d71a207310a,438,train,747ca90f-92fc-4d19-aec4-6dfc34c2917e,liderazgos_diplomacia_proyectos,liderazgos_diplomacia_proyectos,0.6525176167488098,apps/ml/storage/models/beto-v1-gold-source-aware,9d8861f8406d41050fa57c530224a1e62983e887807fa6047eefcea52356c215,74f80917f6b245d718c201d58e0d3599f2e4b3e0,a6750d07dcb5ea40c37696561ebcbe0e11ea69cd57645a2c896934eed5537834
artifacts/datasets/gold-v1-source-aware.json,dcd8d90081973b7b9a05ee6ef41623756a06232727f3718268945d71a207310a,439,train,747ca90f-92fc-4d19-aec4-6dfc34c2917e,liderazgos_diplomacia_proyectos,organizacion_consecuencias_republicanas,0.4347136616706848,apps/ml/storage/models/beto-v1-gold-source-aware,9d8861f8406d41050fa57c530224a1e62983e887807fa6047eefcea52356c215,74f80917f6b245d718c201d58e0d3599f2e4b3e0,b80f69dd3cc158622e055921b4c96e6833abb072b133314af21597865ac4fd45
artifacts/datasets/gold-v1-source-aware.json,dcd8d90081973b7b9a05ee6ef41623756a06232727f3718268945d71a207310a,440,train,747ca90f-92fc-4d19-aec4-6dfc34c2917e,liderazgos_diplomacia_proyectos,organizacion_consecuencias_republicanas,0.42893728613853455,apps/ml/storage/models/beto-v1-gold-source-aware,9d8861f8406d41050fa57c530224a1e62983e887807fa6047eefcea52356c215,74f80917f6b245d718c201d58e0d3599f2e4b3e0,f3dd345dbbff1caf472674035f4c2e798e5f3769070bc1453c61660642b9947a
artifacts/datasets/gold-v1-source-aware.json,dcd8d90081973b7b9a05ee6ef41623756a06232727f3718268945d71a207310a,441,train,747ca90f-92fc-4d19-aec4-6dfc34c2917e,liderazgos_diplomacia_proyectos,liderazgos_diplomacia_proyectos,0.5554811358451843,apps/ml/storage/models/beto-v1-gold-source-aware,9d8861f8406d41050fa57c530224a1e62983e887807fa6047eefcea52356c215,74f80917f6b245d718c201d58e0d3599f2e4b3e0,91de4cf790e6aea36d75ee817106b7f0bf18bd7ba96438179ef902f1ea69a324
artifacts/datasets/gold-v1-source-aware.json,dcd8d90081973b7b9a05ee6ef41623756a06232727f3718268945d71a207310a,442,train,747ca90f-92fc-4d19-aec4-6dfc34c2917e,liderazgos_diplomacia_proyectos,campanias_conflictos_militares,0.5157957673072815,apps/ml/storage/models/beto-v1-gold-source-aware,9d8861f8406d41050fa57c530224a1e62983e887807fa6047eefcea52356c215,74f80917f6b245d718c201d58e0d3599f2e4b3e0,1541c0146ebdd9ae4f225c6648cdeaef4d2bcddd43a4ccc2a43bd6a6a66707ee
artifacts/datasets/gold-v1-source-aware.json,dcd8d90081973b7b9a05ee6ef41623756a06232727f3718268945d71a207310a,443,train,747ca90f-92fc-4d19-aec4-6dfc34c2917e,organizacion_consecuencias_republicanas,organizacion_consecuencias_republicanas,0.634222686290741,apps/ml/storage/models/beto-v1-gold-source-aware,9d8861f8406d41050fa57c530224a1e62983e887807fa6047eefcea52356c215,74f80917f6b245d718c201d58e0d3599f2e4b3e0,24b2e9d28a2d456541fcfbb31e12089f7173e86b4ae461736f3ec0cff4beabd6
artifacts/datasets/gold-v1-source-aware.json,dcd8d90081973b7b9a05ee6ef41623756a06232727f3718268945d71a207310a,444,train,747ca90f-92fc-4d19-aec4-6dfc34c2917e,organizacion_consecuencias_republicanas,organizacion_consecuencias_republicanas,0.5399871468544006,apps/ml/storage/models/beto-v1-gold-source-aware,9d8861f8406d41050fa57c530224a1e62983e887807fa6047eefcea52356c215,74f80917f6b245d718c201d58e0d3599f2e4b3e0,e0a026bbaa4ed2c82b44b0aad17722cd2335f7c665adb5d0120a61b15b47f8c1
artifacts/datasets/gold-v1-source-aware.json,dcd8d90081973b7b9a05ee6ef41623756a06232727f3718268945d71a207310a,445,train,747ca90f-92fc-4d19-aec4-6dfc34c2917e,organizacion_consecuencias_republicanas,contexto_colonial_antecedentes,0.6293413639068604,apps/ml/storage/models/beto-v1-gold-source-aware,9d8861f8406d41050fa57c530224a1e62983e887807fa6047eefcea52356c215,74f80917f6b245d718c201d58e0d3599f2e4b3e0,2bf75b05220a41579f0c85edb4e0f4f358cb6bc1b02a1e56700bf466a6bdb59a
artifacts/datasets/gold-v1-source-aware.json,dcd8d90081973b7b9a05ee6ef41623756a06232727f3718268945d71a207310a,446,train,747ca90f-92fc-4d19-aec4-6dfc34c2917e,organizacion_consecuencias_republicanas,contexto_colonial_antecedentes,0.5796910524368286,apps/ml/storage/models/beto-v1-gold-source-aware,9d8861f8406d41050fa57c530224a1e62983e887807fa6047eefcea52356c215,74f80917f6b245d718c201d58e0d3599f2e4b3e0,0b085cab7ffa53051028c4d75e7b50bee78f64283b4af532b583555d2a5a1edf
artifacts/datasets/gold-v1-source-aware.json,dcd8d90081973b7b9a05ee6ef41623756a06232727f3718268945d71a207310a,447,train,747ca90f-92fc-4d19-aec4-6dfc34c2917e,organizacion_consecuencias_republicanas,organizacion_consecuencias_republicanas,0.628786027431488,apps/ml/storage/models/beto-v1-gold-source-aware,9d8861f8406d41050fa57c530224a1e62983e887807fa6047eefcea52356c215,74f80917f6b245d718c201d58e0d3599f2e4b3e0,86070254b6ee4fb13a7c4f03110b876f76ba42e4c2c1e9059ff1f82dcbfae8dd
artifacts/datasets/gold-v1-source-aware.json,dcd8d90081973b7b9a05ee6ef41623756a06232727f3718268945d71a207310a,448,train,747ca90f-92fc-4d19-aec4-6dfc34c2917e,organizacion_consecuencias_republicanas,organizacion_consecuencias_republicanas,0.4155650734901428,apps/ml/storage/models/beto-v1-gold-source-aware,9d8861f8406d41050fa57c530224a1e62983e887807fa6047eefcea52356c215,74f80917f6b245d718c201d58e0d3599f2e4b3e0,a201e42fea56b78bf8b5bc0771d030d57d0ddf91da7c2f7470e6e6b6d434c74d
artifacts/datasets/gold-v1-source-aware.json,dcd8d90081973b7b9a05ee6ef41623756a06232727f3718268945d71a207310a,449,train,747ca90f-92fc-4d19-aec4-6dfc34c2917e,organizacion_consecuencias_republicanas,contexto_colonial_antecedentes,0.5611280798912048,apps/ml/storage/models/beto-v1-gold-source-aware,9d8861f8406d41050fa57c530224a1e62983e887807fa6047eefcea52356c215,74f80917f6b245d718c201d58e0d3599f2e4b3e0,0bf62307a710879dbf9069ee9479cb600a4610bf7a7ecdc21c74cb4ba7262e96
artifacts/datasets/gold-v1-source-aware.json,dcd8d90081973b7b9a05ee6ef41623756a06232727f3718268945d71a207310a,450,train,747ca90f-92fc-4d19-aec4-6dfc34c2917e,organizacion_consecuencias_republicanas,contexto_colonial_antecedentes,0.41051769256591797,apps/ml/storage/models/beto-v1-gold-source-aware,9d8861f8406d41050fa57c530224a1e62983e887807fa6047eefcea52356c215,74f80917f6b245d718c201d58e0d3599f2e4b3e0,adfa0f02e65f8ff226f0f41d2bb7af41a0b85b19d9e8229c3cc2dbe8a9b6db82
artifacts/datasets/gold-v1-source-aware.json,dcd8d90081973b7b9a05ee6ef41623756a06232727f3718268945d71a207310a,451,train,747ca90f-92fc-4d19-aec4-6dfc34c2917e,no_relevante,no_relevante,0.7935544848442078,apps/ml/storage/models/beto-v1-gold-source-aware,9d8861f8406d41050fa57c530224a1e62983e887807fa6047eefcea52356c215,74f80917f6b245d718c201d58e0d3599f2e4b3e0,0fd0865b6b49980faf6a75f7f6c2d137502b641b96e7472f7b224d485f2f5272
artifacts/datasets/gold-v1-source-aware.json,dcd8d90081973b7b9a05ee6ef41623756a06232727f3718268945d71a207310a,452,train,747ca90f-92fc-4d19-aec4-6dfc34c2917e,no_relevante,no_relevante,0.6347041726112366,apps/ml/storage/models/beto-v1-gold-source-aware,9d8861f8406d41050fa57c530224a1e62983e887807fa6047eefcea52356c215,74f80917f6b245d718c201d58e0d3599f2e4b3e0,b5edbc7f4a76d4249a76536c4a69f8c1c224acdac82635c91ba6786d2008341b
artifacts/datasets/gold-v1-source-aware.json,dcd8d90081973b7b9a05ee6ef41623756a06232727f3718268945d71a207310a,453,train,747ca90f-92fc-4d19-aec4-6dfc34c2917e,campanias_conflictos_militares,campanias_conflictos_militares,0.8376836776733398,apps/ml/storage/models/beto-v1-gold-source-aware,9d8861f8406d41050fa57c530224a1e62983e887807fa6047eefcea52356c215,74f80917f6b245d718c201d58e0d3599f2e4b3e0,eb8046052a804233aea9d5e9b2e199604f56a92dd60ec52aca40c513ece8015a
artifacts/datasets/gold-v1-source-aware.json,dcd8d90081973b7b9a05ee6ef41623756a06232727f3718268945d71a207310a,454,train,747ca90f-92fc-4d19-aec4-6dfc34c2917e,campanias_conflictos_militares,campanias_conflictos_militares,0.8801020979881287,apps/ml/storage/models/beto-v1-gold-source-aware,9d8861f8406d41050fa57c530224a1e62983e887807fa6047eefcea52356c215,74f80917f6b245d718c201d58e0d3599f2e4b3e0,449a8e58d45f095fb81032233ddced7e1fd5830941fc5ae392b6d960de0e4162
artifacts/datasets/gold-v1-source-aware.json,dcd8d90081973b7b9a05ee6ef41623756a06232727f3718268945d71a207310a,455,train,747ca90f-92fc-4d19-aec4-6dfc34c2917e,liderazgos_diplomacia_proyectos,organizacion_consecuencias_republicanas,0.37936219573020935,apps/ml/storage/models/beto-v1-gold-source-aware,9d8861f8406d41050fa57c530224a1e62983e887807fa6047eefcea52356c215,74f80917f6b245d718c201d58e0d3599f2e4b3e0,59cf4bd7a87b363cfc1e11d8bd1613fa97b85e9188a49adddb4b432472e7e3e1
artifacts/datasets/gold-v1-source-aware.json,dcd8d90081973b7b9a05ee6ef41623756a06232727f3718268945d71a207310a,456,train,747ca90f-92fc-4d19-aec4-6dfc34c2917e,liderazgos_diplomacia_proyectos,liderazgos_diplomacia_proyectos,0.5210159420967102,apps/ml/storage/models/beto-v1-gold-source-aware,9d8861f8406d41050fa57c530224a1e62983e887807fa6047eefcea52356c215,74f80917f6b245d718c201d58e0d3599f2e4b3e0,b5f71382c0f439d0f41d5b1b15009905aff9744f929e53ca72f540c07cb3141b
artifacts/datasets/gold-v1-source-aware.json,dcd8d90081973b7b9a05ee6ef41623756a06232727f3718268945d71a207310a,457,train,747ca90f-92fc-4d19-aec4-6dfc34c2917e,liderazgos_diplomacia_proyectos,liderazgos_diplomacia_proyectos,0.44664469361305237,apps/ml/storage/models/beto-v1-gold-source-aware,9d8861f8406d41050fa57c530224a1e62983e887807fa6047eefcea52356c215,74f80917f6b245d718c201d58e0d3599f2e4b3e0,2055825b654e17977444b8af10477b622554a9aa08170729a6f7b2c73d4c3b18
artifacts/datasets/gold-v1-source-aware.json,dcd8d90081973b7b9a05ee6ef41623756a06232727f3718268945d71a207310a,458,train,747ca90f-92fc-4d19-aec4-6dfc34c2917e,liderazgos_diplomacia_proyectos,liderazgos_diplomacia_proyectos,0.698237419128418,apps/ml/storage/models/beto-v1-gold-source-aware,9d8861f8406d41050fa57c530224a1e62983e887807fa6047eefcea52356c215,74f80917f6b245d718c201d58e0d3599f2e4b3e0,beb907025c1589f3f7a047218c5cb84205cf27524e0cf8f50be175d1accea67b
artifacts/datasets/gold-v1-source-aware.json,dcd8d90081973b7b9a05ee6ef41623756a06232727f3718268945d71a207310a,459,train,747ca90f-92fc-4d19-aec4-6dfc34c2917e,organizacion_consecuencias_republicanas,organizacion_consecuencias_republicanas,0.6539710760116577,apps/ml/storage/models/beto-v1-gold-source-aware,9d8861f8406d41050fa57c530224a1e62983e887807fa6047eefcea52356c215,74f80917f6b245d718c201d58e0d3599f2e4b3e0,42067bbee664e0e392a9aca1bd0a211183b56886d40bf28c1cdaf90644f446fa
artifacts/datasets/gold-v1-source-aware.json,dcd8d90081973b7b9a05ee6ef41623756a06232727f3718268945d71a207310a,460,train,747ca90f-92fc-4d19-aec4-6dfc34c2917e,organizacion_consecuencias_republicanas,organizacion_consecuencias_republicanas,0.670242190361023,apps/ml/storage/models/beto-v1-gold-source-aware,9d8861f8406d41050fa57c530224a1e62983e887807fa6047eefcea52356c215,74f80917f6b245d718c201d58e0d3599f2e4b3e0,1bdb5d20aac681a14e46176f6d8dc55404d18676303a730b3554bffa733894b4
artifacts/datasets/gold-v1-source-aware.json,dcd8d90081973b7b9a05ee6ef41623756a06232727f3718268945d71a207310a,461,train,747ca90f-92fc-4d19-aec4-6dfc34c2917e,organizacion_consecuencias_republicanas,organizacion_consecuencias_republicanas,0.7020679116249084,apps/ml/storage/models/beto-v1-gold-source-aware,9d8861f8406d41050fa57c530224a1e62983e887807fa6047eefcea52356c215,74f80917f6b245d718c201d58e0d3599f2e4b3e0,2b1dd816065e21942ab351bcd9b2803f2aedb4f89ac24b02fad424196c5d3b29
artifacts/datasets/gold-v1-source-aware.json,dcd8d90081973b7b9a05ee6ef41623756a06232727f3718268945d71a207310a,462,train,747ca90f-92fc-4d19-aec4-6dfc34c2917e,organizacion_consecuencias_republicanas,organizacion_consecuencias_republicanas,0.583342969417572,apps/ml/storage/models/beto-v1-gold-source-aware,9d8861f8406d41050fa57c530224a1e62983e887807fa6047eefcea52356c215,74f80917f6b245d718c201d58e0d3599f2e4b3e0,dbf023d8d411c5ce2f8ca5a7e7b85b49cde0a51fcaacecd6230e7a981c07d741
artifacts/datasets/gold-v1-source-aware.json,dcd8d90081973b7b9a05ee6ef41623756a06232727f3718268945d71a207310a,463,train,747ca90f-92fc-4d19-aec4-6dfc34c2917e,organizacion_consecuencias_republicanas,organizacion_consecuencias_republicanas,0.6192780137062073,apps/ml/storage/models/beto-v1-gold-source-aware,9d8861f8406d41050fa57c530224a1e62983e887807fa6047eefcea52356c215,74f80917f6b245d718c201d58e0d3599f2e4b3e0,805401eeeb6569c8edf82a024fc01861818aeef0520e94439c2c24eb12f0829a
artifacts/datasets/gold-v1-source-aware.json,dcd8d90081973b7b9a05ee6ef41623756a06232727f3718268945d71a207310a,464,train,747ca90f-92fc-4d19-aec4-6dfc34c2917e,organizacion_consecuencias_republicanas,organizacion_consecuencias_republicanas,0.5177645087242126,apps/ml/storage/models/beto-v1-gold-source-aware,9d8861f8406d41050fa57c530224a1e62983e887807fa6047eefcea52356c215,74f80917f6b245d718c201d58e0d3599f2e4b3e0,246ef87859fd6ff8dbd06f6364c41f6e3f651b01ed809a3e2b5121a53f609b1d
artifacts/datasets/gold-v1-source-aware.json,dcd8d90081973b7b9a05ee6ef41623756a06232727f3718268945d71a207310a,465,train,747ca90f-92fc-4d19-aec4-6dfc34c2917e,organizacion_consecuencias_republicanas,organizacion_consecuencias_republicanas,0.651714563369751,apps/ml/storage/models/beto-v1-gold-source-aware,9d8861f8406d41050fa57c530224a1e62983e887807fa6047eefcea52356c215,74f80917f6b245d718c201d58e0d3599f2e4b3e0,cf2efeb6151d498b5276377730e21693c8b90e596539f5e90fb41b8668243b46
artifacts/datasets/gold-v1-source-aware.json,dcd8d90081973b7b9a05ee6ef41623756a06232727f3718268945d71a207310a,466,train,747ca90f-92fc-4d19-aec4-6dfc34c2917e,organizacion_consecuencias_republicanas,crisis_ideas_emancipadoras,0.34958508610725403,apps/ml/storage/models/beto-v1-gold-source-aware,9d8861f8406d41050fa57c530224a1e62983e887807fa6047eefcea52356c215,74f80917f6b245d718c201d58e0d3599f2e4b3e0,40563e5b8fa00feccb218baada12636ada36a85c7716913bfb4103d9288e9404
artifacts/datasets/gold-v1-source-aware.json,dcd8d90081973b7b9a05ee6ef41623756a06232727f3718268945d71a207310a,467,train,747ca90f-92fc-4d19-aec4-6dfc34c2917e,no_relevante,no_relevante,0.8309304714202881,apps/ml/storage/models/beto-v1-gold-source-aware,9d8861f8406d41050fa57c530224a1e62983e887807fa6047eefcea52356c215,74f80917f6b245d718c201d58e0d3599f2e4b3e0,390aa7bc68c4a3836288dbd6f978cd24290dd44d4cfca7768fbadd27dc2d7191
artifacts/datasets/gold-v1-source-aware.json,dcd8d90081973b7b9a05ee6ef41623756a06232727f3718268945d71a207310a,468,train,747ca90f-92fc-4d19-aec4-6dfc34c2917e,crisis_ideas_emancipadoras,organizacion_consecuencias_republicanas,0.3957539200782776,apps/ml/storage/models/beto-v1-gold-source-aware,9d8861f8406d41050fa57c530224a1e62983e887807fa6047eefcea52356c215,74f80917f6b245d718c201d58e0d3599f2e4b3e0,773f4eab39fdd221edbe4470777e8085cbad94aade99ebc4f81572b4b9c17d91
artifacts/datasets/gold-v1-source-aware.json,dcd8d90081973b7b9a05ee6ef41623756a06232727f3718268945d71a207310a,469,train,747ca90f-92fc-4d19-aec4-6dfc34c2917e,campanias_conflictos_militares,campanias_conflictos_militares,0.896242618560791,apps/ml/storage/models/beto-v1-gold-source-aware,9d8861f8406d41050fa57c530224a1e62983e887807fa6047eefcea52356c215,74f80917f6b245d718c201d58e0d3599f2e4b3e0,7d28505c66d5ef217746f6afece6e891ae8c03db92ca0d87a4faae8d92fb8586
artifacts/datasets/gold-v1-source-aware.json,dcd8d90081973b7b9a05ee6ef41623756a06232727f3718268945d71a207310a,470,train,747ca90f-92fc-4d19-aec4-6dfc34c2917e,liderazgos_diplomacia_proyectos,liderazgos_diplomacia_proyectos,0.43506619334220886,apps/ml/storage/models/beto-v1-gold-source-aware,9d8861f8406d41050fa57c530224a1e62983e887807fa6047eefcea52356c215,74f80917f6b245d718c201d58e0d3599f2e4b3e0,4c5639cd8b8d58080121fac91ce017adc33c02a866601f6b503d4f34418dadc1
artifacts/datasets/gold-v1-source-aware.json,dcd8d90081973b7b9a05ee6ef41623756a06232727f3718268945d71a207310a,471,train,747ca90f-92fc-4d19-aec4-6dfc34c2917e,liderazgos_diplomacia_proyectos,liderazgos_diplomacia_proyectos,0.6629248857498169,apps/ml/storage/models/beto-v1-gold-source-aware,9d8861f8406d41050fa57c530224a1e62983e887807fa6047eefcea52356c215,74f80917f6b245d718c201d58e0d3599f2e4b3e0,93c474c48359e3eec807d7b4614b566084d57836b6b0c22192bbb99b60f1149d
artifacts/datasets/gold-v1-source-aware.json,dcd8d90081973b7b9a05ee6ef41623756a06232727f3718268945d71a207310a,472,train,747ca90f-92fc-4d19-aec4-6dfc34c2917e,liderazgos_diplomacia_proyectos,liderazgos_diplomacia_proyectos,0.5908352732658386,apps/ml/storage/models/beto-v1-gold-source-aware,9d8861f8406d41050fa57c530224a1e62983e887807fa6047eefcea52356c215,74f80917f6b245d718c201d58e0d3599f2e4b3e0,70489c96aa6a2233a0bef7d7091136e917db8af3026a95ff2dc9432b3b417c65
artifacts/datasets/gold-v1-source-aware.json,dcd8d90081973b7b9a05ee6ef41623756a06232727f3718268945d71a207310a,473,train,747ca90f-92fc-4d19-aec4-6dfc34c2917e,liderazgos_diplomacia_proyectos,liderazgos_diplomacia_proyectos,0.6927884817123413,apps/ml/storage/models/beto-v1-gold-source-aware,9d8861f8406d41050fa57c530224a1e62983e887807fa6047eefcea52356c215,74f80917f6b245d718c201d58e0d3599f2e4b3e0,6a5005f894b8f8e93585a2ca92a60e37520970bdaf12e74b4b6b3f2c9607ba04
artifacts/datasets/gold-v1-source-aware.json,dcd8d90081973b7b9a05ee6ef41623756a06232727f3718268945d71a207310a,474,train,747ca90f-92fc-4d19-aec4-6dfc34c2917e,liderazgos_diplomacia_proyectos,campanias_conflictos_militares,0.41256004571914673,apps/ml/storage/models/beto-v1-gold-source-aware,9d8861f8406d41050fa57c530224a1e62983e887807fa6047eefcea52356c215,74f80917f6b245d718c201d58e0d3599f2e4b3e0,cc38f5ae7d586f39759c9f7756260337ce0faa3009a5c55ef08754d66b1f34c9
artifacts/datasets/gold-v1-source-aware.json,dcd8d90081973b7b9a05ee6ef41623756a06232727f3718268945d71a207310a,475,train,747ca90f-92fc-4d19-aec4-6dfc34c2917e,organizacion_consecuencias_republicanas,organizacion_consecuencias_republicanas,0.7110348343849182,apps/ml/storage/models/beto-v1-gold-source-aware,9d8861f8406d41050fa57c530224a1e62983e887807fa6047eefcea52356c215,74f80917f6b245d718c201d58e0d3599f2e4b3e0,40283484ef5d7430691724dbca24279bf54cab927837dbf6f0737d8b187428d0
artifacts/datasets/gold-v1-source-aware.json,dcd8d90081973b7b9a05ee6ef41623756a06232727f3718268945d71a207310a,476,train,747ca90f-92fc-4d19-aec4-6dfc34c2917e,organizacion_consecuencias_republicanas,crisis_ideas_emancipadoras,0.24214091897010803,apps/ml/storage/models/beto-v1-gold-source-aware,9d8861f8406d41050fa57c530224a1e62983e887807fa6047eefcea52356c215,74f80917f6b245d718c201d58e0d3599f2e4b3e0,07857bf3b42c3594c5b1178b0435e4b2ee3d38467a8f8216a574667998bac8bc
artifacts/datasets/gold-v1-source-aware.json,dcd8d90081973b7b9a05ee6ef41623756a06232727f3718268945d71a207310a,477,train,747ca90f-92fc-4d19-aec4-6dfc34c2917e,organizacion_consecuencias_republicanas,organizacion_consecuencias_republicanas,0.6472041010856628,apps/ml/storage/models/beto-v1-gold-source-aware,9d8861f8406d41050fa57c530224a1e62983e887807fa6047eefcea52356c215,74f80917f6b245d718c201d58e0d3599f2e4b3e0,131612b4c143dba7e282fbb7f7f9550fe49bafd36e01f2d2f545dd9b1401a81c
artifacts/datasets/gold-v1-source-aware.json,dcd8d90081973b7b9a05ee6ef41623756a06232727f3718268945d71a207310a,478,train,747ca90f-92fc-4d19-aec4-6dfc34c2917e,organizacion_consecuencias_republicanas,organizacion_consecuencias_republicanas,0.5836052298545837,apps/ml/storage/models/beto-v1-gold-source-aware,9d8861f8406d41050fa57c530224a1e62983e887807fa6047eefcea52356c215,74f80917f6b245d718c201d58e0d3599f2e4b3e0,51c31ca0e7d4a201b15ef2b083c756759336fd70c77dbbc0c823780db5f9fff6
artifacts/datasets/gold-v1-source-aware.json,dcd8d90081973b7b9a05ee6ef41623756a06232727f3718268945d71a207310a,479,train,747ca90f-92fc-4d19-aec4-6dfc34c2917e,liderazgos_diplomacia_proyectos,liderazgos_diplomacia_proyectos,0.4601464569568634,apps/ml/storage/models/beto-v1-gold-source-aware,9d8861f8406d41050fa57c530224a1e62983e887807fa6047eefcea52356c215,74f80917f6b245d718c201d58e0d3599f2e4b3e0,2251e5d5ed5ccedbf05b9e49a39b1a7a4e12eb0f731bb73bf15a9b31a579e1a6
artifacts/datasets/gold-v1-source-aware.json,dcd8d90081973b7b9a05ee6ef41623756a06232727f3718268945d71a207310a,480,train,747ca90f-92fc-4d19-aec4-6dfc34c2917e,crisis_ideas_emancipadoras,crisis_ideas_emancipadoras,0.4301532208919525,apps/ml/storage/models/beto-v1-gold-source-aware,9d8861f8406d41050fa57c530224a1e62983e887807fa6047eefcea52356c215,74f80917f6b245d718c201d58e0d3599f2e4b3e0,23a98773e035fbcbe88bfe77b9745c54738d563cf3fdaa3ebe7ea11b7e58b54e
artifacts/datasets/gold-v1-source-aware.json,dcd8d90081973b7b9a05ee6ef41623756a06232727f3718268945d71a207310a,481,train,747ca90f-92fc-4d19-aec4-6dfc34c2917e,campanias_conflictos_militares,campanias_conflictos_militares,0.8741415143013,apps/ml/storage/models/beto-v1-gold-source-aware,9d8861f8406d41050fa57c530224a1e62983e887807fa6047eefcea52356c215,74f80917f6b245d718c201d58e0d3599f2e4b3e0,b0947ffb72099c1a425a15d882459e66f7a0823e568a03020404d3e996dc45bc
artifacts/datasets/gold-v1-source-aware.json,dcd8d90081973b7b9a05ee6ef41623756a06232727f3718268945d71a207310a,482,train,747ca90f-92fc-4d19-aec4-6dfc34c2917e,campanias_conflictos_militares,campanias_conflictos_militares,0.9047211408615112,apps/ml/storage/models/beto-v1-gold-source-aware,9d8861f8406d41050fa57c530224a1e62983e887807fa6047eefcea52356c215,74f80917f6b245d718c201d58e0d3599f2e4b3e0,46386f1f322561cb7a0a88721ca739d3d612825e1ef3fb6b6fb87d0b8556dc70
artifacts/datasets/gold-v1-source-aware.json,dcd8d90081973b7b9a05ee6ef41623756a06232727f3718268945d71a207310a,483,train,747ca90f-92fc-4d19-aec4-6dfc34c2917e,liderazgos_diplomacia_proyectos,liderazgos_diplomacia_proyectos,0.613183856010437,apps/ml/storage/models/beto-v1-gold-source-aware,9d8861f8406d41050fa57c530224a1e62983e887807fa6047eefcea52356c215,74f80917f6b245d718c201d58e0d3599f2e4b3e0,2c0d489db17737f393cf23992c38f7bcef092bfb5e699e99abc76b5e58ccf915
artifacts/datasets/gold-v1-source-aware.json,dcd8d90081973b7b9a05ee6ef41623756a06232727f3718268945d71a207310a,484,train,747ca90f-92fc-4d19-aec4-6dfc34c2917e,organizacion_consecuencias_republicanas,organizacion_consecuencias_republicanas,0.4304359555244446,apps/ml/storage/models/beto-v1-gold-source-aware,9d8861f8406d41050fa57c530224a1e62983e887807fa6047eefcea52356c215,74f80917f6b245d718c201d58e0d3599f2e4b3e0,ce1cd97b02012ce90d1f3aa6f725bfca9002e7a09457d77ea297bb3b9e0ff13c
artifacts/datasets/gold-v1-source-aware.json,dcd8d90081973b7b9a05ee6ef41623756a06232727f3718268945d71a207310a,485,train,747ca90f-92fc-4d19-aec4-6dfc34c2917e,organizacion_consecuencias_republicanas,organizacion_consecuencias_republicanas,0.6794596314430237,apps/ml/storage/models/beto-v1-gold-source-aware,9d8861f8406d41050fa57c530224a1e62983e887807fa6047eefcea52356c215,74f80917f6b245d718c201d58e0d3599f2e4b3e0,fbd6c287ebc20089a8fecd5a73fc75f83df2baa7fac1749cbdbc114488c8b7c5
artifacts/datasets/gold-v1-source-aware.json,dcd8d90081973b7b9a05ee6ef41623756a06232727f3718268945d71a207310a,486,train,747ca90f-92fc-4d19-aec4-6dfc34c2917e,organizacion_consecuencias_republicanas,campanias_conflictos_militares,0.48135146498680115,apps/ml/storage/models/beto-v1-gold-source-aware,9d8861f8406d41050fa57c530224a1e62983e887807fa6047eefcea52356c215,74f80917f6b245d718c201d58e0d3599f2e4b3e0,d71f254ab4ced579b5a501f78f4ce4df1f630498f05ea9f0a808dc5cc783b49c
artifacts/datasets/gold-v1-source-aware.json,dcd8d90081973b7b9a05ee6ef41623756a06232727f3718268945d71a207310a,487,train,747ca90f-92fc-4d19-aec4-6dfc34c2917e,organizacion_consecuencias_republicanas,organizacion_consecuencias_republicanas,0.6972989439964294,apps/ml/storage/models/beto-v1-gold-source-aware,9d8861f8406d41050fa57c530224a1e62983e887807fa6047eefcea52356c215,74f80917f6b245d718c201d58e0d3599f2e4b3e0,6a427d4f24b6b17bd540544350993b7c2aa2f83c3be78ff87564b2fe588043bf
artifacts/datasets/gold-v1-source-aware.json,dcd8d90081973b7b9a05ee6ef41623756a06232727f3718268945d71a207310a,488,train,747ca90f-92fc-4d19-aec4-6dfc34c2917e,no_relevante,no_relevante,0.5022814869880676,apps/ml/storage/models/beto-v1-gold-source-aware,9d8861f8406d41050fa57c530224a1e62983e887807fa6047eefcea52356c215,74f80917f6b245d718c201d58e0d3599f2e4b3e0,285e1f02f98c30993824ab8f91b31f4d753445775f36bfe3239be82ec199581d
artifacts/datasets/gold-v1-source-aware.json,dcd8d90081973b7b9a05ee6ef41623756a06232727f3718268945d71a207310a,489,train,747ca90f-92fc-4d19-aec4-6dfc34c2917e,no_relevante,no_relevante,0.7422937750816345,apps/ml/storage/models/beto-v1-gold-source-aware,9d8861f8406d41050fa57c530224a1e62983e887807fa6047eefcea52356c215,74f80917f6b245d718c201d58e0d3599f2e4b3e0,fec7dc16d0936849282a2d1ae55448ba16e55a6f3e37406696a0b5b7fa99ff16
artifacts/datasets/gold-v1-source-aware.json,dcd8d90081973b7b9a05ee6ef41623756a06232727f3718268945d71a207310a,490,train,747ca90f-92fc-4d19-aec4-6dfc34c2917e,organizacion_consecuencias_republicanas,organizacion_consecuencias_republicanas,0.7221046686172485,apps/ml/storage/models/beto-v1-gold-source-aware,9d8861f8406d41050fa57c530224a1e62983e887807fa6047eefcea52356c215,74f80917f6b245d718c201d58e0d3599f2e4b3e0,530f4b48c723584cf43825668b89975a18bfa4b0f66234793bd1a80c4a570363
artifacts/datasets/gold-v1-source-aware.json,dcd8d90081973b7b9a05ee6ef41623756a06232727f3718268945d71a207310a,491,train,747ca90f-92fc-4d19-aec4-6dfc34c2917e,organizacion_consecuencias_republicanas,organizacion_consecuencias_republicanas,0.6007274985313416,apps/ml/storage/models/beto-v1-gold-source-aware,9d8861f8406d41050fa57c530224a1e62983e887807fa6047eefcea52356c215,74f80917f6b245d718c201d58e0d3599f2e4b3e0,2dfb8bf15311f64ba9088fe332e836cc314e19022a761dd3773eec3f1ea1d622
artifacts/datasets/gold-v1-source-aware.json,dcd8d90081973b7b9a05ee6ef41623756a06232727f3718268945d71a207310a,492,train,747ca90f-92fc-4d19-aec4-6dfc34c2917e,organizacion_consecuencias_republicanas,organizacion_consecuencias_republicanas,0.653616726398468,apps/ml/storage/models/beto-v1-gold-source-aware,9d8861f8406d41050fa57c530224a1e62983e887807fa6047eefcea52356c215,74f80917f6b245d718c201d58e0d3599f2e4b3e0,3201c3c904d77877e23dde0cf26b3ec1462b3edcc7aa5be8e485cdb0c2e95434
artifacts/datasets/gold-v1-source-aware.json,dcd8d90081973b7b9a05ee6ef41623756a06232727f3718268945d71a207310a,493,train,747ca90f-92fc-4d19-aec4-6dfc34c2917e,liderazgos_diplomacia_proyectos,organizacion_consecuencias_republicanas,0.45322734117507935,apps/ml/storage/models/beto-v1-gold-source-aware,9d8861f8406d41050fa57c530224a1e62983e887807fa6047eefcea52356c215,74f80917f6b245d718c201d58e0d3599f2e4b3e0,658a54fa8f3d3517fe55641dd1fb9b78609933b8cee68e72842875cc0ba7c04e
artifacts/datasets/gold-v1-source-aware.json,dcd8d90081973b7b9a05ee6ef41623756a06232727f3718268945d71a207310a,494,train,747ca90f-92fc-4d19-aec4-6dfc34c2917e,liderazgos_diplomacia_proyectos,liderazgos_diplomacia_proyectos,0.651444673538208,apps/ml/storage/models/beto-v1-gold-source-aware,9d8861f8406d41050fa57c530224a1e62983e887807fa6047eefcea52356c215,74f80917f6b245d718c201d58e0d3599f2e4b3e0,026052c5f89511fc3921d9dc8196db19f80e4e93585367a30cf1c31cb9ee1fde
artifacts/datasets/gold-v1-source-aware.json,dcd8d90081973b7b9a05ee6ef41623756a06232727f3718268945d71a207310a,495,train,747ca90f-92fc-4d19-aec4-6dfc34c2917e,liderazgos_diplomacia_proyectos,liderazgos_diplomacia_proyectos,0.3866090774536133,apps/ml/storage/models/beto-v1-gold-source-aware,9d8861f8406d41050fa57c530224a1e62983e887807fa6047eefcea52356c215,74f80917f6b245d718c201d58e0d3599f2e4b3e0,95a09fdb2ff5f7eaca6e184b5307139e9d9aed51ca7ea45e7d098c54b3c1b3c1
artifacts/datasets/gold-v1-source-aware.json,dcd8d90081973b7b9a05ee6ef41623756a06232727f3718268945d71a207310a,496,train,747ca90f-92fc-4d19-aec4-6dfc34c2917e,liderazgos_diplomacia_proyectos,liderazgos_diplomacia_proyectos,0.6131163239479065,apps/ml/storage/models/beto-v1-gold-source-aware,9d8861f8406d41050fa57c530224a1e62983e887807fa6047eefcea52356c215,74f80917f6b245d718c201d58e0d3599f2e4b3e0,da4ffdc33e2e1c35b5da9ad7062b55d909d92cef07c869edefe802b1cc3cdb6b
artifacts/datasets/gold-v1-source-aware.json,dcd8d90081973b7b9a05ee6ef41623756a06232727f3718268945d71a207310a,497,train,747ca90f-92fc-4d19-aec4-6dfc34c2917e,liderazgos_diplomacia_proyectos,liderazgos_diplomacia_proyectos,0.5018736720085144,apps/ml/storage/models/beto-v1-gold-source-aware,9d8861f8406d41050fa57c530224a1e62983e887807fa6047eefcea52356c215,74f80917f6b245d718c201d58e0d3599f2e4b3e0,a46b1a35131bac21cb6fc27bc8bc8b581ed0228c3893df665a254a60033208d3
artifacts/datasets/gold-v1-source-aware.json,dcd8d90081973b7b9a05ee6ef41623756a06232727f3718268945d71a207310a,498,train,747ca90f-92fc-4d19-aec4-6dfc34c2917e,liderazgos_diplomacia_proyectos,liderazgos_diplomacia_proyectos,0.5693885684013367,apps/ml/storage/models/beto-v1-gold-source-aware,9d8861f8406d41050fa57c530224a1e62983e887807fa6047eefcea52356c215,74f80917f6b245d718c201d58e0d3599f2e4b3e0,c328bb505f2bb4007c43a9b1675e421d233ea21f8671b7d4662a6b7471b0a204
artifacts/datasets/gold-v1-source-aware.json,dcd8d90081973b7b9a05ee6ef41623756a06232727f3718268945d71a207310a,499,train,747ca90f-92fc-4d19-aec4-6dfc34c2917e,liderazgos_diplomacia_proyectos,liderazgos_diplomacia_proyectos,0.664823591709137,apps/ml/storage/models/beto-v1-gold-source-aware,9d8861f8406d41050fa57c530224a1e62983e887807fa6047eefcea52356c215,74f80917f6b245d718c201d58e0d3599f2e4b3e0,540ab429bac823a7d3d56e32793d3e87c2266b87d4a4bb831fb5d7f67c060eb1
artifacts/datasets/gold-v1-source-aware.json,dcd8d90081973b7b9a05ee6ef41623756a06232727f3718268945d71a207310a,500,train,747ca90f-92fc-4d19-aec4-6dfc34c2917e,campanias_conflictos_militares,campanias_conflictos_militares,0.8373246192932129,apps/ml/storage/models/beto-v1-gold-source-aware,9d8861f8406d41050fa57c530224a1e62983e887807fa6047eefcea52356c215,74f80917f6b245d718c201d58e0d3599f2e4b3e0,c93ca35714e3aa99ec72b25cbe69538032af34c0300bc3403c4de8e4b321c992
artifacts/datasets/gold-v1-source-aware.json,dcd8d90081973b7b9a05ee6ef41623756a06232727f3718268945d71a207310a,501,train,747ca90f-92fc-4d19-aec4-6dfc34c2917e,no_relevante,no_relevante,0.7564139366149902,apps/ml/storage/models/beto-v1-gold-source-aware,9d8861f8406d41050fa57c530224a1e62983e887807fa6047eefcea52356c215,74f80917f6b245d718c201d58e0d3599f2e4b3e0,2a197e5449bde2fd436b57adcf65e8a7aeb8afbee701d791478ee3508021bab8
artifacts/datasets/gold-v1-source-aware.json,dcd8d90081973b7b9a05ee6ef41623756a06232727f3718268945d71a207310a,502,train,747ca90f-92fc-4d19-aec4-6dfc34c2917e,no_relevante,no_relevante,0.5219503045082092,apps/ml/storage/models/beto-v1-gold-source-aware,9d8861f8406d41050fa57c530224a1e62983e887807fa6047eefcea52356c215,74f80917f6b245d718c201d58e0d3599f2e4b3e0,1c5b997d9ae784ce310af22b727482d8eb73af00572c57fa0bf0a4510d07a484
artifacts/datasets/gold-v1-source-aware.json,dcd8d90081973b7b9a05ee6ef41623756a06232727f3718268945d71a207310a,503,train,747ca90f-92fc-4d19-aec4-6dfc34c2917e,liderazgos_diplomacia_proyectos,campanias_conflictos_militares,0.7917382121086121,apps/ml/storage/models/beto-v1-gold-source-aware,9d8861f8406d41050fa57c530224a1e62983e887807fa6047eefcea52356c215,74f80917f6b245d718c201d58e0d3599f2e4b3e0,f7243baf76a6697ba3238d6837ac660ec47467d0f88861c827383800969f75b0
artifacts/datasets/gold-v1-source-aware.json,dcd8d90081973b7b9a05ee6ef41623756a06232727f3718268945d71a207310a,504,train,747ca90f-92fc-4d19-aec4-6dfc34c2917e,organizacion_consecuencias_republicanas,organizacion_consecuencias_republicanas,0.5075146555900574,apps/ml/storage/models/beto-v1-gold-source-aware,9d8861f8406d41050fa57c530224a1e62983e887807fa6047eefcea52356c215,74f80917f6b245d718c201d58e0d3599f2e4b3e0,0c6682be1b31584e6d5f6e8a12bcc2ddb276027a4989ee337d5cbb5b19f6cbc1
artifacts/datasets/gold-v1-source-aware.json,dcd8d90081973b7b9a05ee6ef41623756a06232727f3718268945d71a207310a,505,train,747ca90f-92fc-4d19-aec4-6dfc34c2917e,organizacion_consecuencias_republicanas,organizacion_consecuencias_republicanas,0.37623831629753113,apps/ml/storage/models/beto-v1-gold-source-aware,9d8861f8406d41050fa57c530224a1e62983e887807fa6047eefcea52356c215,74f80917f6b245d718c201d58e0d3599f2e4b3e0,b3917c585505a9102d26895537fcfabac23bf9340455b21976b6338fc7525269
artifacts/datasets/gold-v1-source-aware.json,dcd8d90081973b7b9a05ee6ef41623756a06232727f3718268945d71a207310a,506,train,747ca90f-92fc-4d19-aec4-6dfc34c2917e,organizacion_consecuencias_republicanas,organizacion_consecuencias_republicanas,0.4678429365158081,apps/ml/storage/models/beto-v1-gold-source-aware,9d8861f8406d41050fa57c530224a1e62983e887807fa6047eefcea52356c215,74f80917f6b245d718c201d58e0d3599f2e4b3e0,64323b612ce8674286be96b646ec1a14af65e3a01cb05af88810e9c4fb2b9d6a
artifacts/datasets/gold-v1-source-aware.json,dcd8d90081973b7b9a05ee6ef41623756a06232727f3718268945d71a207310a,507,train,747ca90f-92fc-4d19-aec4-6dfc34c2917e,campanias_conflictos_militares,campanias_conflictos_militares,0.8970972299575806,apps/ml/storage/models/beto-v1-gold-source-aware,9d8861f8406d41050fa57c530224a1e62983e887807fa6047eefcea52356c215,74f80917f6b245d718c201d58e0d3599f2e4b3e0,f7075dfec01be5d18c0a438b38132703eba26068faf4684ffd50f040885ab05e
artifacts/datasets/gold-v1-source-aware.json,dcd8d90081973b7b9a05ee6ef41623756a06232727f3718268945d71a207310a,508,train,747ca90f-92fc-4d19-aec4-6dfc34c2917e,organizacion_consecuencias_republicanas,organizacion_consecuencias_republicanas,0.6776793599128723,apps/ml/storage/models/beto-v1-gold-source-aware,9d8861f8406d41050fa57c530224a1e62983e887807fa6047eefcea52356c215,74f80917f6b245d718c201d58e0d3599f2e4b3e0,fe79240347f17125c962e8e4102c79d8234488e3e5bd7b9caa01bd5fd3c6b151
artifacts/datasets/gold-v1-source-aware.json,dcd8d90081973b7b9a05ee6ef41623756a06232727f3718268945d71a207310a,509,train,747ca90f-92fc-4d19-aec4-6dfc34c2917e,organizacion_consecuencias_republicanas,organizacion_consecuencias_republicanas,0.6050365567207336,apps/ml/storage/models/beto-v1-gold-source-aware,9d8861f8406d41050fa57c530224a1e62983e887807fa6047eefcea52356c215,74f80917f6b245d718c201d58e0d3599f2e4b3e0,c993f9d149446640700b2cc71d3128de5e6a982875f244a467147bd90fdd71e0
artifacts/datasets/gold-v1-source-aware.json,dcd8d90081973b7b9a05ee6ef41623756a06232727f3718268945d71a207310a,510,train,747ca90f-92fc-4d19-aec4-6dfc34c2917e,liderazgos_diplomacia_proyectos,liderazgos_diplomacia_proyectos,0.5760568380355835,apps/ml/storage/models/beto-v1-gold-source-aware,9d8861f8406d41050fa57c530224a1e62983e887807fa6047eefcea52356c215,74f80917f6b245d718c201d58e0d3599f2e4b3e0,5b7514a3d9e3c285a8153d4fe783325d66e3a48fae89b033c19a19b654a7a8a5
artifacts/datasets/gold-v1-source-aware.json,dcd8d90081973b7b9a05ee6ef41623756a06232727f3718268945d71a207310a,511,train,747ca90f-92fc-4d19-aec4-6dfc34c2917e,liderazgos_diplomacia_proyectos,liderazgos_diplomacia_proyectos,0.4386582374572754,apps/ml/storage/models/beto-v1-gold-source-aware,9d8861f8406d41050fa57c530224a1e62983e887807fa6047eefcea52356c215,74f80917f6b245d718c201d58e0d3599f2e4b3e0,7edb2d034ae339fc064c480f879416d256f514e92947b79f9c6f86c324334dbd
artifacts/datasets/gold-v1-source-aware.json,dcd8d90081973b7b9a05ee6ef41623756a06232727f3718268945d71a207310a,512,train,747ca90f-92fc-4d19-aec4-6dfc34c2917e,liderazgos_diplomacia_proyectos,organizacion_consecuencias_republicanas,0.34997233748435974,apps/ml/storage/models/beto-v1-gold-source-aware,9d8861f8406d41050fa57c530224a1e62983e887807fa6047eefcea52356c215,74f80917f6b245d718c201d58e0d3599f2e4b3e0,1f61bb55177054ce3a35e09ad6133b3edaaa56930ca620c358bf64fb47e3bdbc
artifacts/datasets/gold-v1-source-aware.json,dcd8d90081973b7b9a05ee6ef41623756a06232727f3718268945d71a207310a,513,train,747ca90f-92fc-4d19-aec4-6dfc34c2917e,campanias_conflictos_militares,campanias_conflictos_militares,0.8848990201950073,apps/ml/storage/models/beto-v1-gold-source-aware,9d8861f8406d41050fa57c530224a1e62983e887807fa6047eefcea52356c215,74f80917f6b245d718c201d58e0d3599f2e4b3e0,4ee3dccf22bc279b50fcd5109b7a92b9a44cf3bfe2bc1381078dac080322aaa4
artifacts/datasets/gold-v1-source-aware.json,dcd8d90081973b7b9a05ee6ef41623756a06232727f3718268945d71a207310a,514,train,747ca90f-92fc-4d19-aec4-6dfc34c2917e,no_relevante,no_relevante,0.5512605309486389,apps/ml/storage/models/beto-v1-gold-source-aware,9d8861f8406d41050fa57c530224a1e62983e887807fa6047eefcea52356c215,74f80917f6b245d718c201d58e0d3599f2e4b3e0,8a5c97d5e794b65d920f1beeb1e3518558b5f98495dabb231e6b751da1d6df5f
artifacts/datasets/gold-v1-source-aware.json,dcd8d90081973b7b9a05ee6ef41623756a06232727f3718268945d71a207310a,515,train,747ca90f-92fc-4d19-aec4-6dfc34c2917e,no_relevante,no_relevante,0.7127555012702942,apps/ml/storage/models/beto-v1-gold-source-aware,9d8861f8406d41050fa57c530224a1e62983e887807fa6047eefcea52356c215,74f80917f6b245d718c201d58e0d3599f2e4b3e0,c7cf3a6aa5a46cc702addbef0aa6475883c8c1a1887e86d1b3b065c2b25f8ac1
artifacts/datasets/gold-v1-source-aware.json,dcd8d90081973b7b9a05ee6ef41623756a06232727f3718268945d71a207310a,516,train,747ca90f-92fc-4d19-aec4-6dfc34c2917e,no_relevante,no_relevante,0.4982168674468994,apps/ml/storage/models/beto-v1-gold-source-aware,9d8861f8406d41050fa57c530224a1e62983e887807fa6047eefcea52356c215,74f80917f6b245d718c201d58e0d3599f2e4b3e0,c556fac3443655523e808db800b2dcf9da680ae666087db65bfc5cdcf3c9088a
artifacts/datasets/gold-v1-source-aware.json,dcd8d90081973b7b9a05ee6ef41623756a06232727f3718268945d71a207310a,517,train,747ca90f-92fc-4d19-aec4-6dfc34c2917e,no_relevante,no_relevante,0.5989829897880554,apps/ml/storage/models/beto-v1-gold-source-aware,9d8861f8406d41050fa57c530224a1e62983e887807fa6047eefcea52356c215,74f80917f6b245d718c201d58e0d3599f2e4b3e0,3560668247280a47d58de07c2753f86b63eb11e31e9a4f45ae844d3c819568d7
artifacts/datasets/gold-v1-source-aware.json,dcd8d90081973b7b9a05ee6ef41623756a06232727f3718268945d71a207310a,518,train,747ca90f-92fc-4d19-aec4-6dfc34c2917e,organizacion_consecuencias_republicanas,organizacion_consecuencias_republicanas,0.666486382484436,apps/ml/storage/models/beto-v1-gold-source-aware,9d8861f8406d41050fa57c530224a1e62983e887807fa6047eefcea52356c215,74f80917f6b245d718c201d58e0d3599f2e4b3e0,e60231419169fea21926ff251c8ec6f4818d3e7717ea65c75f5985d731eddfc0
artifacts/datasets/gold-v1-source-aware.json,dcd8d90081973b7b9a05ee6ef41623756a06232727f3718268945d71a207310a,519,train,747ca90f-92fc-4d19-aec4-6dfc34c2917e,organizacion_consecuencias_republicanas,organizacion_consecuencias_republicanas,0.5859096646308899,apps/ml/storage/models/beto-v1-gold-source-aware,9d8861f8406d41050fa57c530224a1e62983e887807fa6047eefcea52356c215,74f80917f6b245d718c201d58e0d3599f2e4b3e0,316774312de50e8deac262ae130f30d86d56f444c1ecc29a7e5f9ab2981a05eb
artifacts/datasets/gold-v1-source-aware.json,dcd8d90081973b7b9a05ee6ef41623756a06232727f3718268945d71a207310a,520,train,747ca90f-92fc-4d19-aec4-6dfc34c2917e,liderazgos_diplomacia_proyectos,campanias_conflictos_militares,0.4385354518890381,apps/ml/storage/models/beto-v1-gold-source-aware,9d8861f8406d41050fa57c530224a1e62983e887807fa6047eefcea52356c215,74f80917f6b245d718c201d58e0d3599f2e4b3e0,b400ee5a0f1428e5a00c88dcb88964224eb3e472c2aef623f3d3103127f3ff74
artifacts/datasets/gold-v1-source-aware.json,dcd8d90081973b7b9a05ee6ef41623756a06232727f3718268945d71a207310a,521,train,747ca90f-92fc-4d19-aec4-6dfc34c2917e,campanias_conflictos_militares,campanias_conflictos_militares,0.8262476325035095,apps/ml/storage/models/beto-v1-gold-source-aware,9d8861f8406d41050fa57c530224a1e62983e887807fa6047eefcea52356c215,74f80917f6b245d718c201d58e0d3599f2e4b3e0,31b0df6f36aed017ed36e692d39c9840c51c842365787e91a2b39956672a7af1
artifacts/datasets/gold-v1-source-aware.json,dcd8d90081973b7b9a05ee6ef41623756a06232727f3718268945d71a207310a,522,train,747ca90f-92fc-4d19-aec4-6dfc34c2917e,campanias_conflictos_militares,campanias_conflictos_militares,0.7749914526939392,apps/ml/storage/models/beto-v1-gold-source-aware,9d8861f8406d41050fa57c530224a1e62983e887807fa6047eefcea52356c215,74f80917f6b245d718c201d58e0d3599f2e4b3e0,2827bc7cf7e8506935eb7ce7dbd51f3059ba0244fabd9298a60d85daf3612e13
artifacts/datasets/gold-v1-source-aware.json,dcd8d90081973b7b9a05ee6ef41623756a06232727f3718268945d71a207310a,523,train,747ca90f-92fc-4d19-aec4-6dfc34c2917e,campanias_conflictos_militares,campanias_conflictos_militares,0.8338914513587952,apps/ml/storage/models/beto-v1-gold-source-aware,9d8861f8406d41050fa57c530224a1e62983e887807fa6047eefcea52356c215,74f80917f6b245d718c201d58e0d3599f2e4b3e0,73ab60f87ebc5bd15b18f5f8aacfee608948c25f17c625b61bc0affa910a7a43
artifacts/datasets/gold-v1-source-aware.json,dcd8d90081973b7b9a05ee6ef41623756a06232727f3718268945d71a207310a,524,train,747ca90f-92fc-4d19-aec4-6dfc34c2917e,campanias_conflictos_militares,campanias_conflictos_militares,0.8681922554969788,apps/ml/storage/models/beto-v1-gold-source-aware,9d8861f8406d41050fa57c530224a1e62983e887807fa6047eefcea52356c215,74f80917f6b245d718c201d58e0d3599f2e4b3e0,b89d6f0efff94f39cba99c414194f034793c0078896ad66a06a96e5e62f1c8bd
artifacts/datasets/gold-v1-source-aware.json,dcd8d90081973b7b9a05ee6ef41623756a06232727f3718268945d71a207310a,525,train,747ca90f-92fc-4d19-aec4-6dfc34c2917e,campanias_conflictos_militares,campanias_conflictos_militares,0.8845075964927673,apps/ml/storage/models/beto-v1-gold-source-aware,9d8861f8406d41050fa57c530224a1e62983e887807fa6047eefcea52356c215,74f80917f6b245d718c201d58e0d3599f2e4b3e0,4606eba730e5eda6a368026fd072731d0940a4cf4265be616e4ee53fcbb8b909
artifacts/datasets/gold-v1-source-aware.json,dcd8d90081973b7b9a05ee6ef41623756a06232727f3718268945d71a207310a,526,train,747ca90f-92fc-4d19-aec4-6dfc34c2917e,campanias_conflictos_militares,campanias_conflictos_militares,0.8944329023361206,apps/ml/storage/models/beto-v1-gold-source-aware,9d8861f8406d41050fa57c530224a1e62983e887807fa6047eefcea52356c215,74f80917f6b245d718c201d58e0d3599f2e4b3e0,284f25de9b4314a316c1de5d3c3e7295ab2a53c399579169f15a9f1ede3a848c
artifacts/datasets/gold-v1-source-aware.json,dcd8d90081973b7b9a05ee6ef41623756a06232727f3718268945d71a207310a,527,train,747ca90f-92fc-4d19-aec4-6dfc34c2917e,campanias_conflictos_militares,campanias_conflictos_militares,0.7245475053787231,apps/ml/storage/models/beto-v1-gold-source-aware,9d8861f8406d41050fa57c530224a1e62983e887807fa6047eefcea52356c215,74f80917f6b245d718c201d58e0d3599f2e4b3e0,9c33f291f8ad40f11057551174726cc5ed83accaf5f3a942aee2634ee6dc9561
artifacts/datasets/gold-v1-source-aware.json,dcd8d90081973b7b9a05ee6ef41623756a06232727f3718268945d71a207310a,528,train,747ca90f-92fc-4d19-aec4-6dfc34c2917e,campanias_conflictos_militares,campanias_conflictos_militares,0.8922646045684814,apps/ml/storage/models/beto-v1-gold-source-aware,9d8861f8406d41050fa57c530224a1e62983e887807fa6047eefcea52356c215,74f80917f6b245d718c201d58e0d3599f2e4b3e0,6b7d529da84551093179b3c9a41b9ef24e8678c69a0c40a779c9df39e8b3f00a
artifacts/datasets/gold-v1-source-aware.json,dcd8d90081973b7b9a05ee6ef41623756a06232727f3718268945d71a207310a,529,train,747ca90f-92fc-4d19-aec4-6dfc34c2917e,campanias_conflictos_militares,campanias_conflictos_militares,0.8719929456710815,apps/ml/storage/models/beto-v1-gold-source-aware,9d8861f8406d41050fa57c530224a1e62983e887807fa6047eefcea52356c215,74f80917f6b245d718c201d58e0d3599f2e4b3e0,3022940bcae26b7907febf45716f7657c2be6cb499801906c5b619170de64a2d
artifacts/datasets/gold-v1-source-aware.json,dcd8d90081973b7b9a05ee6ef41623756a06232727f3718268945d71a207310a,530,train,747ca90f-92fc-4d19-aec4-6dfc34c2917e,contexto_colonial_antecedentes,contexto_colonial_antecedentes,0.6128544211387634,apps/ml/storage/models/beto-v1-gold-source-aware,9d8861f8406d41050fa57c530224a1e62983e887807fa6047eefcea52356c215,74f80917f6b245d718c201d58e0d3599f2e4b3e0,d97573fe7022dddc72fd23e5d43dd64f0a31828ed0dc32884218b820d297d461
artifacts/datasets/gold-v1-source-aware.json,dcd8d90081973b7b9a05ee6ef41623756a06232727f3718268945d71a207310a,531,train,747ca90f-92fc-4d19-aec4-6dfc34c2917e,contexto_colonial_antecedentes,contexto_colonial_antecedentes,0.6748800277709961,apps/ml/storage/models/beto-v1-gold-source-aware,9d8861f8406d41050fa57c530224a1e62983e887807fa6047eefcea52356c215,74f80917f6b245d718c201d58e0d3599f2e4b3e0,1f456aaaa7151ff5744004e952c30dbec8ff13e62bbafd4ff51a638a2a666972
artifacts/datasets/gold-v1-source-aware.json,dcd8d90081973b7b9a05ee6ef41623756a06232727f3718268945d71a207310a,532,train,747ca90f-92fc-4d19-aec4-6dfc34c2917e,campanias_conflictos_militares,campanias_conflictos_militares,0.8593555688858032,apps/ml/storage/models/beto-v1-gold-source-aware,9d8861f8406d41050fa57c530224a1e62983e887807fa6047eefcea52356c215,74f80917f6b245d718c201d58e0d3599f2e4b3e0,65c545486ea1c1d983ca094f678502fdb93cc575491c73c5eee89b292b55111c
artifacts/datasets/gold-v1-source-aware.json,dcd8d90081973b7b9a05ee6ef41623756a06232727f3718268945d71a207310a,533,train,747ca90f-92fc-4d19-aec4-6dfc34c2917e,contexto_colonial_antecedentes,organizacion_consecuencias_republicanas,0.5083305239677429,apps/ml/storage/models/beto-v1-gold-source-aware,9d8861f8406d41050fa57c530224a1e62983e887807fa6047eefcea52356c215,74f80917f6b245d718c201d58e0d3599f2e4b3e0,f054dfac9bcee5b11b87c9a5b07c0c2cacdf81fac1d03a87881dd520560fde3e
artifacts/datasets/gold-v1-source-aware.json,dcd8d90081973b7b9a05ee6ef41623756a06232727f3718268945d71a207310a,534,train,747ca90f-92fc-4d19-aec4-6dfc34c2917e,campanias_conflictos_militares,campanias_conflictos_militares,0.7073375582695007,apps/ml/storage/models/beto-v1-gold-source-aware,9d8861f8406d41050fa57c530224a1e62983e887807fa6047eefcea52356c215,74f80917f6b245d718c201d58e0d3599f2e4b3e0,bb3bc5ca5f914cf30a2734de53467e60798e54ccb2648808a753067808410a4f
artifacts/datasets/gold-v1-source-aware.json,dcd8d90081973b7b9a05ee6ef41623756a06232727f3718268945d71a207310a,535,train,747ca90f-92fc-4d19-aec4-6dfc34c2917e,campanias_conflictos_militares,campanias_conflictos_militares,0.8905777931213379,apps/ml/storage/models/beto-v1-gold-source-aware,9d8861f8406d41050fa57c530224a1e62983e887807fa6047eefcea52356c215,74f80917f6b245d718c201d58e0d3599f2e4b3e0,4b183943c50383d9a8845fe89cd08c2515d2f4e1881f00a00d01106a317913cf
artifacts/datasets/gold-v1-source-aware.json,dcd8d90081973b7b9a05ee6ef41623756a06232727f3718268945d71a207310a,536,train,747ca90f-92fc-4d19-aec4-6dfc34c2917e,campanias_conflictos_militares,campanias_conflictos_militares,0.8630411624908447,apps/ml/storage/models/beto-v1-gold-source-aware,9d8861f8406d41050fa57c530224a1e62983e887807fa6047eefcea52356c215,74f80917f6b245d718c201d58e0d3599f2e4b3e0,240e925116ec7e3e7206484f7ac45eed37babd3ef0460d446724ca1a511d55f7
artifacts/datasets/gold-v1-source-aware.json,dcd8d90081973b7b9a05ee6ef41623756a06232727f3718268945d71a207310a,537,train,747ca90f-92fc-4d19-aec4-6dfc34c2917e,contexto_colonial_antecedentes,contexto_colonial_antecedentes,0.673670768737793,apps/ml/storage/models/beto-v1-gold-source-aware,9d8861f8406d41050fa57c530224a1e62983e887807fa6047eefcea52356c215,74f80917f6b245d718c201d58e0d3599f2e4b3e0,963a29c0939e95ae15f9e6dd14f46b7a92d5a65e1849ab909c5888d586e14aed
artifacts/datasets/gold-v1-source-aware.json,dcd8d90081973b7b9a05ee6ef41623756a06232727f3718268945d71a207310a,538,train,747ca90f-92fc-4d19-aec4-6dfc34c2917e,contexto_colonial_antecedentes,contexto_colonial_antecedentes,0.6946766972541809,apps/ml/storage/models/beto-v1-gold-source-aware,9d8861f8406d41050fa57c530224a1e62983e887807fa6047eefcea52356c215,74f80917f6b245d718c201d58e0d3599f2e4b3e0,526a216c0600742c51c4671833637fd21bb9f5d196ec852662728eb669d69594
artifacts/datasets/gold-v1-source-aware.json,dcd8d90081973b7b9a05ee6ef41623756a06232727f3718268945d71a207310a,539,train,0ea45102-057d-4bff-b527-f36326f66d33,no_relevante,no_relevante,0.8694638609886169,apps/ml/storage/models/beto-v1-gold-source-aware,9d8861f8406d41050fa57c530224a1e62983e887807fa6047eefcea52356c215,74f80917f6b245d718c201d58e0d3599f2e4b3e0,3928d3880bc2adc75600900e8e8fd016e41d5a63d7fec45d0eac9a31d29e89b8
artifacts/datasets/gold-v1-source-aware.json,dcd8d90081973b7b9a05ee6ef41623756a06232727f3718268945d71a207310a,540,train,747ca90f-92fc-4d19-aec4-6dfc34c2917e,contexto_colonial_antecedentes,contexto_colonial_antecedentes,0.416036456823349,apps/ml/storage/models/beto-v1-gold-source-aware,9d8861f8406d41050fa57c530224a1e62983e887807fa6047eefcea52356c215,74f80917f6b245d718c201d58e0d3599f2e4b3e0,26706f67837b6edd8da16dfc31212792db2f2ed762bb291fd26d3f631de8ace6
artifacts/datasets/gold-v1-source-aware.json,dcd8d90081973b7b9a05ee6ef41623756a06232727f3718268945d71a207310a,541,train,747ca90f-92fc-4d19-aec4-6dfc34c2917e,contexto_colonial_antecedentes,contexto_colonial_antecedentes,0.64325350522995,apps/ml/storage/models/beto-v1-gold-source-aware,9d8861f8406d41050fa57c530224a1e62983e887807fa6047eefcea52356c215,74f80917f6b245d718c201d58e0d3599f2e4b3e0,c4a963d8d412bbd4c9c5e487166ce904ed55d09fa5949cc6489d6c6cd0d0bece
artifacts/datasets/gold-v1-source-aware.json,dcd8d90081973b7b9a05ee6ef41623756a06232727f3718268945d71a207310a,542,train,747ca90f-92fc-4d19-aec4-6dfc34c2917e,contexto_colonial_antecedentes,contexto_colonial_antecedentes,0.6068633794784546,apps/ml/storage/models/beto-v1-gold-source-aware,9d8861f8406d41050fa57c530224a1e62983e887807fa6047eefcea52356c215,74f80917f6b245d718c201d58e0d3599f2e4b3e0,d32ada17d6391c625b551e2eb547bf7115c63e03cfaa1fdc91ec0cb052acc0e1
artifacts/datasets/gold-v1-source-aware.json,dcd8d90081973b7b9a05ee6ef41623756a06232727f3718268945d71a207310a,543,train,747ca90f-92fc-4d19-aec4-6dfc34c2917e,contexto_colonial_antecedentes,contexto_colonial_antecedentes,0.6532222032546997,apps/ml/storage/models/beto-v1-gold-source-aware,9d8861f8406d41050fa57c530224a1e62983e887807fa6047eefcea52356c215,74f80917f6b245d718c201d58e0d3599f2e4b3e0,a95a0f44d117506715807f8a2263a4d3bd70e80b048c2ec597b33e88f02ad4cb
artifacts/datasets/gold-v1-source-aware.json,dcd8d90081973b7b9a05ee6ef41623756a06232727f3718268945d71a207310a,544,train,747ca90f-92fc-4d19-aec4-6dfc34c2917e,contexto_colonial_antecedentes,contexto_colonial_antecedentes,0.46755266189575195,apps/ml/storage/models/beto-v1-gold-source-aware,9d8861f8406d41050fa57c530224a1e62983e887807fa6047eefcea52356c215,74f80917f6b245d718c201d58e0d3599f2e4b3e0,c2f96622941f116351c7bf50fbf9491c85a2ebbb14dbc57cb361243a8210cb1b
artifacts/datasets/gold-v1-source-aware.json,dcd8d90081973b7b9a05ee6ef41623756a06232727f3718268945d71a207310a,545,test,15e52806-3d75-4117-937d-7c7eda594579,crisis_ideas_emancipadoras,no_relevante,0.35313260555267334,apps/ml/storage/models/beto-v1-gold-source-aware,9d8861f8406d41050fa57c530224a1e62983e887807fa6047eefcea52356c215,74f80917f6b245d718c201d58e0d3599f2e4b3e0,7dc16af7d40be98384ea0524649d7d2562043babb418b4c0fa99c2e9b5798b0c
artifacts/datasets/gold-v1-source-aware.json,dcd8d90081973b7b9a05ee6ef41623756a06232727f3718268945d71a207310a,546,train,747ca90f-92fc-4d19-aec4-6dfc34c2917e,contexto_colonial_antecedentes,contexto_colonial_antecedentes,0.7068719863891602,apps/ml/storage/models/beto-v1-gold-source-aware,9d8861f8406d41050fa57c530224a1e62983e887807fa6047eefcea52356c215,74f80917f6b245d718c201d58e0d3599f2e4b3e0,3c66cf4b534b4c806144f1942a5af5bb1c5e95e8295a6ac22645672365698ed1
artifacts/datasets/gold-v1-source-aware.json,dcd8d90081973b7b9a05ee6ef41623756a06232727f3718268945d71a207310a,547,train,747ca90f-92fc-4d19-aec4-6dfc34c2917e,contexto_colonial_antecedentes,contexto_colonial_antecedentes,0.7325680255889893,apps/ml/storage/models/beto-v1-gold-source-aware,9d8861f8406d41050fa57c530224a1e62983e887807fa6047eefcea52356c215,74f80917f6b245d718c201d58e0d3599f2e4b3e0,fb6343f2f15c3435ab4eaa20895b6488c968bea5f11de4cad1b3afa93f3764d1
artifacts/datasets/gold-v1-source-aware.json,dcd8d90081973b7b9a05ee6ef41623756a06232727f3718268945d71a207310a,548,train,747ca90f-92fc-4d19-aec4-6dfc34c2917e,campanias_conflictos_militares,campanias_conflictos_militares,0.847780704498291,apps/ml/storage/models/beto-v1-gold-source-aware,9d8861f8406d41050fa57c530224a1e62983e887807fa6047eefcea52356c215,74f80917f6b245d718c201d58e0d3599f2e4b3e0,67a63ab9ef850688c3dc4c394a4839eaa24762a1cdee8ab5958231c5101d5e42
artifacts/datasets/gold-v1-source-aware.json,dcd8d90081973b7b9a05ee6ef41623756a06232727f3718268945d71a207310a,549,train,747ca90f-92fc-4d19-aec4-6dfc34c2917e,campanias_conflictos_militares,campanias_conflictos_militares,0.8854897022247314,apps/ml/storage/models/beto-v1-gold-source-aware,9d8861f8406d41050fa57c530224a1e62983e887807fa6047eefcea52356c215,74f80917f6b245d718c201d58e0d3599f2e4b3e0,9885f582cdfa030386de5e3fd24e1e87fb4a29b77c24833af54355491b79025f
artifacts/datasets/gold-v1-source-aware.json,dcd8d90081973b7b9a05ee6ef41623756a06232727f3718268945d71a207310a,550,train,747ca90f-92fc-4d19-aec4-6dfc34c2917e,campanias_conflictos_militares,campanias_conflictos_militares,0.8539737462997437,apps/ml/storage/models/beto-v1-gold-source-aware,9d8861f8406d41050fa57c530224a1e62983e887807fa6047eefcea52356c215,74f80917f6b245d718c201d58e0d3599f2e4b3e0,c4d94082b20640ef846aec37c29bacf50f5ec13f32a7bc931719cdb00ea5054c
artifacts/datasets/gold-v1-source-aware.json,dcd8d90081973b7b9a05ee6ef41623756a06232727f3718268945d71a207310a,551,train,747ca90f-92fc-4d19-aec4-6dfc34c2917e,campanias_conflictos_militares,campanias_conflictos_militares,0.8283178806304932,apps/ml/storage/models/beto-v1-gold-source-aware,9d8861f8406d41050fa57c530224a1e62983e887807fa6047eefcea52356c215,74f80917f6b245d718c201d58e0d3599f2e4b3e0,c35ca5578bd34bedab5d4e402bdeb2d6f99651646355ce9721317fe9476beb65
artifacts/datasets/gold-v1-source-aware.json,dcd8d90081973b7b9a05ee6ef41623756a06232727f3718268945d71a207310a,552,train,747ca90f-92fc-4d19-aec4-6dfc34c2917e,campanias_conflictos_militares,campanias_conflictos_militares,0.7848634719848633,apps/ml/storage/models/beto-v1-gold-source-aware,9d8861f8406d41050fa57c530224a1e62983e887807fa6047eefcea52356c215,74f80917f6b245d718c201d58e0d3599f2e4b3e0,9410e4bb7509cd9ccce238595527c7ff95a552e10b853784b71266764eef4f00
artifacts/datasets/gold-v1-source-aware.json,dcd8d90081973b7b9a05ee6ef41623756a06232727f3718268945d71a207310a,553,train,747ca90f-92fc-4d19-aec4-6dfc34c2917e,campanias_conflictos_militares,campanias_conflictos_militares,0.8944945931434631,apps/ml/storage/models/beto-v1-gold-source-aware,9d8861f8406d41050fa57c530224a1e62983e887807fa6047eefcea52356c215,74f80917f6b245d718c201d58e0d3599f2e4b3e0,be87821515549719bc6ff57427195ec532f1049d0752147aa4345eae4814b08a
artifacts/datasets/gold-v1-source-aware.json,dcd8d90081973b7b9a05ee6ef41623756a06232727f3718268945d71a207310a,554,train,747ca90f-92fc-4d19-aec4-6dfc34c2917e,campanias_conflictos_militares,campanias_conflictos_militares,0.889702558517456,apps/ml/storage/models/beto-v1-gold-source-aware,9d8861f8406d41050fa57c530224a1e62983e887807fa6047eefcea52356c215,74f80917f6b245d718c201d58e0d3599f2e4b3e0,a90ce9459d08826641324faaf4824bd407b31409bf8093be1814eab47dd0820c
artifacts/datasets/gold-v1-source-aware.json,dcd8d90081973b7b9a05ee6ef41623756a06232727f3718268945d71a207310a,555,train,747ca90f-92fc-4d19-aec4-6dfc34c2917e,campanias_conflictos_militares,campanias_conflictos_militares,0.9050692319869995,apps/ml/storage/models/beto-v1-gold-source-aware,9d8861f8406d41050fa57c530224a1e62983e887807fa6047eefcea52356c215,74f80917f6b245d718c201d58e0d3599f2e4b3e0,1af025c6822b3aaee24593222bd195a109882746d63640d34bc0de6230601924
artifacts/datasets/gold-v1-source-aware.json,dcd8d90081973b7b9a05ee6ef41623756a06232727f3718268945d71a207310a,556,train,747ca90f-92fc-4d19-aec4-6dfc34c2917e,campanias_conflictos_militares,campanias_conflictos_militares,0.896990180015564,apps/ml/storage/models/beto-v1-gold-source-aware,9d8861f8406d41050fa57c530224a1e62983e887807fa6047eefcea52356c215,74f80917f6b245d718c201d58e0d3599f2e4b3e0,0a89e9bdef8288aa875c46b275e71dcab4d43b32d7bd99d878754ea9e5ee1893
artifacts/datasets/gold-v1-source-aware.json,dcd8d90081973b7b9a05ee6ef41623756a06232727f3718268945d71a207310a,557,train,747ca90f-92fc-4d19-aec4-6dfc34c2917e,contexto_colonial_antecedentes,contexto_colonial_antecedentes,0.580353856086731,apps/ml/storage/models/beto-v1-gold-source-aware,9d8861f8406d41050fa57c530224a1e62983e887807fa6047eefcea52356c215,74f80917f6b245d718c201d58e0d3599f2e4b3e0,12542503d58aa8d1367dbc9a23c4bbbf1c00a02e7cf81cd53c19332f9c0e8c5f
artifacts/datasets/gold-v1-source-aware.json,dcd8d90081973b7b9a05ee6ef41623756a06232727f3718268945d71a207310a,558,train,747ca90f-92fc-4d19-aec4-6dfc34c2917e,contexto_colonial_antecedentes,contexto_colonial_antecedentes,0.7735571265220642,apps/ml/storage/models/beto-v1-gold-source-aware,9d8861f8406d41050fa57c530224a1e62983e887807fa6047eefcea52356c215,74f80917f6b245d718c201d58e0d3599f2e4b3e0,fb32523878ee3fd81ba48d861f2fcc43afb846b40a6026eb9c974e40f9ebad49
artifacts/datasets/gold-v1-source-aware.json,dcd8d90081973b7b9a05ee6ef41623756a06232727f3718268945d71a207310a,559,train,747ca90f-92fc-4d19-aec4-6dfc34c2917e,contexto_colonial_antecedentes,contexto_colonial_antecedentes,0.7765260338783264,apps/ml/storage/models/beto-v1-gold-source-aware,9d8861f8406d41050fa57c530224a1e62983e887807fa6047eefcea52356c215,74f80917f6b245d718c201d58e0d3599f2e4b3e0,a795b1943e5c1cfa448ed0ee5be971de90250ff7aeeb1deea42e139895342f7c
artifacts/datasets/gold-v1-source-aware.json,dcd8d90081973b7b9a05ee6ef41623756a06232727f3718268945d71a207310a,560,train,747ca90f-92fc-4d19-aec4-6dfc34c2917e,contexto_colonial_antecedentes,contexto_colonial_antecedentes,0.761059045791626,apps/ml/storage/models/beto-v1-gold-source-aware,9d8861f8406d41050fa57c530224a1e62983e887807fa6047eefcea52356c215,74f80917f6b245d718c201d58e0d3599f2e4b3e0,9baea3614d8fb2266e8ac402283466bd9718e6c23465153f357f795e3663d999
artifacts/datasets/gold-v1-source-aware.json,dcd8d90081973b7b9a05ee6ef41623756a06232727f3718268945d71a207310a,561,train,747ca90f-92fc-4d19-aec4-6dfc34c2917e,contexto_colonial_antecedentes,contexto_colonial_antecedentes,0.680162250995636,apps/ml/storage/models/beto-v1-gold-source-aware,9d8861f8406d41050fa57c530224a1e62983e887807fa6047eefcea52356c215,74f80917f6b245d718c201d58e0d3599f2e4b3e0,df74c847171cc10d356a740d6ea1f4d1d3079f7871e438bfada1f0c97c2d3f2d
artifacts/datasets/gold-v1-source-aware.json,dcd8d90081973b7b9a05ee6ef41623756a06232727f3718268945d71a207310a,562,train,747ca90f-92fc-4d19-aec4-6dfc34c2917e,contexto_colonial_antecedentes,contexto_colonial_antecedentes,0.5364152789115906,apps/ml/storage/models/beto-v1-gold-source-aware,9d8861f8406d41050fa57c530224a1e62983e887807fa6047eefcea52356c215,74f80917f6b245d718c201d58e0d3599f2e4b3e0,5a73965ccddbc57854da447e661eda4e9d9e6145bfe697da8faa2a737c098493
artifacts/datasets/gold-v1-source-aware.json,dcd8d90081973b7b9a05ee6ef41623756a06232727f3718268945d71a207310a,563,train,747ca90f-92fc-4d19-aec4-6dfc34c2917e,contexto_colonial_antecedentes,contexto_colonial_antecedentes,0.5505870580673218,apps/ml/storage/models/beto-v1-gold-source-aware,9d8861f8406d41050fa57c530224a1e62983e887807fa6047eefcea52356c215,74f80917f6b245d718c201d58e0d3599f2e4b3e0,6db507d067e02e4d780dd24d81b4dff37c6e8ef75b6a786f0a7ea1a34a533bcb
artifacts/datasets/gold-v1-source-aware.json,dcd8d90081973b7b9a05ee6ef41623756a06232727f3718268945d71a207310a,564,train,747ca90f-92fc-4d19-aec4-6dfc34c2917e,contexto_colonial_antecedentes,contexto_colonial_antecedentes,0.6371862292289734,apps/ml/storage/models/beto-v1-gold-source-aware,9d8861f8406d41050fa57c530224a1e62983e887807fa6047eefcea52356c215,74f80917f6b245d718c201d58e0d3599f2e4b3e0,9a4f897b780c31033e8e3e18781ed488c7de32fc845cda9438d868a165a39098
artifacts/datasets/gold-v1-source-aware.json,dcd8d90081973b7b9a05ee6ef41623756a06232727f3718268945d71a207310a,565,train,747ca90f-92fc-4d19-aec4-6dfc34c2917e,contexto_colonial_antecedentes,contexto_colonial_antecedentes,0.5603849291801453,apps/ml/storage/models/beto-v1-gold-source-aware,9d8861f8406d41050fa57c530224a1e62983e887807fa6047eefcea52356c215,74f80917f6b245d718c201d58e0d3599f2e4b3e0,46bc644ad134060a9be20c7892917461490da9e25e2c2b1bc7b934a5e87af673
artifacts/datasets/gold-v1-source-aware.json,dcd8d90081973b7b9a05ee6ef41623756a06232727f3718268945d71a207310a,566,train,747ca90f-92fc-4d19-aec4-6dfc34c2917e,contexto_colonial_antecedentes,contexto_colonial_antecedentes,0.5215340256690979,apps/ml/storage/models/beto-v1-gold-source-aware,9d8861f8406d41050fa57c530224a1e62983e887807fa6047eefcea52356c215,74f80917f6b245d718c201d58e0d3599f2e4b3e0,dd76e1eada969cd783b21d089bdd5207344fec6b526a01f2f08c8ce126eacc37
artifacts/datasets/gold-v1-source-aware.json,dcd8d90081973b7b9a05ee6ef41623756a06232727f3718268945d71a207310a,567,train,747ca90f-92fc-4d19-aec4-6dfc34c2917e,contexto_colonial_antecedentes,contexto_colonial_antecedentes,0.6501657366752625,apps/ml/storage/models/beto-v1-gold-source-aware,9d8861f8406d41050fa57c530224a1e62983e887807fa6047eefcea52356c215,74f80917f6b245d718c201d58e0d3599f2e4b3e0,ac8c5e666bea01b8bf8dfad6247b6ca6fdca949cb1d233711f7b2948baff20a3
artifacts/datasets/gold-v1-source-aware.json,dcd8d90081973b7b9a05ee6ef41623756a06232727f3718268945d71a207310a,568,train,747ca90f-92fc-4d19-aec4-6dfc34c2917e,contexto_colonial_antecedentes,contexto_colonial_antecedentes,0.43281611800193787,apps/ml/storage/models/beto-v1-gold-source-aware,9d8861f8406d41050fa57c530224a1e62983e887807fa6047eefcea52356c215,74f80917f6b245d718c201d58e0d3599f2e4b3e0,c054cd528de5f4bf38b6422c646a206e6e76cb67e5fa0005c24855d7162b547c
artifacts/datasets/gold-v1-source-aware.json,dcd8d90081973b7b9a05ee6ef41623756a06232727f3718268945d71a207310a,569,train,747ca90f-92fc-4d19-aec4-6dfc34c2917e,contexto_colonial_antecedentes,contexto_colonial_antecedentes,0.5941452980041504,apps/ml/storage/models/beto-v1-gold-source-aware,9d8861f8406d41050fa57c530224a1e62983e887807fa6047eefcea52356c215,74f80917f6b245d718c201d58e0d3599f2e4b3e0,4b4bacfa916ca6c23799f5ac72d897148fdac8aaea9fc80c845759a2d811bf89
artifacts/datasets/gold-v1-source-aware.json,dcd8d90081973b7b9a05ee6ef41623756a06232727f3718268945d71a207310a,570,train,747ca90f-92fc-4d19-aec4-6dfc34c2917e,contexto_colonial_antecedentes,contexto_colonial_antecedentes,0.4576462507247925,apps/ml/storage/models/beto-v1-gold-source-aware,9d8861f8406d41050fa57c530224a1e62983e887807fa6047eefcea52356c215,74f80917f6b245d718c201d58e0d3599f2e4b3e0,7d48a771113fdc4ebfd979bf86a38aada3ef080fcf0cae433d08c1a1152412e9
artifacts/datasets/gold-v1-source-aware.json,dcd8d90081973b7b9a05ee6ef41623756a06232727f3718268945d71a207310a,571,train,747ca90f-92fc-4d19-aec4-6dfc34c2917e,contexto_colonial_antecedentes,contexto_colonial_antecedentes,0.4925049841403961,apps/ml/storage/models/beto-v1-gold-source-aware,9d8861f8406d41050fa57c530224a1e62983e887807fa6047eefcea52356c215,74f80917f6b245d718c201d58e0d3599f2e4b3e0,5262c43c87ff50b924aad275d71fb4dcc4fef23f4b95878a52f76b7a47ba0acb
artifacts/datasets/gold-v1-source-aware.json,dcd8d90081973b7b9a05ee6ef41623756a06232727f3718268945d71a207310a,572,train,747ca90f-92fc-4d19-aec4-6dfc34c2917e,contexto_colonial_antecedentes,contexto_colonial_antecedentes,0.5248637199401855,apps/ml/storage/models/beto-v1-gold-source-aware,9d8861f8406d41050fa57c530224a1e62983e887807fa6047eefcea52356c215,74f80917f6b245d718c201d58e0d3599f2e4b3e0,9e810d72458659be739a67460b08143cfea479af866e24c4894cbbba6d752258
artifacts/datasets/gold-v1-source-aware.json,dcd8d90081973b7b9a05ee6ef41623756a06232727f3718268945d71a207310a,573,train,747ca90f-92fc-4d19-aec4-6dfc34c2917e,contexto_colonial_antecedentes,contexto_colonial_antecedentes,0.4219832718372345,apps/ml/storage/models/beto-v1-gold-source-aware,9d8861f8406d41050fa57c530224a1e62983e887807fa6047eefcea52356c215,74f80917f6b245d718c201d58e0d3599f2e4b3e0,bbd414f14b7cb2368d518fa78b64ff682e05ab54ec91e85483c95a99ba0de92f
artifacts/datasets/gold-v1-source-aware.json,dcd8d90081973b7b9a05ee6ef41623756a06232727f3718268945d71a207310a,574,train,747ca90f-92fc-4d19-aec4-6dfc34c2917e,contexto_colonial_antecedentes,contexto_colonial_antecedentes,0.43121588230133057,apps/ml/storage/models/beto-v1-gold-source-aware,9d8861f8406d41050fa57c530224a1e62983e887807fa6047eefcea52356c215,74f80917f6b245d718c201d58e0d3599f2e4b3e0,dc41346881bd5b7201f577152a62aefc120b343c0914e0b6ba7ee947903aa945
artifacts/datasets/gold-v1-source-aware.json,dcd8d90081973b7b9a05ee6ef41623756a06232727f3718268945d71a207310a,575,train,747ca90f-92fc-4d19-aec4-6dfc34c2917e,liderazgos_diplomacia_proyectos,liderazgos_diplomacia_proyectos,0.498829185962677,apps/ml/storage/models/beto-v1-gold-source-aware,9d8861f8406d41050fa57c530224a1e62983e887807fa6047eefcea52356c215,74f80917f6b245d718c201d58e0d3599f2e4b3e0,5a8d1abdb07fdfca811a60c77e40c7cded85bd42e4b20be5eee274736e45afed
artifacts/datasets/gold-v1-source-aware.json,dcd8d90081973b7b9a05ee6ef41623756a06232727f3718268945d71a207310a,576,train,747ca90f-92fc-4d19-aec4-6dfc34c2917e,organizacion_consecuencias_republicanas,campanias_conflictos_militares,0.7322564125061035,apps/ml/storage/models/beto-v1-gold-source-aware,9d8861f8406d41050fa57c530224a1e62983e887807fa6047eefcea52356c215,74f80917f6b245d718c201d58e0d3599f2e4b3e0,e81555e1d20911f1f3bf5a01f746cf30f58517ebfb2c84bab1876854389158ae
artifacts/datasets/gold-v1-source-aware.json,dcd8d90081973b7b9a05ee6ef41623756a06232727f3718268945d71a207310a,577,train,747ca90f-92fc-4d19-aec4-6dfc34c2917e,crisis_ideas_emancipadoras,contexto_colonial_antecedentes,0.45651060342788696,apps/ml/storage/models/beto-v1-gold-source-aware,9d8861f8406d41050fa57c530224a1e62983e887807fa6047eefcea52356c215,74f80917f6b245d718c201d58e0d3599f2e4b3e0,2c823c888db197a27d56b344d5d122cc19c0f1e7913b2a9f6ee369c23bd1cf79
artifacts/datasets/gold-v1-source-aware.json,dcd8d90081973b7b9a05ee6ef41623756a06232727f3718268945d71a207310a,578,test,4ca9c84a-627b-4027-8216-fdc07c506727,crisis_ideas_emancipadoras,participacion_social_regional,0.4950184226036072,apps/ml/storage/models/beto-v1-gold-source-aware,9d8861f8406d41050fa57c530224a1e62983e887807fa6047eefcea52356c215,74f80917f6b245d718c201d58e0d3599f2e4b3e0,117e852142133fc2ffbcb3688d68265a3c383d45be2ff7f958fbb56796b5aa7c
artifacts/datasets/gold-v1-source-aware.json,dcd8d90081973b7b9a05ee6ef41623756a06232727f3718268945d71a207310a,579,train,747ca90f-92fc-4d19-aec4-6dfc34c2917e,no_relevante,no_relevante,0.3978661596775055,apps/ml/storage/models/beto-v1-gold-source-aware,9d8861f8406d41050fa57c530224a1e62983e887807fa6047eefcea52356c215,74f80917f6b245d718c201d58e0d3599f2e4b3e0,904674a0c602c7bfd6913068f2e3237cfdb9d5111867172e23c6f4ccef837a98
artifacts/datasets/gold-v1-source-aware.json,dcd8d90081973b7b9a05ee6ef41623756a06232727f3718268945d71a207310a,580,test,15e52806-3d75-4117-937d-7c7eda594579,participacion_social_regional,crisis_ideas_emancipadoras,0.5854997038841248,apps/ml/storage/models/beto-v1-gold-source-aware,9d8861f8406d41050fa57c530224a1e62983e887807fa6047eefcea52356c215,74f80917f6b245d718c201d58e0d3599f2e4b3e0,0a3cd8561716f17a705a4758a4d2e1be5d2a7418f0f7445690a01d989218a007
artifacts/datasets/gold-v1-source-aware.json,dcd8d90081973b7b9a05ee6ef41623756a06232727f3718268945d71a207310a,581,train,9fecbe5a-9fb2-4002-a088-8a2810db938e,participacion_social_regional,participacion_social_regional,0.47014281153678894,apps/ml/storage/models/beto-v1-gold-source-aware,9d8861f8406d41050fa57c530224a1e62983e887807fa6047eefcea52356c215,74f80917f6b245d718c201d58e0d3599f2e4b3e0,3bfdf71f0ec2fa1ce3d6298d7659f7e57a4a821a0c3d0bc60e6810b0d950bdc3
artifacts/datasets/gold-v1-source-aware.json,dcd8d90081973b7b9a05ee6ef41623756a06232727f3718268945d71a207310a,582,train,9f60a031-0183-478c-a1f8-a3bdd37d7b0b,organizacion_consecuencias_republicanas,contexto_colonial_antecedentes,0.5030571222305298,apps/ml/storage/models/beto-v1-gold-source-aware,9d8861f8406d41050fa57c530224a1e62983e887807fa6047eefcea52356c215,74f80917f6b245d718c201d58e0d3599f2e4b3e0,46e5f9d0a288d67e451e8bf01b8490774430146b8ea93aa2401ed25c347be214
artifacts/datasets/gold-v1-source-aware.json,dcd8d90081973b7b9a05ee6ef41623756a06232727f3718268945d71a207310a,583,train,747ca90f-92fc-4d19-aec4-6dfc34c2917e,organizacion_consecuencias_republicanas,organizacion_consecuencias_republicanas,0.5271503329277039,apps/ml/storage/models/beto-v1-gold-source-aware,9d8861f8406d41050fa57c530224a1e62983e887807fa6047eefcea52356c215,74f80917f6b245d718c201d58e0d3599f2e4b3e0,41469bbc6e03c68de78fc78120c42f2ff0acdeb0c9b4ae11706e6c5878ee0167
artifacts/datasets/gold-v1-source-aware.json,dcd8d90081973b7b9a05ee6ef41623756a06232727f3718268945d71a207310a,584,train,9fecbe5a-9fb2-4002-a088-8a2810db938e,participacion_social_regional,participacion_social_regional,0.3302905857563019,apps/ml/storage/models/beto-v1-gold-source-aware,9d8861f8406d41050fa57c530224a1e62983e887807fa6047eefcea52356c215,74f80917f6b245d718c201d58e0d3599f2e4b3e0,590771039c76fabeb30701392a787af8acbff3078f38cbb405c0c04d8bfbd64e
artifacts/datasets/gold-v1-source-aware.json,dcd8d90081973b7b9a05ee6ef41623756a06232727f3718268945d71a207310a,585,train,747ca90f-92fc-4d19-aec4-6dfc34c2917e,organizacion_consecuencias_republicanas,organizacion_consecuencias_republicanas,0.48165640234947205,apps/ml/storage/models/beto-v1-gold-source-aware,9d8861f8406d41050fa57c530224a1e62983e887807fa6047eefcea52356c215,74f80917f6b245d718c201d58e0d3599f2e4b3e0,1f67091288d2dd1936d28e4a921d5ac294e24534828442ed556fd6be6418cbb4
artifacts/datasets/gold-v1-source-aware.json,dcd8d90081973b7b9a05ee6ef41623756a06232727f3718268945d71a207310a,586,train,9f60a031-0183-478c-a1f8-a3bdd37d7b0b,organizacion_consecuencias_republicanas,organizacion_consecuencias_republicanas,0.5480206608772278,apps/ml/storage/models/beto-v1-gold-source-aware,9d8861f8406d41050fa57c530224a1e62983e887807fa6047eefcea52356c215,74f80917f6b245d718c201d58e0d3599f2e4b3e0,aa019a364c3580ce2aabb5c6dc5cadcc01792b576c5cf42ff61481e898312cd0
artifacts/datasets/gold-v1-source-aware.json,dcd8d90081973b7b9a05ee6ef41623756a06232727f3718268945d71a207310a,587,train,747ca90f-92fc-4d19-aec4-6dfc34c2917e,contexto_colonial_antecedentes,contexto_colonial_antecedentes,0.6265625357627869,apps/ml/storage/models/beto-v1-gold-source-aware,9d8861f8406d41050fa57c530224a1e62983e887807fa6047eefcea52356c215,74f80917f6b245d718c201d58e0d3599f2e4b3e0,ec1c6b300002b4f41370b1d5fdf3e6f9ab15dcf79768160f708b4c87d36152a2
artifacts/datasets/gold-v1-source-aware.json,dcd8d90081973b7b9a05ee6ef41623756a06232727f3718268945d71a207310a,588,train,747ca90f-92fc-4d19-aec4-6dfc34c2917e,campanias_conflictos_militares,campanias_conflictos_militares,0.8849779963493347,apps/ml/storage/models/beto-v1-gold-source-aware,9d8861f8406d41050fa57c530224a1e62983e887807fa6047eefcea52356c215,74f80917f6b245d718c201d58e0d3599f2e4b3e0,c24d30f277455c6aeeae4921f622ffe417b1e70a411b24c50006177490ce1525
artifacts/datasets/gold-v1-source-aware.json,dcd8d90081973b7b9a05ee6ef41623756a06232727f3718268945d71a207310a,589,train,747ca90f-92fc-4d19-aec4-6dfc34c2917e,campanias_conflictos_militares,campanias_conflictos_militares,0.8625786304473877,apps/ml/storage/models/beto-v1-gold-source-aware,9d8861f8406d41050fa57c530224a1e62983e887807fa6047eefcea52356c215,74f80917f6b245d718c201d58e0d3599f2e4b3e0,c7e0f06901091fbb688cc21b178fe3abe340deb1524949969a7d20a0f1ae2ea8
artifacts/datasets/gold-v1-source-aware.json,dcd8d90081973b7b9a05ee6ef41623756a06232727f3718268945d71a207310a,590,train,514f190e-5d01-497a-a6ef-648601cd8bdb,organizacion_consecuencias_republicanas,crisis_ideas_emancipadoras,0.49396613240242004,apps/ml/storage/models/beto-v1-gold-source-aware,9d8861f8406d41050fa57c530224a1e62983e887807fa6047eefcea52356c215,74f80917f6b245d718c201d58e0d3599f2e4b3e0,ddbe464b0417399cc3014b8d6c4006a8dcc47b18261e982a082322dda1ea27a0
artifacts/datasets/gold-v1-source-aware.json,dcd8d90081973b7b9a05ee6ef41623756a06232727f3718268945d71a207310a,591,train,514f190e-5d01-497a-a6ef-648601cd8bdb,crisis_ideas_emancipadoras,crisis_ideas_emancipadoras,0.7115373015403748,apps/ml/storage/models/beto-v1-gold-source-aware,9d8861f8406d41050fa57c530224a1e62983e887807fa6047eefcea52356c215,74f80917f6b245d718c201d58e0d3599f2e4b3e0,147d73cc821356a251d67aeee1aee10682a44ccf08d9fb607747a2389d7532c2
artifacts/datasets/gold-v1-source-aware.json,dcd8d90081973b7b9a05ee6ef41623756a06232727f3718268945d71a207310a,592,train,9fecbe5a-9fb2-4002-a088-8a2810db938e,no_relevante,no_relevante,0.9074686765670776,apps/ml/storage/models/beto-v1-gold-source-aware,9d8861f8406d41050fa57c530224a1e62983e887807fa6047eefcea52356c215,74f80917f6b245d718c201d58e0d3599f2e4b3e0,de3d4f1cf7daf68473e04e5b2609c434df6126cdc461b9d002a8c2d4dc6479f1
artifacts/datasets/gold-v1-source-aware.json,dcd8d90081973b7b9a05ee6ef41623756a06232727f3718268945d71a207310a,593,test,15e52806-3d75-4117-937d-7c7eda594579,no_relevante,no_relevante,0.7003561854362488,apps/ml/storage/models/beto-v1-gold-source-aware,9d8861f8406d41050fa57c530224a1e62983e887807fa6047eefcea52356c215,74f80917f6b245d718c201d58e0d3599f2e4b3e0,eae0558049f8347a0ea6e445cc5ee681ac8650d16c479603c86584b604ba9922
artifacts/datasets/gold-v1-source-aware.json,dcd8d90081973b7b9a05ee6ef41623756a06232727f3718268945d71a207310a,594,test,15e52806-3d75-4117-937d-7c7eda594579,contexto_colonial_antecedentes,crisis_ideas_emancipadoras,0.5196838974952698,apps/ml/storage/models/beto-v1-gold-source-aware,9d8861f8406d41050fa57c530224a1e62983e887807fa6047eefcea52356c215,74f80917f6b245d718c201d58e0d3599f2e4b3e0,582e3ac989436fa5d070ba8595d897dfccbf7a99e8ec40ab6d1b7ec6490633b2
artifacts/datasets/gold-v1-source-aware.json,dcd8d90081973b7b9a05ee6ef41623756a06232727f3718268945d71a207310a,595,test,15e52806-3d75-4117-937d-7c7eda594579,campanias_conflictos_militares,campanias_conflictos_militares,0.3589078187942505,apps/ml/storage/models/beto-v1-gold-source-aware,9d8861f8406d41050fa57c530224a1e62983e887807fa6047eefcea52356c215,74f80917f6b245d718c201d58e0d3599f2e4b3e0,8a5ca9ab1bbcf68f0db2e6e7e1b78e59b5e5e8787eebec4b5b76c15fbb1d109c
artifacts/datasets/gold-v1-source-aware.json,dcd8d90081973b7b9a05ee6ef41623756a06232727f3718268945d71a207310a,596,test,15e52806-3d75-4117-937d-7c7eda594579,liderazgos_diplomacia_proyectos,crisis_ideas_emancipadoras,0.41718485951423645,apps/ml/storage/models/beto-v1-gold-source-aware,9d8861f8406d41050fa57c530224a1e62983e887807fa6047eefcea52356c215,74f80917f6b245d718c201d58e0d3599f2e4b3e0,777cd94910dfd2fa3f2099b78cdff7ec7e66f65e4b5e695ae3a9f288620393c7
artifacts/datasets/gold-v1-source-aware.json,dcd8d90081973b7b9a05ee6ef41623756a06232727f3718268945d71a207310a,597,train,9f60a031-0183-478c-a1f8-a3bdd37d7b0b,organizacion_consecuencias_republicanas,organizacion_consecuencias_republicanas,0.49424290657043457,apps/ml/storage/models/beto-v1-gold-source-aware,9d8861f8406d41050fa57c530224a1e62983e887807fa6047eefcea52356c215,74f80917f6b245d718c201d58e0d3599f2e4b3e0,ae2c172aa842174c6c3a9b81de0c3b947d9812fbec267b11f67cbfd096fe89b9
artifacts/datasets/gold-v1-source-aware.json,dcd8d90081973b7b9a05ee6ef41623756a06232727f3718268945d71a207310a,598,train,0ea45102-057d-4bff-b527-f36326f66d33,participacion_social_regional,participacion_social_regional,0.6914137601852417,apps/ml/storage/models/beto-v1-gold-source-aware,9d8861f8406d41050fa57c530224a1e62983e887807fa6047eefcea52356c215,74f80917f6b245d718c201d58e0d3599f2e4b3e0,026cd94e167a3b8eca923cf37f96268ad3da4d8e08b051057e4fee2c6e21a455
artifacts/datasets/gold-v1-source-aware.json,dcd8d90081973b7b9a05ee6ef41623756a06232727f3718268945d71a207310a,599,train,0ea45102-057d-4bff-b527-f36326f66d33,contexto_colonial_antecedentes,contexto_colonial_antecedentes,0.4222843647003174,apps/ml/storage/models/beto-v1-gold-source-aware,9d8861f8406d41050fa57c530224a1e62983e887807fa6047eefcea52356c215,74f80917f6b245d718c201d58e0d3599f2e4b3e0,697f8f81331543961d1deed131d45a2cd9de45c9c0078e6b4d0060fbabbdc1c0
artifacts/datasets/gold-v1-source-aware.json,dcd8d90081973b7b9a05ee6ef41623756a06232727f3718268945d71a207310a,600,train,0ea45102-057d-4bff-b527-f36326f66d33,no_relevante,no_relevante,0.8792220950126648,apps/ml/storage/models/beto-v1-gold-source-aware,9d8861f8406d41050fa57c530224a1e62983e887807fa6047eefcea52356c215,74f80917f6b245d718c201d58e0d3599f2e4b3e0,0a71983007a765755393aad328b0efa619e7d24b5e293540fba6e6ef88637d17
artifacts/datasets/gold-v1-source-aware.json,dcd8d90081973b7b9a05ee6ef41623756a06232727f3718268945d71a207310a,601,train,0ea45102-057d-4bff-b527-f36326f66d33,crisis_ideas_emancipadoras,crisis_ideas_emancipadoras,0.4433172643184662,apps/ml/storage/models/beto-v1-gold-source-aware,9d8861f8406d41050fa57c530224a1e62983e887807fa6047eefcea52356c215,74f80917f6b245d718c201d58e0d3599f2e4b3e0,864496c59b4925d87ea2da44e116842bef2bc959edfae2cb26ddf44baf989948
artifacts/datasets/gold-v1-source-aware.json,dcd8d90081973b7b9a05ee6ef41623756a06232727f3718268945d71a207310a,602,train,0ea45102-057d-4bff-b527-f36326f66d33,no_relevante,no_relevante,0.9162527322769165,apps/ml/storage/models/beto-v1-gold-source-aware,9d8861f8406d41050fa57c530224a1e62983e887807fa6047eefcea52356c215,74f80917f6b245d718c201d58e0d3599f2e4b3e0,76e4d513ffc69cefe9db24ce38c963736503877ab713d7017fdfcc837094a920
artifacts/datasets/gold-v1-source-aware.json,dcd8d90081973b7b9a05ee6ef41623756a06232727f3718268945d71a207310a,603,train,0ea45102-057d-4bff-b527-f36326f66d33,no_relevante,no_relevante,0.9166169762611389,apps/ml/storage/models/beto-v1-gold-source-aware,9d8861f8406d41050fa57c530224a1e62983e887807fa6047eefcea52356c215,74f80917f6b245d718c201d58e0d3599f2e4b3e0,55aee459997c99dba0c25bcd3c4cbbe60fc1d2db63b1732281bebfc8c51adaaf
artifacts/datasets/gold-v1-source-aware.json,dcd8d90081973b7b9a05ee6ef41623756a06232727f3718268945d71a207310a,604,train,0ea45102-057d-4bff-b527-f36326f66d33,no_relevante,no_relevante,0.921076774597168,apps/ml/storage/models/beto-v1-gold-source-aware,9d8861f8406d41050fa57c530224a1e62983e887807fa6047eefcea52356c215,74f80917f6b245d718c201d58e0d3599f2e4b3e0,28728798ce3121d86a496a0f7380196061603de41d88cc2edac5d251d88f400d
artifacts/datasets/gold-v1-source-aware.json,dcd8d90081973b7b9a05ee6ef41623756a06232727f3718268945d71a207310a,605,train,0ea45102-057d-4bff-b527-f36326f66d33,contexto_colonial_antecedentes,contexto_colonial_antecedentes,0.541097104549408,apps/ml/storage/models/beto-v1-gold-source-aware,9d8861f8406d41050fa57c530224a1e62983e887807fa6047eefcea52356c215,74f80917f6b245d718c201d58e0d3599f2e4b3e0,3cc615b652864cf7d899b44e960003e9fadbb5bdd7240cdd31702a4c74ee2e68
artifacts/datasets/gold-v1-source-aware.json,dcd8d90081973b7b9a05ee6ef41623756a06232727f3718268945d71a207310a,606,train,0ea45102-057d-4bff-b527-f36326f66d33,crisis_ideas_emancipadoras,crisis_ideas_emancipadoras,0.6491602659225464,apps/ml/storage/models/beto-v1-gold-source-aware,9d8861f8406d41050fa57c530224a1e62983e887807fa6047eefcea52356c215,74f80917f6b245d718c201d58e0d3599f2e4b3e0,49177764bc4c6cf23625eb96092b6091c7b67b6e247b4b707b1b39a450239eb7
artifacts/datasets/gold-v1-source-aware.json,dcd8d90081973b7b9a05ee6ef41623756a06232727f3718268945d71a207310a,607,train,0ea45102-057d-4bff-b527-f36326f66d33,crisis_ideas_emancipadoras,crisis_ideas_emancipadoras,0.5413333177566528,apps/ml/storage/models/beto-v1-gold-source-aware,9d8861f8406d41050fa57c530224a1e62983e887807fa6047eefcea52356c215,74f80917f6b245d718c201d58e0d3599f2e4b3e0,6c3ead13289a874cfaec38f4922b4bc4fb2ebd999364cd60dd58d4f935cbf92d
artifacts/datasets/gold-v1-source-aware.json,dcd8d90081973b7b9a05ee6ef41623756a06232727f3718268945d71a207310a,608,train,0ea45102-057d-4bff-b527-f36326f66d33,crisis_ideas_emancipadoras,participacion_social_regional,0.35252857208251953,apps/ml/storage/models/beto-v1-gold-source-aware,9d8861f8406d41050fa57c530224a1e62983e887807fa6047eefcea52356c215,74f80917f6b245d718c201d58e0d3599f2e4b3e0,ba5b64b88e30cff3a70d5922675dc4feff8616cb64e7daede3d09c5a5ff5d0de
artifacts/datasets/gold-v1-source-aware.json,dcd8d90081973b7b9a05ee6ef41623756a06232727f3718268945d71a207310a,609,train,0ea45102-057d-4bff-b527-f36326f66d33,no_relevante,no_relevante,0.8973783254623413,apps/ml/storage/models/beto-v1-gold-source-aware,9d8861f8406d41050fa57c530224a1e62983e887807fa6047eefcea52356c215,74f80917f6b245d718c201d58e0d3599f2e4b3e0,6b94ffce7f70d891f7c3a64e20b69f66031c9d43a227a39493c05f491358e5ef
artifacts/datasets/gold-v1-source-aware.json,dcd8d90081973b7b9a05ee6ef41623756a06232727f3718268945d71a207310a,610,train,0ea45102-057d-4bff-b527-f36326f66d33,participacion_social_regional,participacion_social_regional,0.41906774044036865,apps/ml/storage/models/beto-v1-gold-source-aware,9d8861f8406d41050fa57c530224a1e62983e887807fa6047eefcea52356c215,74f80917f6b245d718c201d58e0d3599f2e4b3e0,313d0b76a24768b77e6d8831ebc63984ad22ea72f9f782966fdc8dcbeebeae3a
artifacts/datasets/gold-v1-source-aware.json,dcd8d90081973b7b9a05ee6ef41623756a06232727f3718268945d71a207310a,611,train,0ea45102-057d-4bff-b527-f36326f66d33,liderazgos_diplomacia_proyectos,liderazgos_diplomacia_proyectos,0.443250834941864,apps/ml/storage/models/beto-v1-gold-source-aware,9d8861f8406d41050fa57c530224a1e62983e887807fa6047eefcea52356c215,74f80917f6b245d718c201d58e0d3599f2e4b3e0,151b22bf6d7181b240dec219beeb4a9820cf80dfa1f1e52a37071d1e7e6bcc90
artifacts/datasets/gold-v1-source-aware.json,dcd8d90081973b7b9a05ee6ef41623756a06232727f3718268945d71a207310a,612,train,0ea45102-057d-4bff-b527-f36326f66d33,no_relevante,no_relevante,0.884689211845398,apps/ml/storage/models/beto-v1-gold-source-aware,9d8861f8406d41050fa57c530224a1e62983e887807fa6047eefcea52356c215,74f80917f6b245d718c201d58e0d3599f2e4b3e0,94bb8bdfa34968f905142f4019802cf94b3388d6e8cb447d44fa2f8b047a4039
artifacts/datasets/gold-v1-source-aware.json,dcd8d90081973b7b9a05ee6ef41623756a06232727f3718268945d71a207310a,613,train,0ea45102-057d-4bff-b527-f36326f66d33,no_relevante,no_relevante,0.9075241684913635,apps/ml/storage/models/beto-v1-gold-source-aware,9d8861f8406d41050fa57c530224a1e62983e887807fa6047eefcea52356c215,74f80917f6b245d718c201d58e0d3599f2e4b3e0,29275d3f019d7d5e3b38a4fbe11322f480ab5c6362e463426cccfdaf17644a74
artifacts/datasets/gold-v1-source-aware.json,dcd8d90081973b7b9a05ee6ef41623756a06232727f3718268945d71a207310a,614,train,0ea45102-057d-4bff-b527-f36326f66d33,crisis_ideas_emancipadoras,crisis_ideas_emancipadoras,0.495987206697464,apps/ml/storage/models/beto-v1-gold-source-aware,9d8861f8406d41050fa57c530224a1e62983e887807fa6047eefcea52356c215,74f80917f6b245d718c201d58e0d3599f2e4b3e0,95ead65a0a09d8be82607a316da0a8279e021411dd08233592f7e79bfb2bc2ba
artifacts/datasets/gold-v1-source-aware.json,dcd8d90081973b7b9a05ee6ef41623756a06232727f3718268945d71a207310a,615,train,0ea45102-057d-4bff-b527-f36326f66d33,contexto_colonial_antecedentes,contexto_colonial_antecedentes,0.5402868986129761,apps/ml/storage/models/beto-v1-gold-source-aware,9d8861f8406d41050fa57c530224a1e62983e887807fa6047eefcea52356c215,74f80917f6b245d718c201d58e0d3599f2e4b3e0,0815092297a728d83204b51d3e0952916e5b09c253fb7f0d4186feead112d900
artifacts/datasets/gold-v1-source-aware.json,dcd8d90081973b7b9a05ee6ef41623756a06232727f3718268945d71a207310a,616,train,0ea45102-057d-4bff-b527-f36326f66d33,crisis_ideas_emancipadoras,crisis_ideas_emancipadoras,0.612705647945404,apps/ml/storage/models/beto-v1-gold-source-aware,9d8861f8406d41050fa57c530224a1e62983e887807fa6047eefcea52356c215,74f80917f6b245d718c201d58e0d3599f2e4b3e0,ad36193c6a5ac90c0fe7cdb26f1c2763ae83bf0f7bcb4ab01e218ae0eb9af959
artifacts/datasets/gold-v1-source-aware.json,dcd8d90081973b7b9a05ee6ef41623756a06232727f3718268945d71a207310a,617,train,0ea45102-057d-4bff-b527-f36326f66d33,no_relevante,no_relevante,0.9160986542701721,apps/ml/storage/models/beto-v1-gold-source-aware,9d8861f8406d41050fa57c530224a1e62983e887807fa6047eefcea52356c215,74f80917f6b245d718c201d58e0d3599f2e4b3e0,dc41372d41ed9f0915693d714731664afa7e6d02fb3dbeb9c67a23f2f9992709
artifacts/datasets/gold-v1-source-aware.json,dcd8d90081973b7b9a05ee6ef41623756a06232727f3718268945d71a207310a,618,train,0ea45102-057d-4bff-b527-f36326f66d33,crisis_ideas_emancipadoras,crisis_ideas_emancipadoras,0.571151077747345,apps/ml/storage/models/beto-v1-gold-source-aware,9d8861f8406d41050fa57c530224a1e62983e887807fa6047eefcea52356c215,74f80917f6b245d718c201d58e0d3599f2e4b3e0,25d2b18cb4aff7bfa24a1a6661af24b79573184b4d27b2ec870761bf508d4701
artifacts/datasets/gold-v1-source-aware.json,dcd8d90081973b7b9a05ee6ef41623756a06232727f3718268945d71a207310a,619,train,0ea45102-057d-4bff-b527-f36326f66d33,participacion_social_regional,participacion_social_regional,0.6068319082260132,apps/ml/storage/models/beto-v1-gold-source-aware,9d8861f8406d41050fa57c530224a1e62983e887807fa6047eefcea52356c215,74f80917f6b245d718c201d58e0d3599f2e4b3e0,ce22361b4bc7826adce7bcae0c57d7e6562e85b74c5f03a3c1369f20fbfc2724
artifacts/datasets/gold-v1-source-aware.json,dcd8d90081973b7b9a05ee6ef41623756a06232727f3718268945d71a207310a,620,train,0ea45102-057d-4bff-b527-f36326f66d33,no_relevante,no_relevante,0.8973824977874756,apps/ml/storage/models/beto-v1-gold-source-aware,9d8861f8406d41050fa57c530224a1e62983e887807fa6047eefcea52356c215,74f80917f6b245d718c201d58e0d3599f2e4b3e0,725c06eac58a9a67553620636b026b9fd504f85818fe8d866bd18643b7ba5ec5
artifacts/datasets/gold-v1-source-aware.json,dcd8d90081973b7b9a05ee6ef41623756a06232727f3718268945d71a207310a,621,train,0ea45102-057d-4bff-b527-f36326f66d33,crisis_ideas_emancipadoras,crisis_ideas_emancipadoras,0.4253920018672943,apps/ml/storage/models/beto-v1-gold-source-aware,9d8861f8406d41050fa57c530224a1e62983e887807fa6047eefcea52356c215,74f80917f6b245d718c201d58e0d3599f2e4b3e0,34967114eb410ff34178a3799fc8ed24c8f121337d4142e2e4cb3e7ca0e5d035
artifacts/datasets/gold-v1-source-aware.json,dcd8d90081973b7b9a05ee6ef41623756a06232727f3718268945d71a207310a,622,train,0ea45102-057d-4bff-b527-f36326f66d33,participacion_social_regional,participacion_social_regional,0.43930187821388245,apps/ml/storage/models/beto-v1-gold-source-aware,9d8861f8406d41050fa57c530224a1e62983e887807fa6047eefcea52356c215,74f80917f6b245d718c201d58e0d3599f2e4b3e0,c32a0b74745dedc9dd945a90c36e61407ba2d89faea3f207b74807bd95c2c4f8
artifacts/datasets/gold-v1-source-aware.json,dcd8d90081973b7b9a05ee6ef41623756a06232727f3718268945d71a207310a,623,train,0ea45102-057d-4bff-b527-f36326f66d33,liderazgos_diplomacia_proyectos,liderazgos_diplomacia_proyectos,0.34000903367996216,apps/ml/storage/models/beto-v1-gold-source-aware,9d8861f8406d41050fa57c530224a1e62983e887807fa6047eefcea52356c215,74f80917f6b245d718c201d58e0d3599f2e4b3e0,2af248364cad4a03a9e72b111682931cbde91302d950339ada00ab01147e438c
artifacts/datasets/gold-v1-source-aware.json,dcd8d90081973b7b9a05ee6ef41623756a06232727f3718268945d71a207310a,624,train,0ea45102-057d-4bff-b527-f36326f66d33,no_relevante,no_relevante,0.8098720908164978,apps/ml/storage/models/beto-v1-gold-source-aware,9d8861f8406d41050fa57c530224a1e62983e887807fa6047eefcea52356c215,74f80917f6b245d718c201d58e0d3599f2e4b3e0,50a4bf9ed32b52941ff444575145ae5a82b28941d677877bada964818dac5ff6
artifacts/datasets/gold-v1-source-aware.json,dcd8d90081973b7b9a05ee6ef41623756a06232727f3718268945d71a207310a,625,train,0ea45102-057d-4bff-b527-f36326f66d33,crisis_ideas_emancipadoras,crisis_ideas_emancipadoras,0.5217028260231018,apps/ml/storage/models/beto-v1-gold-source-aware,9d8861f8406d41050fa57c530224a1e62983e887807fa6047eefcea52356c215,74f80917f6b245d718c201d58e0d3599f2e4b3e0,4683ddbffbf0d16794a1c747387715f297e3bd86c8a32d06e31cd4c9a1d72601
artifacts/datasets/gold-v1-source-aware.json,dcd8d90081973b7b9a05ee6ef41623756a06232727f3718268945d71a207310a,626,train,0ea45102-057d-4bff-b527-f36326f66d33,liderazgos_diplomacia_proyectos,liderazgos_diplomacia_proyectos,0.49660077691078186,apps/ml/storage/models/beto-v1-gold-source-aware,9d8861f8406d41050fa57c530224a1e62983e887807fa6047eefcea52356c215,74f80917f6b245d718c201d58e0d3599f2e4b3e0,528c7216064e5654a80f8eb7a67620e162fac226a47011f4af73d7efed8aad76
artifacts/datasets/gold-v1-source-aware.json,dcd8d90081973b7b9a05ee6ef41623756a06232727f3718268945d71a207310a,627,train,0ea45102-057d-4bff-b527-f36326f66d33,crisis_ideas_emancipadoras,crisis_ideas_emancipadoras,0.5304921865463257,apps/ml/storage/models/beto-v1-gold-source-aware,9d8861f8406d41050fa57c530224a1e62983e887807fa6047eefcea52356c215,74f80917f6b245d718c201d58e0d3599f2e4b3e0,57a3e3d83e3e5c16d55a785b6da3488efb00081a4606c2f1f814a7733cd20383
artifacts/datasets/gold-v1-source-aware.json,dcd8d90081973b7b9a05ee6ef41623756a06232727f3718268945d71a207310a,628,train,0ea45102-057d-4bff-b527-f36326f66d33,crisis_ideas_emancipadoras,crisis_ideas_emancipadoras,0.5148060321807861,apps/ml/storage/models/beto-v1-gold-source-aware,9d8861f8406d41050fa57c530224a1e62983e887807fa6047eefcea52356c215,74f80917f6b245d718c201d58e0d3599f2e4b3e0,b5fbbdb32d1bab049feb8008b88db65497480db9d3a8d874d77e40bf998a7d69
artifacts/datasets/gold-v1-source-aware.json,dcd8d90081973b7b9a05ee6ef41623756a06232727f3718268945d71a207310a,629,train,9f60a031-0183-478c-a1f8-a3bdd37d7b0b,no_relevante,no_relevante,0.9210633039474487,apps/ml/storage/models/beto-v1-gold-source-aware,9d8861f8406d41050fa57c530224a1e62983e887807fa6047eefcea52356c215,74f80917f6b245d718c201d58e0d3599f2e4b3e0,d958e6c815d2d59ab336cda087b36dcfcf6b058bf0bc458e567ce801125db95d
artifacts/datasets/gold-v1-source-aware.json,dcd8d90081973b7b9a05ee6ef41623756a06232727f3718268945d71a207310a,630,train,9154f7f7-86c9-4bad-bcba-47eaf54b93e1,no_relevante,no_relevante,0.9101911187171936,apps/ml/storage/models/beto-v1-gold-source-aware,9d8861f8406d41050fa57c530224a1e62983e887807fa6047eefcea52356c215,74f80917f6b245d718c201d58e0d3599f2e4b3e0,810c5873eb07391802e70551a025efd1ab9515a91cd0a436c34810611b8256ca
artifacts/datasets/gold-v1-source-aware.json,dcd8d90081973b7b9a05ee6ef41623756a06232727f3718268945d71a207310a,631,train,0ea45102-057d-4bff-b527-f36326f66d33,liderazgos_diplomacia_proyectos,liderazgos_diplomacia_proyectos,0.4001082181930542,apps/ml/storage/models/beto-v1-gold-source-aware,9d8861f8406d41050fa57c530224a1e62983e887807fa6047eefcea52356c215,74f80917f6b245d718c201d58e0d3599f2e4b3e0,57e584c2636e58fe1757563ca768d487e102145558a1748f4750b43bdcd59917
artifacts/datasets/gold-v1-source-aware.json,dcd8d90081973b7b9a05ee6ef41623756a06232727f3718268945d71a207310a,632,train,0ea45102-057d-4bff-b527-f36326f66d33,no_relevante,no_relevante,0.9121949076652527,apps/ml/storage/models/beto-v1-gold-source-aware,9d8861f8406d41050fa57c530224a1e62983e887807fa6047eefcea52356c215,74f80917f6b245d718c201d58e0d3599f2e4b3e0,a14afb8762c1ef4d5baae31a486b411d504b5b504f49b96d9d0681f681d84064
artifacts/datasets/gold-v1-source-aware.json,dcd8d90081973b7b9a05ee6ef41623756a06232727f3718268945d71a207310a,633,train,9f60a031-0183-478c-a1f8-a3bdd37d7b0b,liderazgos_diplomacia_proyectos,participacion_social_regional,0.2287631332874298,apps/ml/storage/models/beto-v1-gold-source-aware,9d8861f8406d41050fa57c530224a1e62983e887807fa6047eefcea52356c215,74f80917f6b245d718c201d58e0d3599f2e4b3e0,06002ea1c0d1e201ea5dc0b7f828f2592b6383292746d7e81e050740b2e3b88c
artifacts/datasets/gold-v1-source-aware.json,dcd8d90081973b7b9a05ee6ef41623756a06232727f3718268945d71a207310a,634,train,0ea45102-057d-4bff-b527-f36326f66d33,participacion_social_regional,participacion_social_regional,0.5749890804290771,apps/ml/storage/models/beto-v1-gold-source-aware,9d8861f8406d41050fa57c530224a1e62983e887807fa6047eefcea52356c215,74f80917f6b245d718c201d58e0d3599f2e4b3e0,3e04c0e54ae081072a1cd833651c2767a3f3215a2e0520fee1f7d7c1d271c028
artifacts/datasets/gold-v1-source-aware.json,dcd8d90081973b7b9a05ee6ef41623756a06232727f3718268945d71a207310a,635,train,0ea45102-057d-4bff-b527-f36326f66d33,liderazgos_diplomacia_proyectos,participacion_social_regional,0.33122891187667847,apps/ml/storage/models/beto-v1-gold-source-aware,9d8861f8406d41050fa57c530224a1e62983e887807fa6047eefcea52356c215,74f80917f6b245d718c201d58e0d3599f2e4b3e0,42e49adaac438eef3dd447e32a3d0303d2811a25d70fcded27e06a360930bbb0
artifacts/datasets/gold-v1-source-aware.json,dcd8d90081973b7b9a05ee6ef41623756a06232727f3718268945d71a207310a,636,train,9154f7f7-86c9-4bad-bcba-47eaf54b93e1,crisis_ideas_emancipadoras,crisis_ideas_emancipadoras,0.5003827214241028,apps/ml/storage/models/beto-v1-gold-source-aware,9d8861f8406d41050fa57c530224a1e62983e887807fa6047eefcea52356c215,74f80917f6b245d718c201d58e0d3599f2e4b3e0,f649d51708d4691e79afdcd250c057c2f3aeac762a11b04e1b0d4216e7d5ac5f
artifacts/datasets/gold-v1-source-aware.json,dcd8d90081973b7b9a05ee6ef41623756a06232727f3718268945d71a207310a,637,train,9f60a031-0183-478c-a1f8-a3bdd37d7b0b,no_relevante,no_relevante,0.9080220460891724,apps/ml/storage/models/beto-v1-gold-source-aware,9d8861f8406d41050fa57c530224a1e62983e887807fa6047eefcea52356c215,74f80917f6b245d718c201d58e0d3599f2e4b3e0,86fb3176f36bf2c1dce63a6264e6e1a08a20de5e38dc696ed8a0963395f48703
artifacts/datasets/gold-v1-source-aware.json,dcd8d90081973b7b9a05ee6ef41623756a06232727f3718268945d71a207310a,638,test,4ca9c84a-627b-4027-8216-fdc07c506727,organizacion_consecuencias_republicanas,no_relevante,0.7186684608459473,apps/ml/storage/models/beto-v1-gold-source-aware,9d8861f8406d41050fa57c530224a1e62983e887807fa6047eefcea52356c215,74f80917f6b245d718c201d58e0d3599f2e4b3e0,5bfcf53262b81d1c2b9ec1c1dc3c9010a25cbab342f8fca54b53970865990868
artifacts/datasets/gold-v1-source-aware.json,dcd8d90081973b7b9a05ee6ef41623756a06232727f3718268945d71a207310a,639,test,15e52806-3d75-4117-937d-7c7eda594579,participacion_social_regional,crisis_ideas_emancipadoras,0.5509338974952698,apps/ml/storage/models/beto-v1-gold-source-aware,9d8861f8406d41050fa57c530224a1e62983e887807fa6047eefcea52356c215,74f80917f6b245d718c201d58e0d3599f2e4b3e0,699873109054f91518540853ae2d647623e8a9b325a4ec8433b55c6447e879bc
artifacts/datasets/gold-v1-source-aware.json,dcd8d90081973b7b9a05ee6ef41623756a06232727f3718268945d71a207310a,640,train,9154f7f7-86c9-4bad-bcba-47eaf54b93e1,liderazgos_diplomacia_proyectos,liderazgos_diplomacia_proyectos,0.3238428831100464,apps/ml/storage/models/beto-v1-gold-source-aware,9d8861f8406d41050fa57c530224a1e62983e887807fa6047eefcea52356c215,74f80917f6b245d718c201d58e0d3599f2e4b3e0,69f7ade875bdc894ba9a436b7a9dfe0b4dbe673ad948278df4a1e1d573980462
artifacts/datasets/gold-v1-source-aware.json,dcd8d90081973b7b9a05ee6ef41623756a06232727f3718268945d71a207310a,641,train,9f60a031-0183-478c-a1f8-a3bdd37d7b0b,organizacion_consecuencias_republicanas,organizacion_consecuencias_republicanas,0.4728755056858063,apps/ml/storage/models/beto-v1-gold-source-aware,9d8861f8406d41050fa57c530224a1e62983e887807fa6047eefcea52356c215,74f80917f6b245d718c201d58e0d3599f2e4b3e0,f6f2797619c97f06023bc6f414132d937691870c7922f51a39e5f33ca82abef4
artifacts/datasets/gold-v1-source-aware.json,dcd8d90081973b7b9a05ee6ef41623756a06232727f3718268945d71a207310a,642,train,9f60a031-0183-478c-a1f8-a3bdd37d7b0b,participacion_social_regional,contexto_colonial_antecedentes,0.3600195348262787,apps/ml/storage/models/beto-v1-gold-source-aware,9d8861f8406d41050fa57c530224a1e62983e887807fa6047eefcea52356c215,74f80917f6b245d718c201d58e0d3599f2e4b3e0,692d64f3d36f0b89a75572c60d472d7d8b7c54633e2097eff818d109f87fb828
artifacts/datasets/gold-v1-source-aware.json,dcd8d90081973b7b9a05ee6ef41623756a06232727f3718268945d71a207310a,643,test,15e52806-3d75-4117-937d-7c7eda594579,no_relevante,crisis_ideas_emancipadoras,0.58943110704422,apps/ml/storage/models/beto-v1-gold-source-aware,9d8861f8406d41050fa57c530224a1e62983e887807fa6047eefcea52356c215,74f80917f6b245d718c201d58e0d3599f2e4b3e0,5afaa137d67a47e60ba0e72a97cc4f9845d45210a44f210650bb02dff4a1ee29
artifacts/datasets/gold-v1-source-aware.json,dcd8d90081973b7b9a05ee6ef41623756a06232727f3718268945d71a207310a,644,train,9f60a031-0183-478c-a1f8-a3bdd37d7b0b,participacion_social_regional,organizacion_consecuencias_republicanas,0.3704912066459656,apps/ml/storage/models/beto-v1-gold-source-aware,9d8861f8406d41050fa57c530224a1e62983e887807fa6047eefcea52356c215,74f80917f6b245d718c201d58e0d3599f2e4b3e0,87e497ade568bc080f1d003ad775a94bbd74766a9d4e155d77b7381bad3762a2
artifacts/datasets/gold-v1-source-aware.json,dcd8d90081973b7b9a05ee6ef41623756a06232727f3718268945d71a207310a,645,train,9f60a031-0183-478c-a1f8-a3bdd37d7b0b,no_relevante,organizacion_consecuencias_republicanas,0.4274592697620392,apps/ml/storage/models/beto-v1-gold-source-aware,9d8861f8406d41050fa57c530224a1e62983e887807fa6047eefcea52356c215,74f80917f6b245d718c201d58e0d3599f2e4b3e0,fdcb474a6744674a5479a19eac701e732f8d704c9b5d42a89d70149ee906a937
artifacts/datasets/gold-v1-source-aware.json,dcd8d90081973b7b9a05ee6ef41623756a06232727f3718268945d71a207310a,646,test,4ca9c84a-627b-4027-8216-fdc07c506727,liderazgos_diplomacia_proyectos,participacion_social_regional,0.31444114446640015,apps/ml/storage/models/beto-v1-gold-source-aware,9d8861f8406d41050fa57c530224a1e62983e887807fa6047eefcea52356c215,74f80917f6b245d718c201d58e0d3599f2e4b3e0,c1902c8353f2a62f9767500c568b9a0d012534562391e71f445bf322a4730383
artifacts/datasets/gold-v1-source-aware.json,dcd8d90081973b7b9a05ee6ef41623756a06232727f3718268945d71a207310a,647,test,4ca9c84a-627b-4027-8216-fdc07c506727,organizacion_consecuencias_republicanas,crisis_ideas_emancipadoras,0.20077469944953918,apps/ml/storage/models/beto-v1-gold-source-aware,9d8861f8406d41050fa57c530224a1e62983e887807fa6047eefcea52356c215,74f80917f6b245d718c201d58e0d3599f2e4b3e0,d014ccac5b9c5d0071b101fb7e21d24e77a91587e32dbe404db029e76eaa34bb
artifacts/datasets/gold-v1-source-aware.json,dcd8d90081973b7b9a05ee6ef41623756a06232727f3718268945d71a207310a,648,test,4ca9c84a-627b-4027-8216-fdc07c506727,crisis_ideas_emancipadoras,participacion_social_regional,0.38677188754081726,apps/ml/storage/models/beto-v1-gold-source-aware,9d8861f8406d41050fa57c530224a1e62983e887807fa6047eefcea52356c215,74f80917f6b245d718c201d58e0d3599f2e4b3e0,e177daacea52a624a98177624e7ac2825c22ae5d0fc5a13ca4e8f385831e4638
artifacts/datasets/gold-v1-source-aware.json,dcd8d90081973b7b9a05ee6ef41623756a06232727f3718268945d71a207310a,649,train,9f60a031-0183-478c-a1f8-a3bdd37d7b0b,organizacion_consecuencias_republicanas,organizacion_consecuencias_republicanas,0.5094048976898193,apps/ml/storage/models/beto-v1-gold-source-aware,9d8861f8406d41050fa57c530224a1e62983e887807fa6047eefcea52356c215,74f80917f6b245d718c201d58e0d3599f2e4b3e0,c99a6a3e9e0df1f3614a57fa7c831f9df2722f43585e50ab01cf91acc3de131b
artifacts/datasets/gold-v1-source-aware.json,dcd8d90081973b7b9a05ee6ef41623756a06232727f3718268945d71a207310a,650,train,9f60a031-0183-478c-a1f8-a3bdd37d7b0b,participacion_social_regional,contexto_colonial_antecedentes,0.4488705098628998,apps/ml/storage/models/beto-v1-gold-source-aware,9d8861f8406d41050fa57c530224a1e62983e887807fa6047eefcea52356c215,74f80917f6b245d718c201d58e0d3599f2e4b3e0,3a3e3104cc2e0e06d7114c6df34c4a566e8f5e2409bc20e6e26d6e4f11c20459
artifacts/datasets/gold-v1-source-aware.json,dcd8d90081973b7b9a05ee6ef41623756a06232727f3718268945d71a207310a,651,test,4ca9c84a-627b-4027-8216-fdc07c506727,liderazgos_diplomacia_proyectos,no_relevante,0.5637561082839966,apps/ml/storage/models/beto-v1-gold-source-aware,9d8861f8406d41050fa57c530224a1e62983e887807fa6047eefcea52356c215,74f80917f6b245d718c201d58e0d3599f2e4b3e0,3fa8ddfc480f9b2fafa9f3ced58816772eadaa623c22faae42c037309673d6cd
artifacts/datasets/gold-v1-source-aware.json,dcd8d90081973b7b9a05ee6ef41623756a06232727f3718268945d71a207310a,652,train,9f60a031-0183-478c-a1f8-a3bdd37d7b0b,no_relevante,no_relevante,0.9153395295143127,apps/ml/storage/models/beto-v1-gold-source-aware,9d8861f8406d41050fa57c530224a1e62983e887807fa6047eefcea52356c215,74f80917f6b245d718c201d58e0d3599f2e4b3e0,29ba90109a3287a18f0429454ed8df26d51013494353785adea52986c53faae1
artifacts/datasets/gold-v1-source-aware.json,dcd8d90081973b7b9a05ee6ef41623756a06232727f3718268945d71a207310a,653,test,4ca9c84a-627b-4027-8216-fdc07c506727,liderazgos_diplomacia_proyectos,participacion_social_regional,0.3021043837070465,apps/ml/storage/models/beto-v1-gold-source-aware,9d8861f8406d41050fa57c530224a1e62983e887807fa6047eefcea52356c215,74f80917f6b245d718c201d58e0d3599f2e4b3e0,979eb589a3f94c4d2091c281967638a08086c67d234cb309328606e0b4605397
artifacts/datasets/gold-v1-source-aware.json,dcd8d90081973b7b9a05ee6ef41623756a06232727f3718268945d71a207310a,654,train,9154f7f7-86c9-4bad-bcba-47eaf54b93e1,liderazgos_diplomacia_proyectos,organizacion_consecuencias_republicanas,0.3875851333141327,apps/ml/storage/models/beto-v1-gold-source-aware,9d8861f8406d41050fa57c530224a1e62983e887807fa6047eefcea52356c215,74f80917f6b245d718c201d58e0d3599f2e4b3e0,1488da72b6d25e0660ce07c6ea1f779db718378cc2a97d44e5c1296b8aa49fb6
artifacts/datasets/gold-v1-source-aware.json,dcd8d90081973b7b9a05ee6ef41623756a06232727f3718268945d71a207310a,655,train,9f60a031-0183-478c-a1f8-a3bdd37d7b0b,organizacion_consecuencias_republicanas,organizacion_consecuencias_republicanas,0.5833970904350281,apps/ml/storage/models/beto-v1-gold-source-aware,9d8861f8406d41050fa57c530224a1e62983e887807fa6047eefcea52356c215,74f80917f6b245d718c201d58e0d3599f2e4b3e0,6216d62b86f8d304731efe002e105151fbe9ff315e7c4d14fa25b0b4679be2dc
artifacts/datasets/gold-v1-source-aware.json,dcd8d90081973b7b9a05ee6ef41623756a06232727f3718268945d71a207310a,656,train,9f60a031-0183-478c-a1f8-a3bdd37d7b0b,no_relevante,no_relevante,0.6524522304534912,apps/ml/storage/models/beto-v1-gold-source-aware,9d8861f8406d41050fa57c530224a1e62983e887807fa6047eefcea52356c215,74f80917f6b245d718c201d58e0d3599f2e4b3e0,d606a17fce3f8c9cb28151bc40b4c9fc635bc0310c8de28c69d1526e3e89ee20
artifacts/datasets/gold-v1-source-aware.json,dcd8d90081973b7b9a05ee6ef41623756a06232727f3718268945d71a207310a,657,test,4ca9c84a-627b-4027-8216-fdc07c506727,liderazgos_diplomacia_proyectos,participacion_social_regional,0.22632770240306854,apps/ml/storage/models/beto-v1-gold-source-aware,9d8861f8406d41050fa57c530224a1e62983e887807fa6047eefcea52356c215,74f80917f6b245d718c201d58e0d3599f2e4b3e0,1db9076f97cb7f3479c3f36ca9a44d183d0a1faaba16d9d5f70cffebed85407b
artifacts/datasets/gold-v1-source-aware.json,dcd8d90081973b7b9a05ee6ef41623756a06232727f3718268945d71a207310a,658,test,4ca9c84a-627b-4027-8216-fdc07c506727,liderazgos_diplomacia_proyectos,liderazgos_diplomacia_proyectos,0.33774060010910034,apps/ml/storage/models/beto-v1-gold-source-aware,9d8861f8406d41050fa57c530224a1e62983e887807fa6047eefcea52356c215,74f80917f6b245d718c201d58e0d3599f2e4b3e0,4a6f3976e32b9693c67274655f0768d3caa8ee8012945ae3d1a089c37a893759
artifacts/datasets/gold-v1-source-aware.json,dcd8d90081973b7b9a05ee6ef41623756a06232727f3718268945d71a207310a,659,train,9f60a031-0183-478c-a1f8-a3bdd37d7b0b,organizacion_consecuencias_republicanas,organizacion_consecuencias_republicanas,0.6487140655517578,apps/ml/storage/models/beto-v1-gold-source-aware,9d8861f8406d41050fa57c530224a1e62983e887807fa6047eefcea52356c215,74f80917f6b245d718c201d58e0d3599f2e4b3e0,037724b6b30ae3d8702261536423ee49cea1931d06a24cce76d8f6569d256733
artifacts/datasets/gold-v1-source-aware.json,dcd8d90081973b7b9a05ee6ef41623756a06232727f3718268945d71a207310a,660,test,4ca9c84a-627b-4027-8216-fdc07c506727,campanias_conflictos_militares,campanias_conflictos_militares,0.8012848496437073,apps/ml/storage/models/beto-v1-gold-source-aware,9d8861f8406d41050fa57c530224a1e62983e887807fa6047eefcea52356c215,74f80917f6b245d718c201d58e0d3599f2e4b3e0,c1ed3c88109ae31edafb16375b06a0c718e17909d141e351026c50054f5f0c28
artifacts/datasets/gold-v1-source-aware.json,dcd8d90081973b7b9a05ee6ef41623756a06232727f3718268945d71a207310a,661,test,4ca9c84a-627b-4027-8216-fdc07c506727,no_relevante,no_relevante,0.8759490847587585,apps/ml/storage/models/beto-v1-gold-source-aware,9d8861f8406d41050fa57c530224a1e62983e887807fa6047eefcea52356c215,74f80917f6b245d718c201d58e0d3599f2e4b3e0,9c9e85cb1cffa390bff77789e8b6f02cd74150262108ecfe0528f9e6d54d9f00
artifacts/datasets/gold-v1-source-aware.json,dcd8d90081973b7b9a05ee6ef41623756a06232727f3718268945d71a207310a,662,test,4ca9c84a-627b-4027-8216-fdc07c506727,organizacion_consecuencias_republicanas,liderazgos_diplomacia_proyectos,0.3400880992412567,apps/ml/storage/models/beto-v1-gold-source-aware,9d8861f8406d41050fa57c530224a1e62983e887807fa6047eefcea52356c215,74f80917f6b245d718c201d58e0d3599f2e4b3e0,e617393c00657c0b8949194f8d75044a42d220b5704a52d964d29f4c92debfd8
artifacts/datasets/gold-v1-source-aware.json,dcd8d90081973b7b9a05ee6ef41623756a06232727f3718268945d71a207310a,663,train,9154f7f7-86c9-4bad-bcba-47eaf54b93e1,liderazgos_diplomacia_proyectos,organizacion_consecuencias_republicanas,0.4758775234222412,apps/ml/storage/models/beto-v1-gold-source-aware,9d8861f8406d41050fa57c530224a1e62983e887807fa6047eefcea52356c215,74f80917f6b245d718c201d58e0d3599f2e4b3e0,a4f2067b37d5803b62b032e022bc8218e9558e8eb7c49ddf2b0a8ce350ff4cb0
artifacts/datasets/gold-v1-source-aware.json,dcd8d90081973b7b9a05ee6ef41623756a06232727f3718268945d71a207310a,664,train,9f60a031-0183-478c-a1f8-a3bdd37d7b0b,organizacion_consecuencias_republicanas,organizacion_consecuencias_republicanas,0.5550385117530823,apps/ml/storage/models/beto-v1-gold-source-aware,9d8861f8406d41050fa57c530224a1e62983e887807fa6047eefcea52356c215,74f80917f6b245d718c201d58e0d3599f2e4b3e0,639ed10999aaf7629b3be53262d115a4937330eb59e4a38caafa9b11819e2a7e
artifacts/datasets/gold-v1-source-aware.json,dcd8d90081973b7b9a05ee6ef41623756a06232727f3718268945d71a207310a,665,test,4ca9c84a-627b-4027-8216-fdc07c506727,no_relevante,no_relevante,0.31856298446655273,apps/ml/storage/models/beto-v1-gold-source-aware,9d8861f8406d41050fa57c530224a1e62983e887807fa6047eefcea52356c215,74f80917f6b245d718c201d58e0d3599f2e4b3e0,d0c5b4107b3aeff3d9c9b1269ad8acf72104de2dbf2103591a5d733a40ed2d74
artifacts/datasets/gold-v1-source-aware.json,dcd8d90081973b7b9a05ee6ef41623756a06232727f3718268945d71a207310a,666,test,4ca9c84a-627b-4027-8216-fdc07c506727,no_relevante,no_relevante,0.7989463210105896,apps/ml/storage/models/beto-v1-gold-source-aware,9d8861f8406d41050fa57c530224a1e62983e887807fa6047eefcea52356c215,74f80917f6b245d718c201d58e0d3599f2e4b3e0,2ab1e15a7c60330f22c637c4bddd9bda25d61d37d1ea0f3a5b51db86eca0ed47
artifacts/datasets/gold-v1-source-aware.json,dcd8d90081973b7b9a05ee6ef41623756a06232727f3718268945d71a207310a,667,train,9154f7f7-86c9-4bad-bcba-47eaf54b93e1,participacion_social_regional,organizacion_consecuencias_republicanas,0.4305057227611542,apps/ml/storage/models/beto-v1-gold-source-aware,9d8861f8406d41050fa57c530224a1e62983e887807fa6047eefcea52356c215,74f80917f6b245d718c201d58e0d3599f2e4b3e0,9bee838516a3d5f46ca3799ac163149b1c5b06e5f688c44c4d1c993eb5745327
artifacts/datasets/gold-v1-source-aware.json,dcd8d90081973b7b9a05ee6ef41623756a06232727f3718268945d71a207310a,668,test,4ca9c84a-627b-4027-8216-fdc07c506727,crisis_ideas_emancipadoras,participacion_social_regional,0.426510214805603,apps/ml/storage/models/beto-v1-gold-source-aware,9d8861f8406d41050fa57c530224a1e62983e887807fa6047eefcea52356c215,74f80917f6b245d718c201d58e0d3599f2e4b3e0,2ab9fea04290076e969d9effda53ca8bd8792670d7ef11e2f64ac3e38003916e
artifacts/datasets/gold-v1-source-aware.json,dcd8d90081973b7b9a05ee6ef41623756a06232727f3718268945d71a207310a,669,test,4ca9c84a-627b-4027-8216-fdc07c506727,campanias_conflictos_militares,campanias_conflictos_militares,0.49206051230430603,apps/ml/storage/models/beto-v1-gold-source-aware,9d8861f8406d41050fa57c530224a1e62983e887807fa6047eefcea52356c215,74f80917f6b245d718c201d58e0d3599f2e4b3e0,3ef3763f57edeb654d8267f6872fa37ce5aa1e8e1b6d6157953b6accf9dbd179
artifacts/datasets/gold-v1-source-aware.json,dcd8d90081973b7b9a05ee6ef41623756a06232727f3718268945d71a207310a,670,test,4ca9c84a-627b-4027-8216-fdc07c506727,liderazgos_diplomacia_proyectos,liderazgos_diplomacia_proyectos,0.4076460897922516,apps/ml/storage/models/beto-v1-gold-source-aware,9d8861f8406d41050fa57c530224a1e62983e887807fa6047eefcea52356c215,74f80917f6b245d718c201d58e0d3599f2e4b3e0,6390cf16d78968f8cc78c6aea45d1ddfa0826fc67a4dfba86e3e8e4eff10b547
artifacts/datasets/gold-v1-source-aware.json,dcd8d90081973b7b9a05ee6ef41623756a06232727f3718268945d71a207310a,671,test,4ca9c84a-627b-4027-8216-fdc07c506727,campanias_conflictos_militares,campanias_conflictos_militares,0.6142557263374329,apps/ml/storage/models/beto-v1-gold-source-aware,9d8861f8406d41050fa57c530224a1e62983e887807fa6047eefcea52356c215,74f80917f6b245d718c201d58e0d3599f2e4b3e0,5487d90428281884788fef3dae2a30707180ba733fcd3a7a08d8ec865eb7111c
artifacts/datasets/gold-v1-source-aware.json,dcd8d90081973b7b9a05ee6ef41623756a06232727f3718268945d71a207310a,672,test,4ca9c84a-627b-4027-8216-fdc07c506727,liderazgos_diplomacia_proyectos,no_relevante,0.774121105670929,apps/ml/storage/models/beto-v1-gold-source-aware,9d8861f8406d41050fa57c530224a1e62983e887807fa6047eefcea52356c215,74f80917f6b245d718c201d58e0d3599f2e4b3e0,db1db61575720ade7a15bb1fc0f7b117a55a7c117bec15fd828e27f56c68f8ba
artifacts/datasets/gold-v1-source-aware.json,dcd8d90081973b7b9a05ee6ef41623756a06232727f3718268945d71a207310a,673,test,4ca9c84a-627b-4027-8216-fdc07c506727,participacion_social_regional,liderazgos_diplomacia_proyectos,0.4209689199924469,apps/ml/storage/models/beto-v1-gold-source-aware,9d8861f8406d41050fa57c530224a1e62983e887807fa6047eefcea52356c215,74f80917f6b245d718c201d58e0d3599f2e4b3e0,523148998befa9cfba30d4de937f321450f8208b8d8d504cb019cdc7d604c3b6
artifacts/datasets/gold-v1-source-aware.json,dcd8d90081973b7b9a05ee6ef41623756a06232727f3718268945d71a207310a,674,test,4ca9c84a-627b-4027-8216-fdc07c506727,liderazgos_diplomacia_proyectos,liderazgos_diplomacia_proyectos,0.562235414981842,apps/ml/storage/models/beto-v1-gold-source-aware,9d8861f8406d41050fa57c530224a1e62983e887807fa6047eefcea52356c215,74f80917f6b245d718c201d58e0d3599f2e4b3e0,108abe47a688282b22a10af46e5088ec069bb9addfd49a1c7e00261a77a84f59
artifacts/datasets/gold-v1-source-aware.json,dcd8d90081973b7b9a05ee6ef41623756a06232727f3718268945d71a207310a,675,test,4ca9c84a-627b-4027-8216-fdc07c506727,liderazgos_diplomacia_proyectos,campanias_conflictos_militares,0.3990618586540222,apps/ml/storage/models/beto-v1-gold-source-aware,9d8861f8406d41050fa57c530224a1e62983e887807fa6047eefcea52356c215,74f80917f6b245d718c201d58e0d3599f2e4b3e0,d763d0134132f37e75fdcd9020a57f35d09054ea624396ff2cd3b4e0bf406718
artifacts/datasets/gold-v1-source-aware.json,dcd8d90081973b7b9a05ee6ef41623756a06232727f3718268945d71a207310a,676,test,4ca9c84a-627b-4027-8216-fdc07c506727,crisis_ideas_emancipadoras,liderazgos_diplomacia_proyectos,0.35961925983428955,apps/ml/storage/models/beto-v1-gold-source-aware,9d8861f8406d41050fa57c530224a1e62983e887807fa6047eefcea52356c215,74f80917f6b245d718c201d58e0d3599f2e4b3e0,70cdc5964814fe2fd598c3575d450e21216fa37cfc15accfcd23cfc2adebad55
artifacts/datasets/gold-v1-source-aware.json,dcd8d90081973b7b9a05ee6ef41623756a06232727f3718268945d71a207310a,677,test,4ca9c84a-627b-4027-8216-fdc07c506727,campanias_conflictos_militares,campanias_conflictos_militares,0.3709096312522888,apps/ml/storage/models/beto-v1-gold-source-aware,9d8861f8406d41050fa57c530224a1e62983e887807fa6047eefcea52356c215,74f80917f6b245d718c201d58e0d3599f2e4b3e0,e74fb9df559059f0e6f7fe5649c6fc03d27bd7d4067c107b445f222e13de8e52
artifacts/datasets/gold-v1-source-aware.json,dcd8d90081973b7b9a05ee6ef41623756a06232727f3718268945d71a207310a,678,test,4ca9c84a-627b-4027-8216-fdc07c506727,liderazgos_diplomacia_proyectos,contexto_colonial_antecedentes,0.48427674174308777,apps/ml/storage/models/beto-v1-gold-source-aware,9d8861f8406d41050fa57c530224a1e62983e887807fa6047eefcea52356c215,74f80917f6b245d718c201d58e0d3599f2e4b3e0,7894a7bdee63908f9586c8aa13791902d1347fd5dc57b6db3ca865eb87c7a619
artifacts/datasets/gold-v1-source-aware.json,dcd8d90081973b7b9a05ee6ef41623756a06232727f3718268945d71a207310a,679,test,4ca9c84a-627b-4027-8216-fdc07c506727,campanias_conflictos_militares,campanias_conflictos_militares,0.7009283304214478,apps/ml/storage/models/beto-v1-gold-source-aware,9d8861f8406d41050fa57c530224a1e62983e887807fa6047eefcea52356c215,74f80917f6b245d718c201d58e0d3599f2e4b3e0,797767c23aea1eb1b3c5233c23f1727775bf87851809c134a3896ed19f453a62
artifacts/datasets/gold-v1-source-aware.json,dcd8d90081973b7b9a05ee6ef41623756a06232727f3718268945d71a207310a,680,test,4ca9c84a-627b-4027-8216-fdc07c506727,liderazgos_diplomacia_proyectos,liderazgos_diplomacia_proyectos,0.47048652172088623,apps/ml/storage/models/beto-v1-gold-source-aware,9d8861f8406d41050fa57c530224a1e62983e887807fa6047eefcea52356c215,74f80917f6b245d718c201d58e0d3599f2e4b3e0,181cad12d7e473dae6f2e5bd36b9a9b21e3979e32a670b7fadffcc199b11d89b
artifacts/datasets/gold-v1-source-aware.json,dcd8d90081973b7b9a05ee6ef41623756a06232727f3718268945d71a207310a,681,test,4ca9c84a-627b-4027-8216-fdc07c506727,no_relevante,no_relevante,0.8833343982696533,apps/ml/storage/models/beto-v1-gold-source-aware,9d8861f8406d41050fa57c530224a1e62983e887807fa6047eefcea52356c215,74f80917f6b245d718c201d58e0d3599f2e4b3e0,c95b7050d81f4d0570476cce9d7977de8f51f33540a79d2ee46b8db338e46879
artifacts/datasets/gold-v1-source-aware.json,dcd8d90081973b7b9a05ee6ef41623756a06232727f3718268945d71a207310a,682,test,4ca9c84a-627b-4027-8216-fdc07c506727,liderazgos_diplomacia_proyectos,liderazgos_diplomacia_proyectos,0.41650259494781494,apps/ml/storage/models/beto-v1-gold-source-aware,9d8861f8406d41050fa57c530224a1e62983e887807fa6047eefcea52356c215,74f80917f6b245d718c201d58e0d3599f2e4b3e0,cc8552794144b7039b81f03114f652eb001877225a1d3eab22cbb5cccda2ff66
artifacts/datasets/gold-v1-source-aware.json,dcd8d90081973b7b9a05ee6ef41623756a06232727f3718268945d71a207310a,683,test,4ca9c84a-627b-4027-8216-fdc07c506727,organizacion_consecuencias_republicanas,campanias_conflictos_militares,0.7945913076400757,apps/ml/storage/models/beto-v1-gold-source-aware,9d8861f8406d41050fa57c530224a1e62983e887807fa6047eefcea52356c215,74f80917f6b245d718c201d58e0d3599f2e4b3e0,17bb9bf141bd56e73a413d84c61467bcd142c6047d56be2491406269c5b23906
artifacts/datasets/gold-v1-source-aware.json,dcd8d90081973b7b9a05ee6ef41623756a06232727f3718268945d71a207310a,684,test,4ca9c84a-627b-4027-8216-fdc07c506727,crisis_ideas_emancipadoras,participacion_social_regional,0.5137803554534912,apps/ml/storage/models/beto-v1-gold-source-aware,9d8861f8406d41050fa57c530224a1e62983e887807fa6047eefcea52356c215,74f80917f6b245d718c201d58e0d3599f2e4b3e0,f7ecfa8e9ca3aecd7f7f3197885988393f7b3832e620c92821136476b03fe3e3
artifacts/datasets/gold-v1-source-aware.json,dcd8d90081973b7b9a05ee6ef41623756a06232727f3718268945d71a207310a,685,test,4ca9c84a-627b-4027-8216-fdc07c506727,no_relevante,no_relevante,0.8616423010826111,apps/ml/storage/models/beto-v1-gold-source-aware,9d8861f8406d41050fa57c530224a1e62983e887807fa6047eefcea52356c215,74f80917f6b245d718c201d58e0d3599f2e4b3e0,0e3c873c97d8894d54868f390fbb11114b4c855e1b30ece6443ec5a26395d210
artifacts/datasets/gold-v1-source-aware.json,dcd8d90081973b7b9a05ee6ef41623756a06232727f3718268945d71a207310a,686,test,4ca9c84a-627b-4027-8216-fdc07c506727,no_relevante,no_relevante,0.8980868458747864,apps/ml/storage/models/beto-v1-gold-source-aware,9d8861f8406d41050fa57c530224a1e62983e887807fa6047eefcea52356c215,74f80917f6b245d718c201d58e0d3599f2e4b3e0,ec6339eed34713076958c7a3f82e2bda6bf1736fd81fc21142d3cf427c12dd9d
artifacts/datasets/gold-v1-source-aware.json,dcd8d90081973b7b9a05ee6ef41623756a06232727f3718268945d71a207310a,687,train,514f190e-5d01-497a-a6ef-648601cd8bdb,crisis_ideas_emancipadoras,crisis_ideas_emancipadoras,0.6644999980926514,apps/ml/storage/models/beto-v1-gold-source-aware,9d8861f8406d41050fa57c530224a1e62983e887807fa6047eefcea52356c215,74f80917f6b245d718c201d58e0d3599f2e4b3e0,2ef457617b4e1e753d972a27f0ac0470762bc19509b6360ec9e6563fe1ec1d11
artifacts/datasets/gold-v1-source-aware.json,dcd8d90081973b7b9a05ee6ef41623756a06232727f3718268945d71a207310a,688,train,514f190e-5d01-497a-a6ef-648601cd8bdb,participacion_social_regional,crisis_ideas_emancipadoras,0.6398934721946716,apps/ml/storage/models/beto-v1-gold-source-aware,9d8861f8406d41050fa57c530224a1e62983e887807fa6047eefcea52356c215,74f80917f6b245d718c201d58e0d3599f2e4b3e0,1c81ff55043f907e658c2c055f78f02e54aa0c9d3d6f1367d2f1841a28d9b21f
artifacts/datasets/gold-v1-source-aware.json,dcd8d90081973b7b9a05ee6ef41623756a06232727f3718268945d71a207310a,689,train,514f190e-5d01-497a-a6ef-648601cd8bdb,no_relevante,no_relevante,0.8350485563278198,apps/ml/storage/models/beto-v1-gold-source-aware,9d8861f8406d41050fa57c530224a1e62983e887807fa6047eefcea52356c215,74f80917f6b245d718c201d58e0d3599f2e4b3e0,9c414c7b55033c840d7263b7a3569b45b8c97a418a5c790a1057699b91b41eed
artifacts/datasets/gold-v1-source-aware.json,dcd8d90081973b7b9a05ee6ef41623756a06232727f3718268945d71a207310a,690,train,514f190e-5d01-497a-a6ef-648601cd8bdb,no_relevante,no_relevante,0.573017418384552,apps/ml/storage/models/beto-v1-gold-source-aware,9d8861f8406d41050fa57c530224a1e62983e887807fa6047eefcea52356c215,74f80917f6b245d718c201d58e0d3599f2e4b3e0,f6b9d3e3a7be620830619c37c59a3f23e10ea321c50a24399d454f8b8346c62c
artifacts/datasets/gold-v1-source-aware.json,dcd8d90081973b7b9a05ee6ef41623756a06232727f3718268945d71a207310a,691,train,514f190e-5d01-497a-a6ef-648601cd8bdb,liderazgos_diplomacia_proyectos,liderazgos_diplomacia_proyectos,0.6474214792251587,apps/ml/storage/models/beto-v1-gold-source-aware,9d8861f8406d41050fa57c530224a1e62983e887807fa6047eefcea52356c215,74f80917f6b245d718c201d58e0d3599f2e4b3e0,877f4e808e36e0918185e1c7771dd15d1762f195c78a54f85409c7b1fca58394
artifacts/datasets/gold-v1-source-aware.json,dcd8d90081973b7b9a05ee6ef41623756a06232727f3718268945d71a207310a,692,train,514f190e-5d01-497a-a6ef-648601cd8bdb,liderazgos_diplomacia_proyectos,liderazgos_diplomacia_proyectos,0.5660832524299622,apps/ml/storage/models/beto-v1-gold-source-aware,9d8861f8406d41050fa57c530224a1e62983e887807fa6047eefcea52356c215,74f80917f6b245d718c201d58e0d3599f2e4b3e0,0493e8e65ca12424f01f75a83f5b20e7269aef457ed39a1112189b2c9094ad0d
artifacts/datasets/gold-v1-source-aware.json,dcd8d90081973b7b9a05ee6ef41623756a06232727f3718268945d71a207310a,693,train,514f190e-5d01-497a-a6ef-648601cd8bdb,no_relevante,no_relevante,0.6472750902175903,apps/ml/storage/models/beto-v1-gold-source-aware,9d8861f8406d41050fa57c530224a1e62983e887807fa6047eefcea52356c215,74f80917f6b245d718c201d58e0d3599f2e4b3e0,b250b85cbf611ddf944c9d8c0284d672aea8c11a51157a8281c7d8c4a6fd01ea
artifacts/datasets/gold-v1-source-aware.json,dcd8d90081973b7b9a05ee6ef41623756a06232727f3718268945d71a207310a,694,train,514f190e-5d01-497a-a6ef-648601cd8bdb,no_relevante,no_relevante,0.8380144834518433,apps/ml/storage/models/beto-v1-gold-source-aware,9d8861f8406d41050fa57c530224a1e62983e887807fa6047eefcea52356c215,74f80917f6b245d718c201d58e0d3599f2e4b3e0,d5573274994a49581694c093bbea023916f97b1db02eb6a2963666a9bf6876a3
artifacts/datasets/gold-v1-source-aware.json,dcd8d90081973b7b9a05ee6ef41623756a06232727f3718268945d71a207310a,695,train,514f190e-5d01-497a-a6ef-648601cd8bdb,liderazgos_diplomacia_proyectos,liderazgos_diplomacia_proyectos,0.5851544737815857,apps/ml/storage/models/beto-v1-gold-source-aware,9d8861f8406d41050fa57c530224a1e62983e887807fa6047eefcea52356c215,74f80917f6b245d718c201d58e0d3599f2e4b3e0,75f68ad0c715be4827e5a2453c6f020596660b99d3105d514c6cda04e819cf01
artifacts/datasets/gold-v1-source-aware.json,dcd8d90081973b7b9a05ee6ef41623756a06232727f3718268945d71a207310a,696,train,514f190e-5d01-497a-a6ef-648601cd8bdb,organizacion_consecuencias_republicanas,liderazgos_diplomacia_proyectos,0.48921290040016174,apps/ml/storage/models/beto-v1-gold-source-aware,9d8861f8406d41050fa57c530224a1e62983e887807fa6047eefcea52356c215,74f80917f6b245d718c201d58e0d3599f2e4b3e0,3441ea4a8e08fcc0a958cafd606b905f675105c6f42856e5073f0ae401c5c94f
artifacts/datasets/gold-v1-source-aware.json,dcd8d90081973b7b9a05ee6ef41623756a06232727f3718268945d71a207310a,697,train,514f190e-5d01-497a-a6ef-648601cd8bdb,no_relevante,no_relevante,0.6435168981552124,apps/ml/storage/models/beto-v1-gold-source-aware,9d8861f8406d41050fa57c530224a1e62983e887807fa6047eefcea52356c215,74f80917f6b245d718c201d58e0d3599f2e4b3e0,6079e26368ba7c5201beafedc2f94a8e1d995000197cb44076865c8f87a073c2
artifacts/datasets/gold-v1-source-aware.json,dcd8d90081973b7b9a05ee6ef41623756a06232727f3718268945d71a207310a,698,train,514f190e-5d01-497a-a6ef-648601cd8bdb,participacion_social_regional,no_relevante,0.561313807964325,apps/ml/storage/models/beto-v1-gold-source-aware,9d8861f8406d41050fa57c530224a1e62983e887807fa6047eefcea52356c215,74f80917f6b245d718c201d58e0d3599f2e4b3e0,3ecffd155fe705445be6396a6bc2876fad44da09c31f8f687fa0b403c4219c4d
artifacts/datasets/gold-v1-source-aware.json,dcd8d90081973b7b9a05ee6ef41623756a06232727f3718268945d71a207310a,699,train,514f190e-5d01-497a-a6ef-648601cd8bdb,crisis_ideas_emancipadoras,crisis_ideas_emancipadoras,0.6192449927330017,apps/ml/storage/models/beto-v1-gold-source-aware,9d8861f8406d41050fa57c530224a1e62983e887807fa6047eefcea52356c215,74f80917f6b245d718c201d58e0d3599f2e4b3e0,5076619bd0cab769f63cca46249d0c653d1488d2654e80b5455b3585db126c8d
artifacts/datasets/gold-v1-source-aware.json,dcd8d90081973b7b9a05ee6ef41623756a06232727f3718268945d71a207310a,700,train,514f190e-5d01-497a-a6ef-648601cd8bdb,liderazgos_diplomacia_proyectos,liderazgos_diplomacia_proyectos,0.6678155660629272,apps/ml/storage/models/beto-v1-gold-source-aware,9d8861f8406d41050fa57c530224a1e62983e887807fa6047eefcea52356c215,74f80917f6b245d718c201d58e0d3599f2e4b3e0,a1fc3613532731f33d73f071c9fc2672a85f19c6daf76bb85262e5bcb9cfeacd
artifacts/datasets/gold-v1-source-aware.json,dcd8d90081973b7b9a05ee6ef41623756a06232727f3718268945d71a207310a,701,train,514f190e-5d01-497a-a6ef-648601cd8bdb,organizacion_consecuencias_republicanas,crisis_ideas_emancipadoras,0.5408245325088501,apps/ml/storage/models/beto-v1-gold-source-aware,9d8861f8406d41050fa57c530224a1e62983e887807fa6047eefcea52356c215,74f80917f6b245d718c201d58e0d3599f2e4b3e0,82b5b3647f86b80392c9b2af3212fdc40ab135eda862d36a611278863e6783ce
artifacts/datasets/gold-v1-source-aware.json,dcd8d90081973b7b9a05ee6ef41623756a06232727f3718268945d71a207310a,702,train,514f190e-5d01-497a-a6ef-648601cd8bdb,crisis_ideas_emancipadoras,crisis_ideas_emancipadoras,0.7107279300689697,apps/ml/storage/models/beto-v1-gold-source-aware,9d8861f8406d41050fa57c530224a1e62983e887807fa6047eefcea52356c215,74f80917f6b245d718c201d58e0d3599f2e4b3e0,58dd5b429f0449ea1561c7a5c02cab0b04b04061b3601f4432bc25af6b58fd18
artifacts/datasets/gold-v1-source-aware.json,dcd8d90081973b7b9a05ee6ef41623756a06232727f3718268945d71a207310a,703,train,514f190e-5d01-497a-a6ef-648601cd8bdb,liderazgos_diplomacia_proyectos,liderazgos_diplomacia_proyectos,0.4235275089740753,apps/ml/storage/models/beto-v1-gold-source-aware,9d8861f8406d41050fa57c530224a1e62983e887807fa6047eefcea52356c215,74f80917f6b245d718c201d58e0d3599f2e4b3e0,9d4a0be7f66993d86e641b3941c90c0120ac534d6bff377882e97ec23fb1e59a
artifacts/datasets/gold-v1-source-aware.json,dcd8d90081973b7b9a05ee6ef41623756a06232727f3718268945d71a207310a,704,train,514f190e-5d01-497a-a6ef-648601cd8bdb,no_relevante,no_relevante,0.5483444333076477,apps/ml/storage/models/beto-v1-gold-source-aware,9d8861f8406d41050fa57c530224a1e62983e887807fa6047eefcea52356c215,74f80917f6b245d718c201d58e0d3599f2e4b3e0,1296a3f9d69357e4ef6f554865f470713dbacc37e3c4aaf59a1712009a36f8a2
artifacts/datasets/gold-v1-source-aware.json,dcd8d90081973b7b9a05ee6ef41623756a06232727f3718268945d71a207310a,705,train,514f190e-5d01-497a-a6ef-648601cd8bdb,crisis_ideas_emancipadoras,crisis_ideas_emancipadoras,0.5260019898414612,apps/ml/storage/models/beto-v1-gold-source-aware,9d8861f8406d41050fa57c530224a1e62983e887807fa6047eefcea52356c215,74f80917f6b245d718c201d58e0d3599f2e4b3e0,73a3291234a22d764eaa59691733014ca92ede3fbebe9801aa65847e35938110
artifacts/datasets/gold-v1-source-aware.json,dcd8d90081973b7b9a05ee6ef41623756a06232727f3718268945d71a207310a,706,train,514f190e-5d01-497a-a6ef-648601cd8bdb,liderazgos_diplomacia_proyectos,liderazgos_diplomacia_proyectos,0.5723228454589844,apps/ml/storage/models/beto-v1-gold-source-aware,9d8861f8406d41050fa57c530224a1e62983e887807fa6047eefcea52356c215,74f80917f6b245d718c201d58e0d3599f2e4b3e0,0695fd6ece5a4972e3496a82d2b9dde68d08795331dbaa2743f9aef2375f0985
artifacts/datasets/gold-v1-source-aware.json,dcd8d90081973b7b9a05ee6ef41623756a06232727f3718268945d71a207310a,707,train,514f190e-5d01-497a-a6ef-648601cd8bdb,no_relevante,no_relevante,0.6836896538734436,apps/ml/storage/models/beto-v1-gold-source-aware,9d8861f8406d41050fa57c530224a1e62983e887807fa6047eefcea52356c215,74f80917f6b245d718c201d58e0d3599f2e4b3e0,08bb77d1077ca754d312135bf70270abdbd7df8125b4c46600ea228d2f617fb4
artifacts/datasets/gold-v1-source-aware.json,dcd8d90081973b7b9a05ee6ef41623756a06232727f3718268945d71a207310a,708,train,514f190e-5d01-497a-a6ef-648601cd8bdb,campanias_conflictos_militares,no_relevante,0.7710230350494385,apps/ml/storage/models/beto-v1-gold-source-aware,9d8861f8406d41050fa57c530224a1e62983e887807fa6047eefcea52356c215,74f80917f6b245d718c201d58e0d3599f2e4b3e0,069195201b04654f0641e063fc2f3603db48d3d73d469bdf3cefbc08c7a320fb
artifacts/datasets/gold-v1-source-aware.json,dcd8d90081973b7b9a05ee6ef41623756a06232727f3718268945d71a207310a,709,train,514f190e-5d01-497a-a6ef-648601cd8bdb,liderazgos_diplomacia_proyectos,liderazgos_diplomacia_proyectos,0.6510053873062134,apps/ml/storage/models/beto-v1-gold-source-aware,9d8861f8406d41050fa57c530224a1e62983e887807fa6047eefcea52356c215,74f80917f6b245d718c201d58e0d3599f2e4b3e0,ef6198dfbb8dcf9019dcb6c513b8a41f1e7925b8357169babf84e9e73e273878
artifacts/datasets/gold-v1-source-aware.json,dcd8d90081973b7b9a05ee6ef41623756a06232727f3718268945d71a207310a,710,train,514f190e-5d01-497a-a6ef-648601cd8bdb,no_relevante,no_relevante,0.6645963191986084,apps/ml/storage/models/beto-v1-gold-source-aware,9d8861f8406d41050fa57c530224a1e62983e887807fa6047eefcea52356c215,74f80917f6b245d718c201d58e0d3599f2e4b3e0,fc9608b9fd961149bdd1a4f7e6da069477fd1ee8aeb1d1bad52e6b90d9d4a352
artifacts/datasets/gold-v1-source-aware.json,dcd8d90081973b7b9a05ee6ef41623756a06232727f3718268945d71a207310a,711,train,514f190e-5d01-497a-a6ef-648601cd8bdb,liderazgos_diplomacia_proyectos,liderazgos_diplomacia_proyectos,0.6267651319503784,apps/ml/storage/models/beto-v1-gold-source-aware,9d8861f8406d41050fa57c530224a1e62983e887807fa6047eefcea52356c215,74f80917f6b245d718c201d58e0d3599f2e4b3e0,d294568bbc0f0f1298e43495ad25c24c264230714f8e613d8a095646c57d1a09
artifacts/datasets/gold-v1-source-aware.json,dcd8d90081973b7b9a05ee6ef41623756a06232727f3718268945d71a207310a,712,train,514f190e-5d01-497a-a6ef-648601cd8bdb,no_relevante,crisis_ideas_emancipadoras,0.40118271112442017,apps/ml/storage/models/beto-v1-gold-source-aware,9d8861f8406d41050fa57c530224a1e62983e887807fa6047eefcea52356c215,74f80917f6b245d718c201d58e0d3599f2e4b3e0,803905df83b3d01a8f73111750ac8e3854a9956acff91380bb34d64f4349cec4
artifacts/datasets/gold-v1-source-aware.json,dcd8d90081973b7b9a05ee6ef41623756a06232727f3718268945d71a207310a,713,train,514f190e-5d01-497a-a6ef-648601cd8bdb,crisis_ideas_emancipadoras,crisis_ideas_emancipadoras,0.5909472703933716,apps/ml/storage/models/beto-v1-gold-source-aware,9d8861f8406d41050fa57c530224a1e62983e887807fa6047eefcea52356c215,74f80917f6b245d718c201d58e0d3599f2e4b3e0,c7e118af7c3ca57dd59e56551f4e7f1be1b9f7ff8630e010f1170aa9f84e40a3
artifacts/datasets/gold-v1-source-aware.json,dcd8d90081973b7b9a05ee6ef41623756a06232727f3718268945d71a207310a,714,train,514f190e-5d01-497a-a6ef-648601cd8bdb,crisis_ideas_emancipadoras,crisis_ideas_emancipadoras,0.5299332141876221,apps/ml/storage/models/beto-v1-gold-source-aware,9d8861f8406d41050fa57c530224a1e62983e887807fa6047eefcea52356c215,74f80917f6b245d718c201d58e0d3599f2e4b3e0,05ff40609aa9c6e5713c2efa4d3ccbc1f203ed4f7bc9dedd1296eddf3b703400
artifacts/datasets/gold-v1-source-aware.json,dcd8d90081973b7b9a05ee6ef41623756a06232727f3718268945d71a207310a,715,train,514f190e-5d01-497a-a6ef-648601cd8bdb,no_relevante,crisis_ideas_emancipadoras,0.4828203022480011,apps/ml/storage/models/beto-v1-gold-source-aware,9d8861f8406d41050fa57c530224a1e62983e887807fa6047eefcea52356c215,74f80917f6b245d718c201d58e0d3599f2e4b3e0,332976ec8dba0895bb898772eaa640fc91f2a6f200ca4cccf7499011e198d43b
artifacts/datasets/gold-v1-source-aware.json,dcd8d90081973b7b9a05ee6ef41623756a06232727f3718268945d71a207310a,716,train,514f190e-5d01-497a-a6ef-648601cd8bdb,no_relevante,no_relevante,0.6935672760009766,apps/ml/storage/models/beto-v1-gold-source-aware,9d8861f8406d41050fa57c530224a1e62983e887807fa6047eefcea52356c215,74f80917f6b245d718c201d58e0d3599f2e4b3e0,b9c5ff2951e7c060a386c33d4863f39571b41f17f4492b646f189db0a5cb2393
artifacts/datasets/gold-v1-source-aware.json,dcd8d90081973b7b9a05ee6ef41623756a06232727f3718268945d71a207310a,717,train,514f190e-5d01-497a-a6ef-648601cd8bdb,liderazgos_diplomacia_proyectos,liderazgos_diplomacia_proyectos,0.6038963794708252,apps/ml/storage/models/beto-v1-gold-source-aware,9d8861f8406d41050fa57c530224a1e62983e887807fa6047eefcea52356c215,74f80917f6b245d718c201d58e0d3599f2e4b3e0,c710f7e9964a38c37571b29aa6ab15320df4b1ca7d1badec86c9ff004579fa34
artifacts/datasets/gold-v1-source-aware.json,dcd8d90081973b7b9a05ee6ef41623756a06232727f3718268945d71a207310a,718,train,747ca90f-92fc-4d19-aec4-6dfc34c2917e,campanias_conflictos_militares,campanias_conflictos_militares,0.8903295993804932,apps/ml/storage/models/beto-v1-gold-source-aware,9d8861f8406d41050fa57c530224a1e62983e887807fa6047eefcea52356c215,74f80917f6b245d718c201d58e0d3599f2e4b3e0,e31114f5a9f3957a63cd16ba9b4a21828404914652964d9096979082318f3a66
artifacts/datasets/gold-v1-source-aware.json,dcd8d90081973b7b9a05ee6ef41623756a06232727f3718268945d71a207310a,719,train,747ca90f-92fc-4d19-aec4-6dfc34c2917e,campanias_conflictos_militares,campanias_conflictos_militares,0.8990570902824402,apps/ml/storage/models/beto-v1-gold-source-aware,9d8861f8406d41050fa57c530224a1e62983e887807fa6047eefcea52356c215,74f80917f6b245d718c201d58e0d3599f2e4b3e0,49cc135666d3a86d6948e4a39dd21d126786786552d957f67d1a22778f4c3db2
artifacts/datasets/gold-v1-source-aware.json,dcd8d90081973b7b9a05ee6ef41623756a06232727f3718268945d71a207310a,720,train,747ca90f-92fc-4d19-aec4-6dfc34c2917e,contexto_colonial_antecedentes,contexto_colonial_antecedentes,0.7367390394210815,apps/ml/storage/models/beto-v1-gold-source-aware,9d8861f8406d41050fa57c530224a1e62983e887807fa6047eefcea52356c215,74f80917f6b245d718c201d58e0d3599f2e4b3e0,d477d9f44e7775f53ce31a33819af968d979e2616499f875b5f9607d9a4db562
artifacts/datasets/gold-v1-source-aware.json,dcd8d90081973b7b9a05ee6ef41623756a06232727f3718268945d71a207310a,721,train,747ca90f-92fc-4d19-aec4-6dfc34c2917e,crisis_ideas_emancipadoras,crisis_ideas_emancipadoras,0.2812647223472595,apps/ml/storage/models/beto-v1-gold-source-aware,9d8861f8406d41050fa57c530224a1e62983e887807fa6047eefcea52356c215,74f80917f6b245d718c201d58e0d3599f2e4b3e0,a090b333c55d2c69742296c90e7c492fa09812cecb61b7592d43fd0911f596a0
artifacts/datasets/gold-v1-source-aware.json,dcd8d90081973b7b9a05ee6ef41623756a06232727f3718268945d71a207310a,722,train,747ca90f-92fc-4d19-aec4-6dfc34c2917e,campanias_conflictos_militares,campanias_conflictos_militares,0.8230612874031067,apps/ml/storage/models/beto-v1-gold-source-aware,9d8861f8406d41050fa57c530224a1e62983e887807fa6047eefcea52356c215,74f80917f6b245d718c201d58e0d3599f2e4b3e0,4eb3819b2d9b7785c535d2a5f2d0df726a82c203e69da8f8c4764662da956982
artifacts/datasets/gold-v1-source-aware.json,dcd8d90081973b7b9a05ee6ef41623756a06232727f3718268945d71a207310a,723,train,747ca90f-92fc-4d19-aec4-6dfc34c2917e,organizacion_consecuencias_republicanas,organizacion_consecuencias_republicanas,0.6269761323928833,apps/ml/storage/models/beto-v1-gold-source-aware,9d8861f8406d41050fa57c530224a1e62983e887807fa6047eefcea52356c215,74f80917f6b245d718c201d58e0d3599f2e4b3e0,e938246950026004bd92582bbb66bde32457138fc76a69b786db28488af5dad8
artifacts/datasets/gold-v1-source-aware.json,dcd8d90081973b7b9a05ee6ef41623756a06232727f3718268945d71a207310a,724,train,747ca90f-92fc-4d19-aec4-6dfc34c2917e,liderazgos_diplomacia_proyectos,liderazgos_diplomacia_proyectos,0.6430490016937256,apps/ml/storage/models/beto-v1-gold-source-aware,9d8861f8406d41050fa57c530224a1e62983e887807fa6047eefcea52356c215,74f80917f6b245d718c201d58e0d3599f2e4b3e0,93a9046037e6cec32f5089eeaf9293921eb079d052cb1128782b0ba10b12d147
artifacts/datasets/gold-v1-source-aware.json,dcd8d90081973b7b9a05ee6ef41623756a06232727f3718268945d71a207310a,725,train,747ca90f-92fc-4d19-aec4-6dfc34c2917e,liderazgos_diplomacia_proyectos,liderazgos_diplomacia_proyectos,0.5899121761322021,apps/ml/storage/models/beto-v1-gold-source-aware,9d8861f8406d41050fa57c530224a1e62983e887807fa6047eefcea52356c215,74f80917f6b245d718c201d58e0d3599f2e4b3e0,dcf766f162d740e72d4bc1dbe4fca484563112f97d0e0e30b9c4afdd1a6b01c7
artifacts/datasets/gold-v1-source-aware.json,dcd8d90081973b7b9a05ee6ef41623756a06232727f3718268945d71a207310a,726,train,747ca90f-92fc-4d19-aec4-6dfc34c2917e,campanias_conflictos_militares,campanias_conflictos_militares,0.8926917314529419,apps/ml/storage/models/beto-v1-gold-source-aware,9d8861f8406d41050fa57c530224a1e62983e887807fa6047eefcea52356c215,74f80917f6b245d718c201d58e0d3599f2e4b3e0,9ef4bf50eb1ef10b1c7375660c1603ddc8e9ba76647913f78146b61bd39c4b30
artifacts/datasets/gold-v1-source-aware.json,dcd8d90081973b7b9a05ee6ef41623756a06232727f3718268945d71a207310a,727,train,747ca90f-92fc-4d19-aec4-6dfc34c2917e,liderazgos_diplomacia_proyectos,liderazgos_diplomacia_proyectos,0.5419289469718933,apps/ml/storage/models/beto-v1-gold-source-aware,9d8861f8406d41050fa57c530224a1e62983e887807fa6047eefcea52356c215,74f80917f6b245d718c201d58e0d3599f2e4b3e0,4fd736be5fe0e858409536e439dd788637e60fb52aac7ba8aaa9c82dfa56fcaf
artifacts/datasets/gold-v1-source-aware.json,dcd8d90081973b7b9a05ee6ef41623756a06232727f3718268945d71a207310a,728,train,747ca90f-92fc-4d19-aec4-6dfc34c2917e,contexto_colonial_antecedentes,contexto_colonial_antecedentes,0.6765576004981995,apps/ml/storage/models/beto-v1-gold-source-aware,9d8861f8406d41050fa57c530224a1e62983e887807fa6047eefcea52356c215,74f80917f6b245d718c201d58e0d3599f2e4b3e0,82da6205ff94a2c3eb5a931628b791a5a30d2186fb42888cdee320ede06ef6d5
artifacts/datasets/gold-v1-source-aware.json,dcd8d90081973b7b9a05ee6ef41623756a06232727f3718268945d71a207310a,729,train,747ca90f-92fc-4d19-aec4-6dfc34c2917e,organizacion_consecuencias_republicanas,organizacion_consecuencias_republicanas,0.6708844304084778,apps/ml/storage/models/beto-v1-gold-source-aware,9d8861f8406d41050fa57c530224a1e62983e887807fa6047eefcea52356c215,74f80917f6b245d718c201d58e0d3599f2e4b3e0,c5dce1654ea687b8a556821744fa5916b0aa7be66aa15ea3d707cff6f9306e0a
artifacts/datasets/gold-v1-source-aware.json,dcd8d90081973b7b9a05ee6ef41623756a06232727f3718268945d71a207310a,730,train,747ca90f-92fc-4d19-aec4-6dfc34c2917e,organizacion_consecuencias_republicanas,organizacion_consecuencias_republicanas,0.6507941484451294,apps/ml/storage/models/beto-v1-gold-source-aware,9d8861f8406d41050fa57c530224a1e62983e887807fa6047eefcea52356c215,74f80917f6b245d718c201d58e0d3599f2e4b3e0,2f92fcae870bfb63a84ff8aa94228631ef9c07d425f9e56d0a4f3825bc5e2405
artifacts/datasets/gold-v1-source-aware.json,dcd8d90081973b7b9a05ee6ef41623756a06232727f3718268945d71a207310a,731,train,747ca90f-92fc-4d19-aec4-6dfc34c2917e,contexto_colonial_antecedentes,contexto_colonial_antecedentes,0.7455069422721863,apps/ml/storage/models/beto-v1-gold-source-aware,9d8861f8406d41050fa57c530224a1e62983e887807fa6047eefcea52356c215,74f80917f6b245d718c201d58e0d3599f2e4b3e0,c1773b563b507e628292ed67f5002766f2cec3cd5551c101819a7c7f620005de
artifacts/datasets/gold-v1-source-aware.json,dcd8d90081973b7b9a05ee6ef41623756a06232727f3718268945d71a207310a,732,train,747ca90f-92fc-4d19-aec4-6dfc34c2917e,organizacion_consecuencias_republicanas,organizacion_consecuencias_republicanas,0.5684576630592346,apps/ml/storage/models/beto-v1-gold-source-aware,9d8861f8406d41050fa57c530224a1e62983e887807fa6047eefcea52356c215,74f80917f6b245d718c201d58e0d3599f2e4b3e0,7861dd7c904dfbec63b6882cbb1002e74c3a8e2c16e1f4b9b17184f941a748fd
artifacts/datasets/gold-v1-source-aware.json,dcd8d90081973b7b9a05ee6ef41623756a06232727f3718268945d71a207310a,733,train,747ca90f-92fc-4d19-aec4-6dfc34c2917e,organizacion_consecuencias_republicanas,organizacion_consecuencias_republicanas,0.5823331475257874,apps/ml/storage/models/beto-v1-gold-source-aware,9d8861f8406d41050fa57c530224a1e62983e887807fa6047eefcea52356c215,74f80917f6b245d718c201d58e0d3599f2e4b3e0,d5cc23ec7f16eabaac9af833d3ef71c46455deae3e89cdb2fdfd4622c3007c7c
artifacts/datasets/gold-v1-source-aware.json,dcd8d90081973b7b9a05ee6ef41623756a06232727f3718268945d71a207310a,734,train,747ca90f-92fc-4d19-aec4-6dfc34c2917e,contexto_colonial_antecedentes,contexto_colonial_antecedentes,0.725894570350647,apps/ml/storage/models/beto-v1-gold-source-aware,9d8861f8406d41050fa57c530224a1e62983e887807fa6047eefcea52356c215,74f80917f6b245d718c201d58e0d3599f2e4b3e0,54d17899fe580a8b154debf9931bd86ae162b551be4b831bce3f3238a37bdeca
artifacts/datasets/gold-v1-source-aware.json,dcd8d90081973b7b9a05ee6ef41623756a06232727f3718268945d71a207310a,735,train,747ca90f-92fc-4d19-aec4-6dfc34c2917e,contexto_colonial_antecedentes,contexto_colonial_antecedentes,0.7156780958175659,apps/ml/storage/models/beto-v1-gold-source-aware,9d8861f8406d41050fa57c530224a1e62983e887807fa6047eefcea52356c215,74f80917f6b245d718c201d58e0d3599f2e4b3e0,5c2078f859fe0ddbc24a4aa08e17ff3d988683b5fa4515a788016cdf27b0c2a7
artifacts/datasets/gold-v1-source-aware.json,dcd8d90081973b7b9a05ee6ef41623756a06232727f3718268945d71a207310a,736,train,747ca90f-92fc-4d19-aec4-6dfc34c2917e,contexto_colonial_antecedentes,contexto_colonial_antecedentes,0.5406072735786438,apps/ml/storage/models/beto-v1-gold-source-aware,9d8861f8406d41050fa57c530224a1e62983e887807fa6047eefcea52356c215,74f80917f6b245d718c201d58e0d3599f2e4b3e0,618f34673bb2771f3bbd07be2367f82cf913e9f272fc9e07e607f8c1f3741935
artifacts/datasets/gold-v1-source-aware.json,dcd8d90081973b7b9a05ee6ef41623756a06232727f3718268945d71a207310a,737,train,747ca90f-92fc-4d19-aec4-6dfc34c2917e,organizacion_consecuencias_republicanas,campanias_conflictos_militares,0.4084267318248749,apps/ml/storage/models/beto-v1-gold-source-aware,9d8861f8406d41050fa57c530224a1e62983e887807fa6047eefcea52356c215,74f80917f6b245d718c201d58e0d3599f2e4b3e0,e3ae491bad6f18137fb7b5f31c51316e80342a8da7a9c875ed9d8e2820acb70e
artifacts/datasets/gold-v1-source-aware.json,dcd8d90081973b7b9a05ee6ef41623756a06232727f3718268945d71a207310a,738,train,747ca90f-92fc-4d19-aec4-6dfc34c2917e,campanias_conflictos_militares,campanias_conflictos_militares,0.8393023610115051,apps/ml/storage/models/beto-v1-gold-source-aware,9d8861f8406d41050fa57c530224a1e62983e887807fa6047eefcea52356c215,74f80917f6b245d718c201d58e0d3599f2e4b3e0,9c9f8dcaaa53fcb9a1977bf7b9a6d93e8124b0144745e52371e00e57a9704cb4
artifacts/datasets/gold-v1-source-aware.json,dcd8d90081973b7b9a05ee6ef41623756a06232727f3718268945d71a207310a,739,train,747ca90f-92fc-4d19-aec4-6dfc34c2917e,campanias_conflictos_militares,campanias_conflictos_militares,0.8848865628242493,apps/ml/storage/models/beto-v1-gold-source-aware,9d8861f8406d41050fa57c530224a1e62983e887807fa6047eefcea52356c215,74f80917f6b245d718c201d58e0d3599f2e4b3e0,823160fd06ddee3ee5c7d46b064e6121f1f5bcb6b564d9090d154f2b99cb0ce0
artifacts/datasets/gold-v1-source-aware.json,dcd8d90081973b7b9a05ee6ef41623756a06232727f3718268945d71a207310a,740,train,747ca90f-92fc-4d19-aec4-6dfc34c2917e,campanias_conflictos_militares,campanias_conflictos_militares,0.8383021354675293,apps/ml/storage/models/beto-v1-gold-source-aware,9d8861f8406d41050fa57c530224a1e62983e887807fa6047eefcea52356c215,74f80917f6b245d718c201d58e0d3599f2e4b3e0,ecd23ff019c0dfbc59983f792f05f210256f98e212fe47cd8b58c723180a2c4e
artifacts/datasets/gold-v1-source-aware.json,dcd8d90081973b7b9a05ee6ef41623756a06232727f3718268945d71a207310a,741,train,747ca90f-92fc-4d19-aec4-6dfc34c2917e,campanias_conflictos_militares,campanias_conflictos_militares,0.8710401654243469,apps/ml/storage/models/beto-v1-gold-source-aware,9d8861f8406d41050fa57c530224a1e62983e887807fa6047eefcea52356c215,74f80917f6b245d718c201d58e0d3599f2e4b3e0,47554a1f344a83790901c64cf52b749c0a37edc7f0742ff65da9f5501a9176a3
artifacts/datasets/gold-v1-source-aware.json,dcd8d90081973b7b9a05ee6ef41623756a06232727f3718268945d71a207310a,742,train,747ca90f-92fc-4d19-aec4-6dfc34c2917e,campanias_conflictos_militares,campanias_conflictos_militares,0.8363297581672668,apps/ml/storage/models/beto-v1-gold-source-aware,9d8861f8406d41050fa57c530224a1e62983e887807fa6047eefcea52356c215,74f80917f6b245d718c201d58e0d3599f2e4b3e0,d29d1a0a4f3382f838209f69ca8944b78a241a16419fdecc6d2141ce56f9dc8a
artifacts/datasets/gold-v1-source-aware.json,dcd8d90081973b7b9a05ee6ef41623756a06232727f3718268945d71a207310a,743,train,747ca90f-92fc-4d19-aec4-6dfc34c2917e,organizacion_consecuencias_republicanas,organizacion_consecuencias_republicanas,0.5842758417129517,apps/ml/storage/models/beto-v1-gold-source-aware,9d8861f8406d41050fa57c530224a1e62983e887807fa6047eefcea52356c215,74f80917f6b245d718c201d58e0d3599f2e4b3e0,cbdbcae4d0be2d59bf54c24e60e4512ee3f5e0b0a23f04131372058c328fbef2
artifacts/datasets/gold-v1-source-aware.json,dcd8d90081973b7b9a05ee6ef41623756a06232727f3718268945d71a207310a,744,train,747ca90f-92fc-4d19-aec4-6dfc34c2917e,campanias_conflictos_militares,campanias_conflictos_militares,0.8622058033943176,apps/ml/storage/models/beto-v1-gold-source-aware,9d8861f8406d41050fa57c530224a1e62983e887807fa6047eefcea52356c215,74f80917f6b245d718c201d58e0d3599f2e4b3e0,a0fdea869131149b482be5b9ad53f9b78550f20b1c8d4dd1712b96a1cbfba2d7
artifacts/datasets/gold-v1-source-aware.json,dcd8d90081973b7b9a05ee6ef41623756a06232727f3718268945d71a207310a,745,train,747ca90f-92fc-4d19-aec4-6dfc34c2917e,organizacion_consecuencias_republicanas,organizacion_consecuencias_republicanas,0.6162459254264832,apps/ml/storage/models/beto-v1-gold-source-aware,9d8861f8406d41050fa57c530224a1e62983e887807fa6047eefcea52356c215,74f80917f6b245d718c201d58e0d3599f2e4b3e0,62abce1ccf72690873da8e3e1f4899e68f4522ce686b988523b0ce8a2e9404d8
artifacts/datasets/gold-v1-source-aware.json,dcd8d90081973b7b9a05ee6ef41623756a06232727f3718268945d71a207310a,746,train,747ca90f-92fc-4d19-aec4-6dfc34c2917e,campanias_conflictos_militares,campanias_conflictos_militares,0.8903295993804932,apps/ml/storage/models/beto-v1-gold-source-aware,9d8861f8406d41050fa57c530224a1e62983e887807fa6047eefcea52356c215,74f80917f6b245d718c201d58e0d3599f2e4b3e0,e31114f5a9f3957a63cd16ba9b4a21828404914652964d9096979082318f3a66
artifacts/datasets/gold-v1-source-aware.json,dcd8d90081973b7b9a05ee6ef41623756a06232727f3718268945d71a207310a,747,train,747ca90f-92fc-4d19-aec4-6dfc34c2917e,campanias_conflictos_militares,campanias_conflictos_militares,0.8854897022247314,apps/ml/storage/models/beto-v1-gold-source-aware,9d8861f8406d41050fa57c530224a1e62983e887807fa6047eefcea52356c215,74f80917f6b245d718c201d58e0d3599f2e4b3e0,ccfb26791c4b072d6831ca09886a03d97ffe46c4f0cbed89757b1c1de4f1490f
artifacts/datasets/gold-v1-source-aware.json,dcd8d90081973b7b9a05ee6ef41623756a06232727f3718268945d71a207310a,748,train,747ca90f-92fc-4d19-aec4-6dfc34c2917e,campanias_conflictos_militares,campanias_conflictos_militares,0.8362371325492859,apps/ml/storage/models/beto-v1-gold-source-aware,9d8861f8406d41050fa57c530224a1e62983e887807fa6047eefcea52356c215,74f80917f6b245d718c201d58e0d3599f2e4b3e0,c9cdbba191c54eabb5644c4b453bb651f2158661bce9b6fb924168f6be40f3af
artifacts/datasets/gold-v1-source-aware.json,dcd8d90081973b7b9a05ee6ef41623756a06232727f3718268945d71a207310a,749,train,747ca90f-92fc-4d19-aec4-6dfc34c2917e,campanias_conflictos_militares,campanias_conflictos_militares,0.5796120166778564,apps/ml/storage/models/beto-v1-gold-source-aware,9d8861f8406d41050fa57c530224a1e62983e887807fa6047eefcea52356c215,74f80917f6b245d718c201d58e0d3599f2e4b3e0,8a3935ff8537c5279b40066cf556305fee937843beff59ebc30116313705cb7e
artifacts/datasets/gold-v1-source-aware.json,dcd8d90081973b7b9a05ee6ef41623756a06232727f3718268945d71a207310a,750,train,747ca90f-92fc-4d19-aec4-6dfc34c2917e,campanias_conflictos_militares,campanias_conflictos_militares,0.8754473924636841,apps/ml/storage/models/beto-v1-gold-source-aware,9d8861f8406d41050fa57c530224a1e62983e887807fa6047eefcea52356c215,74f80917f6b245d718c201d58e0d3599f2e4b3e0,70fbf4ebd1c350a5473c73049dd77146aa30282ed7b7f09375b06382afedcda2
artifacts/datasets/gold-v1-source-aware.json,dcd8d90081973b7b9a05ee6ef41623756a06232727f3718268945d71a207310a,751,train,747ca90f-92fc-4d19-aec4-6dfc34c2917e,campanias_conflictos_militares,organizacion_consecuencias_republicanas,0.5214251279830933,apps/ml/storage/models/beto-v1-gold-source-aware,9d8861f8406d41050fa57c530224a1e62983e887807fa6047eefcea52356c215,74f80917f6b245d718c201d58e0d3599f2e4b3e0,a566bd11cefe17e23c75def8c066de41175436597deb6550c015c316bcae88ea
artifacts/datasets/gold-v1-source-aware.json,dcd8d90081973b7b9a05ee6ef41623756a06232727f3718268945d71a207310a,752,train,747ca90f-92fc-4d19-aec4-6dfc34c2917e,organizacion_consecuencias_republicanas,liderazgos_diplomacia_proyectos,0.45434415340423584,apps/ml/storage/models/beto-v1-gold-source-aware,9d8861f8406d41050fa57c530224a1e62983e887807fa6047eefcea52356c215,74f80917f6b245d718c201d58e0d3599f2e4b3e0,4f156bb34300cb2d1e69248b97ae1539a6e049b27ba81c70dd02822fcba120ba
artifacts/datasets/gold-v1-source-aware.json,dcd8d90081973b7b9a05ee6ef41623756a06232727f3718268945d71a207310a,753,train,747ca90f-92fc-4d19-aec4-6dfc34c2917e,liderazgos_diplomacia_proyectos,liderazgos_diplomacia_proyectos,0.4608314633369446,apps/ml/storage/models/beto-v1-gold-source-aware,9d8861f8406d41050fa57c530224a1e62983e887807fa6047eefcea52356c215,74f80917f6b245d718c201d58e0d3599f2e4b3e0,9054ac3289a5e30d9c2e77ffa900d0305e89984fd68979b754300603b48c9600
artifacts/datasets/gold-v1-source-aware.json,dcd8d90081973b7b9a05ee6ef41623756a06232727f3718268945d71a207310a,754,train,747ca90f-92fc-4d19-aec4-6dfc34c2917e,organizacion_consecuencias_republicanas,organizacion_consecuencias_republicanas,0.608670711517334,apps/ml/storage/models/beto-v1-gold-source-aware,9d8861f8406d41050fa57c530224a1e62983e887807fa6047eefcea52356c215,74f80917f6b245d718c201d58e0d3599f2e4b3e0,24824fc869ea0300e17f556527272f2562e7bfec93255b22a8ee348aa9460191
artifacts/datasets/gold-v1-source-aware.json,dcd8d90081973b7b9a05ee6ef41623756a06232727f3718268945d71a207310a,755,train,747ca90f-92fc-4d19-aec4-6dfc34c2917e,liderazgos_diplomacia_proyectos,liderazgos_diplomacia_proyectos,0.4441220164299011,apps/ml/storage/models/beto-v1-gold-source-aware,9d8861f8406d41050fa57c530224a1e62983e887807fa6047eefcea52356c215,74f80917f6b245d718c201d58e0d3599f2e4b3e0,ebf5a7e55ff270d6b8804f5c8355ea5ebdb659a2d2d6aa62db47547f8c2822cd
artifacts/datasets/gold-v1-source-aware.json,dcd8d90081973b7b9a05ee6ef41623756a06232727f3718268945d71a207310a,756,train,747ca90f-92fc-4d19-aec4-6dfc34c2917e,contexto_colonial_antecedentes,contexto_colonial_antecedentes,0.6302474737167358,apps/ml/storage/models/beto-v1-gold-source-aware,9d8861f8406d41050fa57c530224a1e62983e887807fa6047eefcea52356c215,74f80917f6b245d718c201d58e0d3599f2e4b3e0,7b65bb36760f85c7ae3693a715a83dd00527e9cf3dcba0e013637d7278bde883
artifacts/datasets/gold-v1-source-aware.json,dcd8d90081973b7b9a05ee6ef41623756a06232727f3718268945d71a207310a,757,train,747ca90f-92fc-4d19-aec4-6dfc34c2917e,liderazgos_diplomacia_proyectos,liderazgos_diplomacia_proyectos,0.6941165328025818,apps/ml/storage/models/beto-v1-gold-source-aware,9d8861f8406d41050fa57c530224a1e62983e887807fa6047eefcea52356c215,74f80917f6b245d718c201d58e0d3599f2e4b3e0,34ddd91efce4b88de70f39e21779fba7eafc514c63a60fb91894b218d300325b
artifacts/datasets/gold-v1-source-aware.json,dcd8d90081973b7b9a05ee6ef41623756a06232727f3718268945d71a207310a,758,train,747ca90f-92fc-4d19-aec4-6dfc34c2917e,contexto_colonial_antecedentes,contexto_colonial_antecedentes,0.2772239148616791,apps/ml/storage/models/beto-v1-gold-source-aware,9d8861f8406d41050fa57c530224a1e62983e887807fa6047eefcea52356c215,74f80917f6b245d718c201d58e0d3599f2e4b3e0,43f50fceb1f7f660fe060e0a721fc13f0871b0f397b8e820a80e554e966980a1
artifacts/datasets/gold-v1-source-aware.json,dcd8d90081973b7b9a05ee6ef41623756a06232727f3718268945d71a207310a,759,train,747ca90f-92fc-4d19-aec4-6dfc34c2917e,liderazgos_diplomacia_proyectos,organizacion_consecuencias_republicanas,0.4609421193599701,apps/ml/storage/models/beto-v1-gold-source-aware,9d8861f8406d41050fa57c530224a1e62983e887807fa6047eefcea52356c215,74f80917f6b245d718c201d58e0d3599f2e4b3e0,0233e5e7160b6b69897fba590859498d514ce5fcc423bcfb62991b36ab215dc2
artifacts/datasets/gold-v1-source-aware.json,dcd8d90081973b7b9a05ee6ef41623756a06232727f3718268945d71a207310a,760,train,747ca90f-92fc-4d19-aec4-6dfc34c2917e,crisis_ideas_emancipadoras,organizacion_consecuencias_republicanas,0.37823614478111267,apps/ml/storage/models/beto-v1-gold-source-aware,9d8861f8406d41050fa57c530224a1e62983e887807fa6047eefcea52356c215,74f80917f6b245d718c201d58e0d3599f2e4b3e0,126f6220bdb906a40e2d009cd83dbad2ede0c758ebd02a4ba97163f58eeac7bb
artifacts/datasets/gold-v1-source-aware.json,dcd8d90081973b7b9a05ee6ef41623756a06232727f3718268945d71a207310a,761,train,747ca90f-92fc-4d19-aec4-6dfc34c2917e,organizacion_consecuencias_republicanas,organizacion_consecuencias_republicanas,0.3464212715625763,apps/ml/storage/models/beto-v1-gold-source-aware,9d8861f8406d41050fa57c530224a1e62983e887807fa6047eefcea52356c215,74f80917f6b245d718c201d58e0d3599f2e4b3e0,4092ef4e610d77e1047283acd00a65306356b5f694f21c8033c7705a5877e180
artifacts/datasets/gold-v1-source-aware.json,dcd8d90081973b7b9a05ee6ef41623756a06232727f3718268945d71a207310a,762,train,747ca90f-92fc-4d19-aec4-6dfc34c2917e,liderazgos_diplomacia_proyectos,campanias_conflictos_militares,0.4047383964061737,apps/ml/storage/models/beto-v1-gold-source-aware,9d8861f8406d41050fa57c530224a1e62983e887807fa6047eefcea52356c215,74f80917f6b245d718c201d58e0d3599f2e4b3e0,746c9d0e92fcbdefb115f561a65281ea6d3c6bec510a9f8e8baf7abd6dc95360
artifacts/datasets/gold-v1-source-aware.json,dcd8d90081973b7b9a05ee6ef41623756a06232727f3718268945d71a207310a,763,train,747ca90f-92fc-4d19-aec4-6dfc34c2917e,contexto_colonial_antecedentes,contexto_colonial_antecedentes,0.6526171565055847,apps/ml/storage/models/beto-v1-gold-source-aware,9d8861f8406d41050fa57c530224a1e62983e887807fa6047eefcea52356c215,74f80917f6b245d718c201d58e0d3599f2e4b3e0,71891a2ff6a21391ee7623dd438e74492f430cb9c7bcb96f8025ee0ed0c36a5b
artifacts/datasets/gold-v1-source-aware.json,dcd8d90081973b7b9a05ee6ef41623756a06232727f3718268945d71a207310a,764,train,747ca90f-92fc-4d19-aec4-6dfc34c2917e,contexto_colonial_antecedentes,contexto_colonial_antecedentes,0.6192743182182312,apps/ml/storage/models/beto-v1-gold-source-aware,9d8861f8406d41050fa57c530224a1e62983e887807fa6047eefcea52356c215,74f80917f6b245d718c201d58e0d3599f2e4b3e0,c7a9ca2c862975e953f052f6d48e3ae3b972cc449617e3a473e74b9a59c2c4d5
artifacts/datasets/gold-v1-source-aware.json,dcd8d90081973b7b9a05ee6ef41623756a06232727f3718268945d71a207310a,765,train,747ca90f-92fc-4d19-aec4-6dfc34c2917e,contexto_colonial_antecedentes,contexto_colonial_antecedentes,0.7539146542549133,apps/ml/storage/models/beto-v1-gold-source-aware,9d8861f8406d41050fa57c530224a1e62983e887807fa6047eefcea52356c215,74f80917f6b245d718c201d58e0d3599f2e4b3e0,e7cf8c91daac12d8a56275014a24b1228542b1c009706d99731cc933f8643b25
artifacts/datasets/gold-v1-source-aware.json,dcd8d90081973b7b9a05ee6ef41623756a06232727f3718268945d71a207310a,766,train,747ca90f-92fc-4d19-aec4-6dfc34c2917e,contexto_colonial_antecedentes,contexto_colonial_antecedentes,0.5199469923973083,apps/ml/storage/models/beto-v1-gold-source-aware,9d8861f8406d41050fa57c530224a1e62983e887807fa6047eefcea52356c215,74f80917f6b245d718c201d58e0d3599f2e4b3e0,faa5b1548c9913558e079d2eda40a495b74b86db13a8e534fe0a4e364e5fe587
artifacts/datasets/gold-v1-source-aware.json,dcd8d90081973b7b9a05ee6ef41623756a06232727f3718268945d71a207310a,767,train,747ca90f-92fc-4d19-aec4-6dfc34c2917e,contexto_colonial_antecedentes,contexto_colonial_antecedentes,0.581379234790802,apps/ml/storage/models/beto-v1-gold-source-aware,9d8861f8406d41050fa57c530224a1e62983e887807fa6047eefcea52356c215,74f80917f6b245d718c201d58e0d3599f2e4b3e0,fb4ef5102be719d3135dda0ae0eba60f9b916dec454a80068888a16488140218
artifacts/datasets/gold-v1-source-aware.json,dcd8d90081973b7b9a05ee6ef41623756a06232727f3718268945d71a207310a,768,train,747ca90f-92fc-4d19-aec4-6dfc34c2917e,contexto_colonial_antecedentes,contexto_colonial_antecedentes,0.48913976550102234,apps/ml/storage/models/beto-v1-gold-source-aware,9d8861f8406d41050fa57c530224a1e62983e887807fa6047eefcea52356c215,74f80917f6b245d718c201d58e0d3599f2e4b3e0,deb4a120143fd3d114dfd0a9d79838b06cb228b265f9f3045f529d555cb94786
artifacts/datasets/gold-v1-source-aware.json,dcd8d90081973b7b9a05ee6ef41623756a06232727f3718268945d71a207310a,769,train,747ca90f-92fc-4d19-aec4-6dfc34c2917e,contexto_colonial_antecedentes,contexto_colonial_antecedentes,0.7553775310516357,apps/ml/storage/models/beto-v1-gold-source-aware,9d8861f8406d41050fa57c530224a1e62983e887807fa6047eefcea52356c215,74f80917f6b245d718c201d58e0d3599f2e4b3e0,5ab520b7bc162435062df0fe2f7d4836aac4dc5d2eccb9514d957c2d4655550e
artifacts/datasets/gold-v1-source-aware.json,dcd8d90081973b7b9a05ee6ef41623756a06232727f3718268945d71a207310a,770,train,747ca90f-92fc-4d19-aec4-6dfc34c2917e,organizacion_consecuencias_republicanas,organizacion_consecuencias_republicanas,0.4398528039455414,apps/ml/storage/models/beto-v1-gold-source-aware,9d8861f8406d41050fa57c530224a1e62983e887807fa6047eefcea52356c215,74f80917f6b245d718c201d58e0d3599f2e4b3e0,ca9f1fd3d86c83facaf7b26087535923ee74ddf9e36b3c8a428912da7c631a39
artifacts/datasets/gold-v1-source-aware.json,dcd8d90081973b7b9a05ee6ef41623756a06232727f3718268945d71a207310a,771,train,747ca90f-92fc-4d19-aec4-6dfc34c2917e,organizacion_consecuencias_republicanas,organizacion_consecuencias_republicanas,0.6654207706451416,apps/ml/storage/models/beto-v1-gold-source-aware,9d8861f8406d41050fa57c530224a1e62983e887807fa6047eefcea52356c215,74f80917f6b245d718c201d58e0d3599f2e4b3e0,424d60bad8a28ff0a1ea68d970da0ab5652476b2cc24ad69042ba3a508e03755
artifacts/datasets/gold-v1-source-aware.json,dcd8d90081973b7b9a05ee6ef41623756a06232727f3718268945d71a207310a,772,train,747ca90f-92fc-4d19-aec4-6dfc34c2917e,contexto_colonial_antecedentes,contexto_colonial_antecedentes,0.5850680470466614,apps/ml/storage/models/beto-v1-gold-source-aware,9d8861f8406d41050fa57c530224a1e62983e887807fa6047eefcea52356c215,74f80917f6b245d718c201d58e0d3599f2e4b3e0,3ff6cbb41ac7c62e7ced59bb475a70867f9fbba7e046c7895b9b3ac47ffd0347
artifacts/datasets/gold-v1-source-aware.json,dcd8d90081973b7b9a05ee6ef41623756a06232727f3718268945d71a207310a,773,train,747ca90f-92fc-4d19-aec4-6dfc34c2917e,organizacion_consecuencias_republicanas,contexto_colonial_antecedentes,0.4566251039505005,apps/ml/storage/models/beto-v1-gold-source-aware,9d8861f8406d41050fa57c530224a1e62983e887807fa6047eefcea52356c215,74f80917f6b245d718c201d58e0d3599f2e4b3e0,b44bf20f61a844d3ee6dc2b3b7c404b67af8c52304676ada7a62601422ca466f
artifacts/datasets/gold-v1-source-aware.json,dcd8d90081973b7b9a05ee6ef41623756a06232727f3718268945d71a207310a,774,train,747ca90f-92fc-4d19-aec4-6dfc34c2917e,participacion_social_regional,campanias_conflictos_militares,0.5815987586975098,apps/ml/storage/models/beto-v1-gold-source-aware,9d8861f8406d41050fa57c530224a1e62983e887807fa6047eefcea52356c215,74f80917f6b245d718c201d58e0d3599f2e4b3e0,d5d9a2203c5e8ece766c9a49fed178b2a81148501ed24b9f58cf4edafa4833f9
artifacts/datasets/gold-v1-source-aware.json,dcd8d90081973b7b9a05ee6ef41623756a06232727f3718268945d71a207310a,775,train,747ca90f-92fc-4d19-aec4-6dfc34c2917e,contexto_colonial_antecedentes,contexto_colonial_antecedentes,0.2861024737358093,apps/ml/storage/models/beto-v1-gold-source-aware,9d8861f8406d41050fa57c530224a1e62983e887807fa6047eefcea52356c215,74f80917f6b245d718c201d58e0d3599f2e4b3e0,b5bca4275cad415112cf3c41d83f7f5341189e13b2c7a31a47682c3bdde2512a
artifacts/datasets/gold-v1-source-aware.json,dcd8d90081973b7b9a05ee6ef41623756a06232727f3718268945d71a207310a,776,train,747ca90f-92fc-4d19-aec4-6dfc34c2917e,contexto_colonial_antecedentes,organizacion_consecuencias_republicanas,0.4150255620479584,apps/ml/storage/models/beto-v1-gold-source-aware,9d8861f8406d41050fa57c530224a1e62983e887807fa6047eefcea52356c215,74f80917f6b245d718c201d58e0d3599f2e4b3e0,a1958a5a3abc1ded9f35efc07cd2d595ae139ef76f376ce1e15a79a4c4cbb362
artifacts/datasets/gold-v1-source-aware.json,dcd8d90081973b7b9a05ee6ef41623756a06232727f3718268945d71a207310a,777,train,747ca90f-92fc-4d19-aec4-6dfc34c2917e,contexto_colonial_antecedentes,contexto_colonial_antecedentes,0.5822076797485352,apps/ml/storage/models/beto-v1-gold-source-aware,9d8861f8406d41050fa57c530224a1e62983e887807fa6047eefcea52356c215,74f80917f6b245d718c201d58e0d3599f2e4b3e0,109c180e993e9bc47869b6dc241cdfc020737dae0f4d1e6a98e9bf878c4468cf
artifacts/datasets/gold-v1-source-aware.json,dcd8d90081973b7b9a05ee6ef41623756a06232727f3718268945d71a207310a,778,train,747ca90f-92fc-4d19-aec4-6dfc34c2917e,organizacion_consecuencias_republicanas,organizacion_consecuencias_republicanas,0.4684324562549591,apps/ml/storage/models/beto-v1-gold-source-aware,9d8861f8406d41050fa57c530224a1e62983e887807fa6047eefcea52356c215,74f80917f6b245d718c201d58e0d3599f2e4b3e0,5dfded51e46f256bfac5a5b955c46b04f1bd0cd5c5082d2b8085f098ed819d79
artifacts/datasets/gold-v1-source-aware.json,dcd8d90081973b7b9a05ee6ef41623756a06232727f3718268945d71a207310a,779,train,747ca90f-92fc-4d19-aec4-6dfc34c2917e,no_relevante,crisis_ideas_emancipadoras,0.3730306029319763,apps/ml/storage/models/beto-v1-gold-source-aware,9d8861f8406d41050fa57c530224a1e62983e887807fa6047eefcea52356c215,74f80917f6b245d718c201d58e0d3599f2e4b3e0,08f065e707e095c8af2c189dc29543c0be7ce502eee9b22d733d06658a118f0a
artifacts/datasets/gold-v1-source-aware.json,dcd8d90081973b7b9a05ee6ef41623756a06232727f3718268945d71a207310a,780,train,747ca90f-92fc-4d19-aec4-6dfc34c2917e,crisis_ideas_emancipadoras,crisis_ideas_emancipadoras,0.34225982427597046,apps/ml/storage/models/beto-v1-gold-source-aware,9d8861f8406d41050fa57c530224a1e62983e887807fa6047eefcea52356c215,74f80917f6b245d718c201d58e0d3599f2e4b3e0,f63597952a40d379e967f96a9f6d969ffbc80816f7026845a10f942570c2b58c
artifacts/datasets/gold-v1-source-aware.json,dcd8d90081973b7b9a05ee6ef41623756a06232727f3718268945d71a207310a,781,train,747ca90f-92fc-4d19-aec4-6dfc34c2917e,contexto_colonial_antecedentes,contexto_colonial_antecedentes,0.6055938005447388,apps/ml/storage/models/beto-v1-gold-source-aware,9d8861f8406d41050fa57c530224a1e62983e887807fa6047eefcea52356c215,74f80917f6b245d718c201d58e0d3599f2e4b3e0,a88accc1f35f1827e2da22d4c88e4d9b1a4c13d54b1f07731d3ae3a7bc858542
artifacts/datasets/gold-v1-source-aware.json,dcd8d90081973b7b9a05ee6ef41623756a06232727f3718268945d71a207310a,782,train,747ca90f-92fc-4d19-aec4-6dfc34c2917e,organizacion_consecuencias_republicanas,organizacion_consecuencias_republicanas,0.4513251781463623,apps/ml/storage/models/beto-v1-gold-source-aware,9d8861f8406d41050fa57c530224a1e62983e887807fa6047eefcea52356c215,74f80917f6b245d718c201d58e0d3599f2e4b3e0,7ed6e2fa4b96629361ffb127a46a075faf043d4e6c15390f2cda01378d433d54
artifacts/datasets/gold-v1-source-aware.json,dcd8d90081973b7b9a05ee6ef41623756a06232727f3718268945d71a207310a,783,train,747ca90f-92fc-4d19-aec4-6dfc34c2917e,organizacion_consecuencias_republicanas,organizacion_consecuencias_republicanas,0.429792582988739,apps/ml/storage/models/beto-v1-gold-source-aware,9d8861f8406d41050fa57c530224a1e62983e887807fa6047eefcea52356c215,74f80917f6b245d718c201d58e0d3599f2e4b3e0,83fb399837d3b92aad31ac0cc217935d85339bbf57265a3127bd8c3765959a72
artifacts/datasets/gold-v1-source-aware.json,dcd8d90081973b7b9a05ee6ef41623756a06232727f3718268945d71a207310a,784,train,747ca90f-92fc-4d19-aec4-6dfc34c2917e,campanias_conflictos_militares,campanias_conflictos_militares,0.8464099168777466,apps/ml/storage/models/beto-v1-gold-source-aware,9d8861f8406d41050fa57c530224a1e62983e887807fa6047eefcea52356c215,74f80917f6b245d718c201d58e0d3599f2e4b3e0,715124dbb774828b671da46058e23d7ce4ab91c54e3265ff8a1c41c70289185d
artifacts/datasets/gold-v1-source-aware.json,dcd8d90081973b7b9a05ee6ef41623756a06232727f3718268945d71a207310a,785,train,747ca90f-92fc-4d19-aec4-6dfc34c2917e,campanias_conflictos_militares,campanias_conflictos_militares,0.8304958939552307,apps/ml/storage/models/beto-v1-gold-source-aware,9d8861f8406d41050fa57c530224a1e62983e887807fa6047eefcea52356c215,74f80917f6b245d718c201d58e0d3599f2e4b3e0,a3391f75378182c218d685e36e491443b8ae60a77bd46d70e4f99436460289eb
artifacts/datasets/gold-v1-source-aware.json,dcd8d90081973b7b9a05ee6ef41623756a06232727f3718268945d71a207310a,786,train,747ca90f-92fc-4d19-aec4-6dfc34c2917e,campanias_conflictos_militares,campanias_conflictos_militares,0.8811509609222412,apps/ml/storage/models/beto-v1-gold-source-aware,9d8861f8406d41050fa57c530224a1e62983e887807fa6047eefcea52356c215,74f80917f6b245d718c201d58e0d3599f2e4b3e0,20328bd3bfd587e9518d48ad34075fa5ac823d500ba87a432f1d112c8ba2a35c
artifacts/datasets/gold-v1-source-aware.json,dcd8d90081973b7b9a05ee6ef41623756a06232727f3718268945d71a207310a,787,train,747ca90f-92fc-4d19-aec4-6dfc34c2917e,campanias_conflictos_militares,campanias_conflictos_militares,0.7732694745063782,apps/ml/storage/models/beto-v1-gold-source-aware,9d8861f8406d41050fa57c530224a1e62983e887807fa6047eefcea52356c215,74f80917f6b245d718c201d58e0d3599f2e4b3e0,f13d81307806ffc541e7776ec45edb9fa9ab72da0115108b9487d35f635a3101
artifacts/datasets/gold-v1-source-aware.json,dcd8d90081973b7b9a05ee6ef41623756a06232727f3718268945d71a207310a,788,train,747ca90f-92fc-4d19-aec4-6dfc34c2917e,campanias_conflictos_militares,campanias_conflictos_militares,0.8490297198295593,apps/ml/storage/models/beto-v1-gold-source-aware,9d8861f8406d41050fa57c530224a1e62983e887807fa6047eefcea52356c215,74f80917f6b245d718c201d58e0d3599f2e4b3e0,f1e0e4c8e4a60d3bc0e3b7e3138f3a6b3191accceec20f06727d46ea34b379e1
artifacts/datasets/gold-v1-source-aware.json,dcd8d90081973b7b9a05ee6ef41623756a06232727f3718268945d71a207310a,789,train,747ca90f-92fc-4d19-aec4-6dfc34c2917e,organizacion_consecuencias_republicanas,organizacion_consecuencias_republicanas,0.4630143642425537,apps/ml/storage/models/beto-v1-gold-source-aware,9d8861f8406d41050fa57c530224a1e62983e887807fa6047eefcea52356c215,74f80917f6b245d718c201d58e0d3599f2e4b3e0,f0bc2dcca1fc4a3f66db083303b41675fca93cee90f826eb658e58ef9628fa3c
artifacts/datasets/gold-v1-source-aware.json,dcd8d90081973b7b9a05ee6ef41623756a06232727f3718268945d71a207310a,790,train,747ca90f-92fc-4d19-aec4-6dfc34c2917e,campanias_conflictos_militares,campanias_conflictos_militares,0.8876944780349731,apps/ml/storage/models/beto-v1-gold-source-aware,9d8861f8406d41050fa57c530224a1e62983e887807fa6047eefcea52356c215,74f80917f6b245d718c201d58e0d3599f2e4b3e0,dd78d48723f36d8f1b50dc9c2a3afe491168938aff07c120e2f1625d51adfa41
artifacts/datasets/gold-v1-source-aware.json,dcd8d90081973b7b9a05ee6ef41623756a06232727f3718268945d71a207310a,791,train,747ca90f-92fc-4d19-aec4-6dfc34c2917e,campanias_conflictos_militares,campanias_conflictos_militares,0.8685287833213806,apps/ml/storage/models/beto-v1-gold-source-aware,9d8861f8406d41050fa57c530224a1e62983e887807fa6047eefcea52356c215,74f80917f6b245d718c201d58e0d3599f2e4b3e0,98ce9897ef61f7ebefa859df0116235789289c22bd2d43b1fbb2b4022f5a1876
artifacts/datasets/gold-v1-source-aware.json,dcd8d90081973b7b9a05ee6ef41623756a06232727f3718268945d71a207310a,792,train,747ca90f-92fc-4d19-aec4-6dfc34c2917e,campanias_conflictos_militares,campanias_conflictos_militares,0.9008017182350159,apps/ml/storage/models/beto-v1-gold-source-aware,9d8861f8406d41050fa57c530224a1e62983e887807fa6047eefcea52356c215,74f80917f6b245d718c201d58e0d3599f2e4b3e0,f0d5dbb1949d521ded57945b84503eb47b8ef218c4abe37d623bebfd79721149
artifacts/datasets/gold-v1-source-aware.json,dcd8d90081973b7b9a05ee6ef41623756a06232727f3718268945d71a207310a,793,train,747ca90f-92fc-4d19-aec4-6dfc34c2917e,campanias_conflictos_militares,campanias_conflictos_militares,0.8548513650894165,apps/ml/storage/models/beto-v1-gold-source-aware,9d8861f8406d41050fa57c530224a1e62983e887807fa6047eefcea52356c215,74f80917f6b245d718c201d58e0d3599f2e4b3e0,b9b30e0ddf2f8fe21a969c126bb5b2ce467add5dd01710eee6ad429da11833b8
artifacts/datasets/gold-v1-source-aware.json,dcd8d90081973b7b9a05ee6ef41623756a06232727f3718268945d71a207310a,794,train,747ca90f-92fc-4d19-aec4-6dfc34c2917e,campanias_conflictos_militares,campanias_conflictos_militares,0.8020807504653931,apps/ml/storage/models/beto-v1-gold-source-aware,9d8861f8406d41050fa57c530224a1e62983e887807fa6047eefcea52356c215,74f80917f6b245d718c201d58e0d3599f2e4b3e0,99865ed77a1d28903a0df957d8af3293a16d87ac22d9bf880c6dda188931b94d
artifacts/datasets/gold-v1-source-aware.json,dcd8d90081973b7b9a05ee6ef41623756a06232727f3718268945d71a207310a,795,train,747ca90f-92fc-4d19-aec4-6dfc34c2917e,campanias_conflictos_militares,campanias_conflictos_militares,0.8131164908409119,apps/ml/storage/models/beto-v1-gold-source-aware,9d8861f8406d41050fa57c530224a1e62983e887807fa6047eefcea52356c215,74f80917f6b245d718c201d58e0d3599f2e4b3e0,5dbc0cd17789b9c1c0d1cd4f0ccdd8baa786d7c0662e41d7c35f051a20eb96ce
artifacts/datasets/gold-v1-source-aware.json,dcd8d90081973b7b9a05ee6ef41623756a06232727f3718268945d71a207310a,796,train,747ca90f-92fc-4d19-aec4-6dfc34c2917e,campanias_conflictos_militares,campanias_conflictos_militares,0.8912193179130554,apps/ml/storage/models/beto-v1-gold-source-aware,9d8861f8406d41050fa57c530224a1e62983e887807fa6047eefcea52356c215,74f80917f6b245d718c201d58e0d3599f2e4b3e0,a85b5eeb16eedf5a1b6f2324df53a8aaa360ff8c91b5a919153c2068ce12cc1c
artifacts/datasets/gold-v1-source-aware.json,dcd8d90081973b7b9a05ee6ef41623756a06232727f3718268945d71a207310a,797,train,747ca90f-92fc-4d19-aec4-6dfc34c2917e,campanias_conflictos_militares,campanias_conflictos_militares,0.8687413334846497,apps/ml/storage/models/beto-v1-gold-source-aware,9d8861f8406d41050fa57c530224a1e62983e887807fa6047eefcea52356c215,74f80917f6b245d718c201d58e0d3599f2e4b3e0,418d63ff4c706e4f2291b0a1bf43c7f1717c36116b01fe7f5a983d64ba97d016
artifacts/datasets/gold-v1-source-aware.json,dcd8d90081973b7b9a05ee6ef41623756a06232727f3718268945d71a207310a,798,train,747ca90f-92fc-4d19-aec4-6dfc34c2917e,campanias_conflictos_militares,campanias_conflictos_militares,0.9011951088905334,apps/ml/storage/models/beto-v1-gold-source-aware,9d8861f8406d41050fa57c530224a1e62983e887807fa6047eefcea52356c215,74f80917f6b245d718c201d58e0d3599f2e4b3e0,5f6a7f31f3ad21e7c42cc3d75d433be268411d57842cc11c62148b7d21c85019
artifacts/datasets/gold-v1-source-aware.json,dcd8d90081973b7b9a05ee6ef41623756a06232727f3718268945d71a207310a,799,train,747ca90f-92fc-4d19-aec4-6dfc34c2917e,liderazgos_diplomacia_proyectos,liderazgos_diplomacia_proyectos,0.672529935836792,apps/ml/storage/models/beto-v1-gold-source-aware,9d8861f8406d41050fa57c530224a1e62983e887807fa6047eefcea52356c215,74f80917f6b245d718c201d58e0d3599f2e4b3e0,8f1be101000f84a3b5ab71de8dda3fcd55f30fb5dd3716527bc45533a7f3a4ec
artifacts/datasets/gold-v1-source-aware.json,dcd8d90081973b7b9a05ee6ef41623756a06232727f3718268945d71a207310a,800,train,747ca90f-92fc-4d19-aec4-6dfc34c2917e,campanias_conflictos_militares,campanias_conflictos_militares,0.905220627784729,apps/ml/storage/models/beto-v1-gold-source-aware,9d8861f8406d41050fa57c530224a1e62983e887807fa6047eefcea52356c215,74f80917f6b245d718c201d58e0d3599f2e4b3e0,15716c80e3717dcfb39b7a9df328a11ffb4f831f4e342ad377fffa39abc2dde2
artifacts/datasets/gold-v1-source-aware.json,dcd8d90081973b7b9a05ee6ef41623756a06232727f3718268945d71a207310a,801,train,747ca90f-92fc-4d19-aec4-6dfc34c2917e,campanias_conflictos_militares,campanias_conflictos_militares,0.7790938019752502,apps/ml/storage/models/beto-v1-gold-source-aware,9d8861f8406d41050fa57c530224a1e62983e887807fa6047eefcea52356c215,74f80917f6b245d718c201d58e0d3599f2e4b3e0,d9ec5f45732a3f2999e4b794af62524ec1ae583ebfa15675ebd611033d46a3d9
artifacts/datasets/gold-v1-source-aware.json,dcd8d90081973b7b9a05ee6ef41623756a06232727f3718268945d71a207310a,802,train,747ca90f-92fc-4d19-aec4-6dfc34c2917e,liderazgos_diplomacia_proyectos,liderazgos_diplomacia_proyectos,0.4253568947315216,apps/ml/storage/models/beto-v1-gold-source-aware,9d8861f8406d41050fa57c530224a1e62983e887807fa6047eefcea52356c215,74f80917f6b245d718c201d58e0d3599f2e4b3e0,95b4b559e6a7484a3c046a55ce65927da030134e3c1f0fff6c8910618a50ae36
artifacts/datasets/gold-v1-source-aware.json,dcd8d90081973b7b9a05ee6ef41623756a06232727f3718268945d71a207310a,803,train,747ca90f-92fc-4d19-aec4-6dfc34c2917e,campanias_conflictos_militares,campanias_conflictos_militares,0.900036633014679,apps/ml/storage/models/beto-v1-gold-source-aware,9d8861f8406d41050fa57c530224a1e62983e887807fa6047eefcea52356c215,74f80917f6b245d718c201d58e0d3599f2e4b3e0,ae36dfa9f93b712b27b9626a584df1a276aa70fe3e28d4396a2134528183873f
artifacts/datasets/gold-v1-source-aware.json,dcd8d90081973b7b9a05ee6ef41623756a06232727f3718268945d71a207310a,804,train,747ca90f-92fc-4d19-aec4-6dfc34c2917e,campanias_conflictos_militares,campanias_conflictos_militares,0.8722376823425293,apps/ml/storage/models/beto-v1-gold-source-aware,9d8861f8406d41050fa57c530224a1e62983e887807fa6047eefcea52356c215,74f80917f6b245d718c201d58e0d3599f2e4b3e0,6586c4aacc2b0d78e320029361aa4a9d33a45b50317b9b0f069957527c45a4e5
artifacts/datasets/gold-v1-source-aware.json,dcd8d90081973b7b9a05ee6ef41623756a06232727f3718268945d71a207310a,805,train,747ca90f-92fc-4d19-aec4-6dfc34c2917e,campanias_conflictos_militares,campanias_conflictos_militares,0.8468058109283447,apps/ml/storage/models/beto-v1-gold-source-aware,9d8861f8406d41050fa57c530224a1e62983e887807fa6047eefcea52356c215,74f80917f6b245d718c201d58e0d3599f2e4b3e0,1bed134f09eeff016411a7935626c21cec3f83b8276dc8a18962dfcd434931d2
artifacts/datasets/gold-v1-source-aware.json,dcd8d90081973b7b9a05ee6ef41623756a06232727f3718268945d71a207310a,806,train,747ca90f-92fc-4d19-aec4-6dfc34c2917e,campanias_conflictos_militares,campanias_conflictos_militares,0.5716403126716614,apps/ml/storage/models/beto-v1-gold-source-aware,9d8861f8406d41050fa57c530224a1e62983e887807fa6047eefcea52356c215,74f80917f6b245d718c201d58e0d3599f2e4b3e0,13eab78e07b1230414cb9e2942131083523b872fe57f29266d6a56196944170e
artifacts/datasets/gold-v1-source-aware.json,dcd8d90081973b7b9a05ee6ef41623756a06232727f3718268945d71a207310a,807,train,747ca90f-92fc-4d19-aec4-6dfc34c2917e,campanias_conflictos_militares,campanias_conflictos_militares,0.8888515830039978,apps/ml/storage/models/beto-v1-gold-source-aware,9d8861f8406d41050fa57c530224a1e62983e887807fa6047eefcea52356c215,74f80917f6b245d718c201d58e0d3599f2e4b3e0,0fac46486ea277a1cb21cef8d2c49241ce2aae5e390a364ee1755aff5d84600d
artifacts/datasets/gold-v1-source-aware.json,dcd8d90081973b7b9a05ee6ef41623756a06232727f3718268945d71a207310a,808,train,747ca90f-92fc-4d19-aec4-6dfc34c2917e,liderazgos_diplomacia_proyectos,liderazgos_diplomacia_proyectos,0.3737938702106476,apps/ml/storage/models/beto-v1-gold-source-aware,9d8861f8406d41050fa57c530224a1e62983e887807fa6047eefcea52356c215,74f80917f6b245d718c201d58e0d3599f2e4b3e0,168251bc5f35e958888df6e24e2be54e385a619c189eaa183321dabbf4e633ae
artifacts/datasets/gold-v1-source-aware.json,dcd8d90081973b7b9a05ee6ef41623756a06232727f3718268945d71a207310a,809,train,747ca90f-92fc-4d19-aec4-6dfc34c2917e,campanias_conflictos_militares,campanias_conflictos_militares,0.8675724864006042,apps/ml/storage/models/beto-v1-gold-source-aware,9d8861f8406d41050fa57c530224a1e62983e887807fa6047eefcea52356c215,74f80917f6b245d718c201d58e0d3599f2e4b3e0,abc15261558647f635682e910b391450f6196ad71d0fd96c5d86f20ba2689c61
artifacts/datasets/gold-v1-source-aware.json,dcd8d90081973b7b9a05ee6ef41623756a06232727f3718268945d71a207310a,810,train,747ca90f-92fc-4d19-aec4-6dfc34c2917e,organizacion_consecuencias_republicanas,organizacion_consecuencias_republicanas,0.46424606442451477,apps/ml/storage/models/beto-v1-gold-source-aware,9d8861f8406d41050fa57c530224a1e62983e887807fa6047eefcea52356c215,74f80917f6b245d718c201d58e0d3599f2e4b3e0,4f0fb493ce826eb49461194d190c8ced5c3b542bbd06869136bb3e6297a4a5a9
artifacts/datasets/gold-v1-source-aware.json,dcd8d90081973b7b9a05ee6ef41623756a06232727f3718268945d71a207310a,811,train,747ca90f-92fc-4d19-aec4-6dfc34c2917e,liderazgos_diplomacia_proyectos,liderazgos_diplomacia_proyectos,0.6256720423698425,apps/ml/storage/models/beto-v1-gold-source-aware,9d8861f8406d41050fa57c530224a1e62983e887807fa6047eefcea52356c215,74f80917f6b245d718c201d58e0d3599f2e4b3e0,77c7b59848f69466bbf260f0e3fe103ea5a7140dd6cf0146eb02d493d426fef4
artifacts/datasets/gold-v1-source-aware.json,dcd8d90081973b7b9a05ee6ef41623756a06232727f3718268945d71a207310a,812,train,747ca90f-92fc-4d19-aec4-6dfc34c2917e,organizacion_consecuencias_republicanas,organizacion_consecuencias_republicanas,0.5522714853286743,apps/ml/storage/models/beto-v1-gold-source-aware,9d8861f8406d41050fa57c530224a1e62983e887807fa6047eefcea52356c215,74f80917f6b245d718c201d58e0d3599f2e4b3e0,7c800dcdc2dcd2c55c98965240fa642782732d007e33f3e5a81f572cca5bc686
artifacts/datasets/gold-v1-source-aware.json,dcd8d90081973b7b9a05ee6ef41623756a06232727f3718268945d71a207310a,813,train,747ca90f-92fc-4d19-aec4-6dfc34c2917e,organizacion_consecuencias_republicanas,organizacion_consecuencias_republicanas,0.6606359481811523,apps/ml/storage/models/beto-v1-gold-source-aware,9d8861f8406d41050fa57c530224a1e62983e887807fa6047eefcea52356c215,74f80917f6b245d718c201d58e0d3599f2e4b3e0,d4dc113a07da5a0946e879c11086ba7889af0d52d01be380d42695d327169603
artifacts/datasets/gold-v1-source-aware.json,dcd8d90081973b7b9a05ee6ef41623756a06232727f3718268945d71a207310a,0,val,b23a4bf1-b9f4-4c08-bb89-a4cf4a67e004,contexto_colonial_antecedentes,contexto_colonial_antecedentes,0.2732860743999481,outputs/experiments/beto-u1/beto-lr2e5,4fea08ebf3da420a8ef1b04b151822b32c7f4869408335ab0c5885eb7945ef1f,74f80917f6b245d718c201d58e0d3599f2e4b3e0,6c78b1f381f85399f7716a51d2e3451d7367e9c03c11d52af8db975b59971919
artifacts/datasets/gold-v1-source-aware.json,dcd8d90081973b7b9a05ee6ef41623756a06232727f3718268945d71a207310a,1,train,747ca90f-92fc-4d19-aec4-6dfc34c2917e,campanias_conflictos_militares,campanias_conflictos_militares,0.4597342312335968,outputs/experiments/beto-u1/beto-lr2e5,4fea08ebf3da420a8ef1b04b151822b32c7f4869408335ab0c5885eb7945ef1f,74f80917f6b245d718c201d58e0d3599f2e4b3e0,0bb17adb5eb27172d6935c763f7e7ac2b2fdbb60ebd784ec98082c3f85448216
artifacts/datasets/gold-v1-source-aware.json,dcd8d90081973b7b9a05ee6ef41623756a06232727f3718268945d71a207310a,2,val,b23a4bf1-b9f4-4c08-bb89-a4cf4a67e004,crisis_ideas_emancipadoras,organizacion_consecuencias_republicanas,0.3791143298149109,outputs/experiments/beto-u1/beto-lr2e5,4fea08ebf3da420a8ef1b04b151822b32c7f4869408335ab0c5885eb7945ef1f,74f80917f6b245d718c201d58e0d3599f2e4b3e0,2d7893117603b3c529b7fc8ecfb06693c27776b1a1552251a08a24c4004c2fac
artifacts/datasets/gold-v1-source-aware.json,dcd8d90081973b7b9a05ee6ef41623756a06232727f3718268945d71a207310a,3,val,b23a4bf1-b9f4-4c08-bb89-a4cf4a67e004,participacion_social_regional,no_relevante,0.47710439562797546,outputs/experiments/beto-u1/beto-lr2e5,4fea08ebf3da420a8ef1b04b151822b32c7f4869408335ab0c5885eb7945ef1f,74f80917f6b245d718c201d58e0d3599f2e4b3e0,7b612e70be73fa10edae4dfaf64c9a451b0ce3c0f90ae5e2f7cbfb411d7e90f8
artifacts/datasets/gold-v1-source-aware.json,dcd8d90081973b7b9a05ee6ef41623756a06232727f3718268945d71a207310a,4,train,9f60a031-0183-478c-a1f8-a3bdd37d7b0b,participacion_social_regional,campanias_conflictos_militares,0.32134130597114563,outputs/experiments/beto-u1/beto-lr2e5,4fea08ebf3da420a8ef1b04b151822b32c7f4869408335ab0c5885eb7945ef1f,74f80917f6b245d718c201d58e0d3599f2e4b3e0,cfdae3af038bbe2f55d1575d735ad9d525940d5643c28b5407400c807f6fd388
artifacts/datasets/gold-v1-source-aware.json,dcd8d90081973b7b9a05ee6ef41623756a06232727f3718268945d71a207310a,5,train,9f60a031-0183-478c-a1f8-a3bdd37d7b0b,no_relevante,no_relevante,0.7084096074104309,outputs/experiments/beto-u1/beto-lr2e5,4fea08ebf3da420a8ef1b04b151822b32c7f4869408335ab0c5885eb7945ef1f,74f80917f6b245d718c201d58e0d3599f2e4b3e0,76b4fdd6ad1887230377144f780bc5629146bef347158379ef31c2e58aa8e3d7
artifacts/datasets/gold-v1-source-aware.json,dcd8d90081973b7b9a05ee6ef41623756a06232727f3718268945d71a207310a,6,test,15e52806-3d75-4117-937d-7c7eda594579,contexto_colonial_antecedentes,crisis_ideas_emancipadoras,0.3666144013404846,outputs/experiments/beto-u1/beto-lr2e5,4fea08ebf3da420a8ef1b04b151822b32c7f4869408335ab0c5885eb7945ef1f,74f80917f6b245d718c201d58e0d3599f2e4b3e0,7ffb5d0d250a3900c002121037755dbebe1253b4d0dc7b075264b3d041945a51
artifacts/datasets/gold-v1-source-aware.json,dcd8d90081973b7b9a05ee6ef41623756a06232727f3718268945d71a207310a,7,train,9154f7f7-86c9-4bad-bcba-47eaf54b93e1,organizacion_consecuencias_republicanas,organizacion_consecuencias_republicanas,0.3395943343639374,outputs/experiments/beto-u1/beto-lr2e5,4fea08ebf3da420a8ef1b04b151822b32c7f4869408335ab0c5885eb7945ef1f,74f80917f6b245d718c201d58e0d3599f2e4b3e0,2abd19afe54182a5ccb60b5746b124e78ff1150b35a7213c4a5f768b9baf4d6c
artifacts/datasets/gold-v1-source-aware.json,dcd8d90081973b7b9a05ee6ef41623756a06232727f3718268945d71a207310a,8,train,9154f7f7-86c9-4bad-bcba-47eaf54b93e1,organizacion_consecuencias_republicanas,organizacion_consecuencias_republicanas,0.4855044484138489,outputs/experiments/beto-u1/beto-lr2e5,4fea08ebf3da420a8ef1b04b151822b32c7f4869408335ab0c5885eb7945ef1f,74f80917f6b245d718c201d58e0d3599f2e4b3e0,3c3708e7b281df09f82f70af1bfb0f8fe4d451a582bf3c41cabdd8ed70cd5c1c
artifacts/datasets/gold-v1-source-aware.json,dcd8d90081973b7b9a05ee6ef41623756a06232727f3718268945d71a207310a,9,train,9154f7f7-86c9-4bad-bcba-47eaf54b93e1,organizacion_consecuencias_republicanas,organizacion_consecuencias_republicanas,0.430446594953537,outputs/experiments/beto-u1/beto-lr2e5,4fea08ebf3da420a8ef1b04b151822b32c7f4869408335ab0c5885eb7945ef1f,74f80917f6b245d718c201d58e0d3599f2e4b3e0,a7fb0ee4f4d978a530aea9bbf50d29e6fe0f5c8d0af529a5447e8f28cee66d77
artifacts/datasets/gold-v1-source-aware.json,dcd8d90081973b7b9a05ee6ef41623756a06232727f3718268945d71a207310a,10,train,9154f7f7-86c9-4bad-bcba-47eaf54b93e1,organizacion_consecuencias_republicanas,organizacion_consecuencias_republicanas,0.3947388529777527,outputs/experiments/beto-u1/beto-lr2e5,4fea08ebf3da420a8ef1b04b151822b32c7f4869408335ab0c5885eb7945ef1f,74f80917f6b245d718c201d58e0d3599f2e4b3e0,03dfa8e9fc4c407e0889a5475ae4ab7fc7fe1a020b40989793808356565a80e6
artifacts/datasets/gold-v1-source-aware.json,dcd8d90081973b7b9a05ee6ef41623756a06232727f3718268945d71a207310a,11,train,9154f7f7-86c9-4bad-bcba-47eaf54b93e1,organizacion_consecuencias_republicanas,organizacion_consecuencias_republicanas,0.3510040044784546,outputs/experiments/beto-u1/beto-lr2e5,4fea08ebf3da420a8ef1b04b151822b32c7f4869408335ab0c5885eb7945ef1f,74f80917f6b245d718c201d58e0d3599f2e4b3e0,74a2c26e2e038f54b4c260ed44e90c9e5675c9f60abde79b495365ae5bac1844
artifacts/datasets/gold-v1-source-aware.json,dcd8d90081973b7b9a05ee6ef41623756a06232727f3718268945d71a207310a,12,train,9154f7f7-86c9-4bad-bcba-47eaf54b93e1,organizacion_consecuencias_republicanas,organizacion_consecuencias_republicanas,0.43233320116996765,outputs/experiments/beto-u1/beto-lr2e5,4fea08ebf3da420a8ef1b04b151822b32c7f4869408335ab0c5885eb7945ef1f,74f80917f6b245d718c201d58e0d3599f2e4b3e0,e3ddac3f3dd70ed581afc140e642c59fa0ca5a29f7b802727730fe68bb4911fd
artifacts/datasets/gold-v1-source-aware.json,dcd8d90081973b7b9a05ee6ef41623756a06232727f3718268945d71a207310a,13,train,9154f7f7-86c9-4bad-bcba-47eaf54b93e1,organizacion_consecuencias_republicanas,organizacion_consecuencias_republicanas,0.3941509425640106,outputs/experiments/beto-u1/beto-lr2e5,4fea08ebf3da420a8ef1b04b151822b32c7f4869408335ab0c5885eb7945ef1f,74f80917f6b245d718c201d58e0d3599f2e4b3e0,cb5f638fa257b351dc23f561098c46e9a8c2f49c9a979ffd0dae14739042f4e2
artifacts/datasets/gold-v1-source-aware.json,dcd8d90081973b7b9a05ee6ef41623756a06232727f3718268945d71a207310a,14,train,9154f7f7-86c9-4bad-bcba-47eaf54b93e1,organizacion_consecuencias_republicanas,organizacion_consecuencias_republicanas,0.426154226064682,outputs/experiments/beto-u1/beto-lr2e5,4fea08ebf3da420a8ef1b04b151822b32c7f4869408335ab0c5885eb7945ef1f,74f80917f6b245d718c201d58e0d3599f2e4b3e0,c98de9d2eec4ffd5ba747531414a380c24bc0bf33d58a81adccfd6ba2c20a604
artifacts/datasets/gold-v1-source-aware.json,dcd8d90081973b7b9a05ee6ef41623756a06232727f3718268945d71a207310a,15,train,9154f7f7-86c9-4bad-bcba-47eaf54b93e1,crisis_ideas_emancipadoras,crisis_ideas_emancipadoras,0.28620049357414246,outputs/experiments/beto-u1/beto-lr2e5,4fea08ebf3da420a8ef1b04b151822b32c7f4869408335ab0c5885eb7945ef1f,74f80917f6b245d718c201d58e0d3599f2e4b3e0,050a9c6527a081a5d8c6965d66ee074fd450bce282a52ae2a753589e2e728643
artifacts/datasets/gold-v1-source-aware.json,dcd8d90081973b7b9a05ee6ef41623756a06232727f3718268945d71a207310a,16,train,9154f7f7-86c9-4bad-bcba-47eaf54b93e1,liderazgos_diplomacia_proyectos,liderazgos_diplomacia_proyectos,0.34000518918037415,outputs/experiments/beto-u1/beto-lr2e5,4fea08ebf3da420a8ef1b04b151822b32c7f4869408335ab0c5885eb7945ef1f,74f80917f6b245d718c201d58e0d3599f2e4b3e0,ea6fbbc667ff5777f3f73bbba4cb6b675a0a5565220e4638a4802518756243fa
artifacts/datasets/gold-v1-source-aware.json,dcd8d90081973b7b9a05ee6ef41623756a06232727f3718268945d71a207310a,17,train,9154f7f7-86c9-4bad-bcba-47eaf54b93e1,liderazgos_diplomacia_proyectos,organizacion_consecuencias_republicanas,0.2542007267475128,outputs/experiments/beto-u1/beto-lr2e5,4fea08ebf3da420a8ef1b04b151822b32c7f4869408335ab0c5885eb7945ef1f,74f80917f6b245d718c201d58e0d3599f2e4b3e0,c73187e499b2ed97743695bf9b9060bf69caae9b2b34bed9812320f0a0f37f6e
artifacts/datasets/gold-v1-source-aware.json,dcd8d90081973b7b9a05ee6ef41623756a06232727f3718268945d71a207310a,18,train,9154f7f7-86c9-4bad-bcba-47eaf54b93e1,participacion_social_regional,participacion_social_regional,0.31845641136169434,outputs/experiments/beto-u1/beto-lr2e5,4fea08ebf3da420a8ef1b04b151822b32c7f4869408335ab0c5885eb7945ef1f,74f80917f6b245d718c201d58e0d3599f2e4b3e0,1c9889e3e53ca1d728271968cd6b76ab6cc56765e2783ae2c1ed2b0662d29a19
artifacts/datasets/gold-v1-source-aware.json,dcd8d90081973b7b9a05ee6ef41623756a06232727f3718268945d71a207310a,19,train,9f60a031-0183-478c-a1f8-a3bdd37d7b0b,organizacion_consecuencias_republicanas,organizacion_consecuencias_republicanas,0.3024713695049286,outputs/experiments/beto-u1/beto-lr2e5,4fea08ebf3da420a8ef1b04b151822b32c7f4869408335ab0c5885eb7945ef1f,74f80917f6b245d718c201d58e0d3599f2e4b3e0,268e9a8b71ee7e31787ff6c8692ccb956864f7c9d8a69b4b75021394364689ad
artifacts/datasets/gold-v1-source-aware.json,dcd8d90081973b7b9a05ee6ef41623756a06232727f3718268945d71a207310a,20,train,9f60a031-0183-478c-a1f8-a3bdd37d7b0b,no_relevante,no_relevante,0.5586724281311035,outputs/experiments/beto-u1/beto-lr2e5,4fea08ebf3da420a8ef1b04b151822b32c7f4869408335ab0c5885eb7945ef1f,74f80917f6b245d718c201d58e0d3599f2e4b3e0,cfa98ba5ee30cadd689cbc09fb633cedcbb42682d2084801b7e4d5b9bd8e0e60
artifacts/datasets/gold-v1-source-aware.json,dcd8d90081973b7b9a05ee6ef41623756a06232727f3718268945d71a207310a,21,train,9f60a031-0183-478c-a1f8-a3bdd37d7b0b,organizacion_consecuencias_republicanas,organizacion_consecuencias_republicanas,0.3215372860431671,outputs/experiments/beto-u1/beto-lr2e5,4fea08ebf3da420a8ef1b04b151822b32c7f4869408335ab0c5885eb7945ef1f,74f80917f6b245d718c201d58e0d3599f2e4b3e0,5a403eb3b14ff1511aa4cd3893ea5a08396e5da35c71834437d333266a19839c
artifacts/datasets/gold-v1-source-aware.json,dcd8d90081973b7b9a05ee6ef41623756a06232727f3718268945d71a207310a,22,train,9f60a031-0183-478c-a1f8-a3bdd37d7b0b,organizacion_consecuencias_republicanas,organizacion_consecuencias_republicanas,0.3148418664932251,outputs/experiments/beto-u1/beto-lr2e5,4fea08ebf3da420a8ef1b04b151822b32c7f4869408335ab0c5885eb7945ef1f,74f80917f6b245d718c201d58e0d3599f2e4b3e0,d66fdcc540246e6fd6cdcc07c1a00059796070609bd99d208050c366b04419b0
artifacts/datasets/gold-v1-source-aware.json,dcd8d90081973b7b9a05ee6ef41623756a06232727f3718268945d71a207310a,23,train,9f60a031-0183-478c-a1f8-a3bdd37d7b0b,organizacion_consecuencias_republicanas,organizacion_consecuencias_republicanas,0.3054473102092743,outputs/experiments/beto-u1/beto-lr2e5,4fea08ebf3da420a8ef1b04b151822b32c7f4869408335ab0c5885eb7945ef1f,74f80917f6b245d718c201d58e0d3599f2e4b3e0,b7f4e2dcb7c8c402711d500853ed9c449527804659bca734b5070248c99cf0c7
artifacts/datasets/gold-v1-source-aware.json,dcd8d90081973b7b9a05ee6ef41623756a06232727f3718268945d71a207310a,24,train,9f60a031-0183-478c-a1f8-a3bdd37d7b0b,organizacion_consecuencias_republicanas,organizacion_consecuencias_republicanas,0.35805511474609375,outputs/experiments/beto-u1/beto-lr2e5,4fea08ebf3da420a8ef1b04b151822b32c7f4869408335ab0c5885eb7945ef1f,74f80917f6b245d718c201d58e0d3599f2e4b3e0,de4676f4e58692cb22bcf9687be96a7ef212aa337170bc0937de1e8d0f4799fa
artifacts/datasets/gold-v1-source-aware.json,dcd8d90081973b7b9a05ee6ef41623756a06232727f3718268945d71a207310a,25,train,9f60a031-0183-478c-a1f8-a3bdd37d7b0b,organizacion_consecuencias_republicanas,organizacion_consecuencias_republicanas,0.29551154375076294,outputs/experiments/beto-u1/beto-lr2e5,4fea08ebf3da420a8ef1b04b151822b32c7f4869408335ab0c5885eb7945ef1f,74f80917f6b245d718c201d58e0d3599f2e4b3e0,8d81cd81073115b1b3c8d07018dd4d665da2fa29311044f5b49b790bf48fbdb0
artifacts/datasets/gold-v1-source-aware.json,dcd8d90081973b7b9a05ee6ef41623756a06232727f3718268945d71a207310a,26,train,9f60a031-0183-478c-a1f8-a3bdd37d7b0b,organizacion_consecuencias_republicanas,organizacion_consecuencias_republicanas,0.46480149030685425,outputs/experiments/beto-u1/beto-lr2e5,4fea08ebf3da420a8ef1b04b151822b32c7f4869408335ab0c5885eb7945ef1f,74f80917f6b245d718c201d58e0d3599f2e4b3e0,691ef9b96854c26872b46d2d28c370f57fc21da4d66f41720c0f2d2eee25499f
artifacts/datasets/gold-v1-source-aware.json,dcd8d90081973b7b9a05ee6ef41623756a06232727f3718268945d71a207310a,27,train,9f60a031-0183-478c-a1f8-a3bdd37d7b0b,organizacion_consecuencias_republicanas,organizacion_consecuencias_republicanas,0.3125152587890625,outputs/experiments/beto-u1/beto-lr2e5,4fea08ebf3da420a8ef1b04b151822b32c7f4869408335ab0c5885eb7945ef1f,74f80917f6b245d718c201d58e0d3599f2e4b3e0,9f1033d385f3b7525c953d186da48ec3e01db1388afe12b541d5665fed4aa85d
artifacts/datasets/gold-v1-source-aware.json,dcd8d90081973b7b9a05ee6ef41623756a06232727f3718268945d71a207310a,28,train,9f60a031-0183-478c-a1f8-a3bdd37d7b0b,organizacion_consecuencias_republicanas,participacion_social_regional,0.2942555248737335,outputs/experiments/beto-u1/beto-lr2e5,4fea08ebf3da420a8ef1b04b151822b32c7f4869408335ab0c5885eb7945ef1f,74f80917f6b245d718c201d58e0d3599f2e4b3e0,37417362cbdee022bf81e1560813a180788ecd244adbc01818aaaeef4e517fc1
artifacts/datasets/gold-v1-source-aware.json,dcd8d90081973b7b9a05ee6ef41623756a06232727f3718268945d71a207310a,29,train,9f60a031-0183-478c-a1f8-a3bdd37d7b0b,organizacion_consecuencias_republicanas,contexto_colonial_antecedentes,0.3265315294265747,outputs/experiments/beto-u1/beto-lr2e5,4fea08ebf3da420a8ef1b04b151822b32c7f4869408335ab0c5885eb7945ef1f,74f80917f6b245d718c201d58e0d3599f2e4b3e0,6d0c7ebd2868a4d3b1e170b0cde654723c2a86eceb8e08b2d3864c0a75bedbe6
artifacts/datasets/gold-v1-source-aware.json,dcd8d90081973b7b9a05ee6ef41623756a06232727f3718268945d71a207310a,30,train,9f60a031-0183-478c-a1f8-a3bdd37d7b0b,organizacion_consecuencias_republicanas,organizacion_consecuencias_republicanas,0.3608223497867584,outputs/experiments/beto-u1/beto-lr2e5,4fea08ebf3da420a8ef1b04b151822b32c7f4869408335ab0c5885eb7945ef1f,74f80917f6b245d718c201d58e0d3599f2e4b3e0,1b0bd93d4bc4c0618c9f3aebd73eafb60e8e235efb5f0d322a78e5fad89b9bac
artifacts/datasets/gold-v1-source-aware.json,dcd8d90081973b7b9a05ee6ef41623756a06232727f3718268945d71a207310a,31,train,9f60a031-0183-478c-a1f8-a3bdd37d7b0b,organizacion_consecuencias_republicanas,participacion_social_regional,0.25043362379074097,outputs/experiments/beto-u1/beto-lr2e5,4fea08ebf3da420a8ef1b04b151822b32c7f4869408335ab0c5885eb7945ef1f,74f80917f6b245d718c201d58e0d3599f2e4b3e0,8684a6285bb78e6f36fe3d6d644b287d1750243985068ec33a5028f210bf07fd
artifacts/datasets/gold-v1-source-aware.json,dcd8d90081973b7b9a05ee6ef41623756a06232727f3718268945d71a207310a,32,train,9f60a031-0183-478c-a1f8-a3bdd37d7b0b,organizacion_consecuencias_republicanas,organizacion_consecuencias_republicanas,0.3891812860965729,outputs/experiments/beto-u1/beto-lr2e5,4fea08ebf3da420a8ef1b04b151822b32c7f4869408335ab0c5885eb7945ef1f,74f80917f6b245d718c201d58e0d3599f2e4b3e0,b2606605756661bc293e58593b0588229945e3f561ca156eb3a5559013140d21
artifacts/datasets/gold-v1-source-aware.json,dcd8d90081973b7b9a05ee6ef41623756a06232727f3718268945d71a207310a,33,train,9f60a031-0183-478c-a1f8-a3bdd37d7b0b,participacion_social_regional,campanias_conflictos_militares,0.3167438507080078,outputs/experiments/beto-u1/beto-lr2e5,4fea08ebf3da420a8ef1b04b151822b32c7f4869408335ab0c5885eb7945ef1f,74f80917f6b245d718c201d58e0d3599f2e4b3e0,a8104e4bc83cbe543b4f574ae8ffe34759cd18780901f6d60076f1c7795b512f
artifacts/datasets/gold-v1-source-aware.json,dcd8d90081973b7b9a05ee6ef41623756a06232727f3718268945d71a207310a,34,train,9f60a031-0183-478c-a1f8-a3bdd37d7b0b,organizacion_consecuencias_republicanas,organizacion_consecuencias_republicanas,0.3464183509349823,outputs/experiments/beto-u1/beto-lr2e5,4fea08ebf3da420a8ef1b04b151822b32c7f4869408335ab0c5885eb7945ef1f,74f80917f6b245d718c201d58e0d3599f2e4b3e0,768e1905f27109634c9de8a1db4796948563f2be55958c601445d28701c755d4
artifacts/datasets/gold-v1-source-aware.json,dcd8d90081973b7b9a05ee6ef41623756a06232727f3718268945d71a207310a,35,train,9f60a031-0183-478c-a1f8-a3bdd37d7b0b,organizacion_consecuencias_republicanas,organizacion_consecuencias_republicanas,0.3611571192741394,outputs/experiments/beto-u1/beto-lr2e5,4fea08ebf3da420a8ef1b04b151822b32c7f4869408335ab0c5885eb7945ef1f,74f80917f6b245d718c201d58e0d3599f2e4b3e0,d737a3b263283a47f347ea451b7772c32bf61562a2abd588679be834e153a810
artifacts/datasets/gold-v1-source-aware.json,dcd8d90081973b7b9a05ee6ef41623756a06232727f3718268945d71a207310a,36,train,9f60a031-0183-478c-a1f8-a3bdd37d7b0b,participacion_social_regional,campanias_conflictos_militares,0.3767051696777344,outputs/experiments/beto-u1/beto-lr2e5,4fea08ebf3da420a8ef1b04b151822b32c7f4869408335ab0c5885eb7945ef1f,74f80917f6b245d718c201d58e0d3599f2e4b3e0,30a75e109acbb133ac7ad0205f7ab7217a9eaaf72045e9ae8e057cbf8bd52999
artifacts/datasets/gold-v1-source-aware.json,dcd8d90081973b7b9a05ee6ef41623756a06232727f3718268945d71a207310a,37,train,9f60a031-0183-478c-a1f8-a3bdd37d7b0b,participacion_social_regional,participacion_social_regional,0.3978808522224426,outputs/experiments/beto-u1/beto-lr2e5,4fea08ebf3da420a8ef1b04b151822b32c7f4869408335ab0c5885eb7945ef1f,74f80917f6b245d718c201d58e0d3599f2e4b3e0,b03b8e51a17609ed1e6c78aa247d06830f92d54a79fefff46127e499e7592243
artifacts/datasets/gold-v1-source-aware.json,dcd8d90081973b7b9a05ee6ef41623756a06232727f3718268945d71a207310a,38,train,9f60a031-0183-478c-a1f8-a3bdd37d7b0b,participacion_social_regional,contexto_colonial_antecedentes,0.28625452518463135,outputs/experiments/beto-u1/beto-lr2e5,4fea08ebf3da420a8ef1b04b151822b32c7f4869408335ab0c5885eb7945ef1f,74f80917f6b245d718c201d58e0d3599f2e4b3e0,77b53092737385266507792d1bd1270959a3afd566aff55ae39afec55bc6b8eb
artifacts/datasets/gold-v1-source-aware.json,dcd8d90081973b7b9a05ee6ef41623756a06232727f3718268945d71a207310a,39,train,e32181bc-41d0-4400-a76d-eb11fc88bf71,participacion_social_regional,participacion_social_regional,0.5067616105079651,outputs/experiments/beto-u1/beto-lr2e5,4fea08ebf3da420a8ef1b04b151822b32c7f4869408335ab0c5885eb7945ef1f,74f80917f6b245d718c201d58e0d3599f2e4b3e0,54caa5326145b3d826498e9027eba912c1155628faf3174be1f7fb24796b1477
artifacts/datasets/gold-v1-source-aware.json,dcd8d90081973b7b9a05ee6ef41623756a06232727f3718268945d71a207310a,40,train,9f60a031-0183-478c-a1f8-a3bdd37d7b0b,participacion_social_regional,contexto_colonial_antecedentes,0.25926730036735535,outputs/experiments/beto-u1/beto-lr2e5,4fea08ebf3da420a8ef1b04b151822b32c7f4869408335ab0c5885eb7945ef1f,74f80917f6b245d718c201d58e0d3599f2e4b3e0,026150aff9a785068c6bd73063791663618d8c6eb7a763adfb389ef1b3cc28fa
artifacts/datasets/gold-v1-source-aware.json,dcd8d90081973b7b9a05ee6ef41623756a06232727f3718268945d71a207310a,41,train,9f60a031-0183-478c-a1f8-a3bdd37d7b0b,participacion_social_regional,participacion_social_regional,0.3191630244255066,outputs/experiments/beto-u1/beto-lr2e5,4fea08ebf3da420a8ef1b04b151822b32c7f4869408335ab0c5885eb7945ef1f,74f80917f6b245d718c201d58e0d3599f2e4b3e0,f0221ed4dd04da1d860aec080fca47928b7ed7f4e9245cd1a21ce109bef97754
artifacts/datasets/gold-v1-source-aware.json,dcd8d90081973b7b9a05ee6ef41623756a06232727f3718268945d71a207310a,42,train,9f60a031-0183-478c-a1f8-a3bdd37d7b0b,liderazgos_diplomacia_proyectos,organizacion_consecuencias_republicanas,0.2357749342918396,outputs/experiments/beto-u1/beto-lr2e5,4fea08ebf3da420a8ef1b04b151822b32c7f4869408335ab0c5885eb7945ef1f,74f80917f6b245d718c201d58e0d3599f2e4b3e0,75ecffa88e63cd8f489ace8cf68d9078f73d58a922c48950133938c68fbf827d
artifacts/datasets/gold-v1-source-aware.json,dcd8d90081973b7b9a05ee6ef41623756a06232727f3718268945d71a207310a,43,train,9f60a031-0183-478c-a1f8-a3bdd37d7b0b,liderazgos_diplomacia_proyectos,participacion_social_regional,0.25787004828453064,outputs/experiments/beto-u1/beto-lr2e5,4fea08ebf3da420a8ef1b04b151822b32c7f4869408335ab0c5885eb7945ef1f,74f80917f6b245d718c201d58e0d3599f2e4b3e0,827eb5ffa5a94f76832121296267042982a999d355781b88e353f209c6ec984d
artifacts/datasets/gold-v1-source-aware.json,dcd8d90081973b7b9a05ee6ef41623756a06232727f3718268945d71a207310a,44,train,9f60a031-0183-478c-a1f8-a3bdd37d7b0b,liderazgos_diplomacia_proyectos,liderazgos_diplomacia_proyectos,0.2647095322608948,outputs/experiments/beto-u1/beto-lr2e5,4fea08ebf3da420a8ef1b04b151822b32c7f4869408335ab0c5885eb7945ef1f,74f80917f6b245d718c201d58e0d3599f2e4b3e0,0f21395e35997ebf52cc2a83776632df3417bdeccc8087e223418b2757ef5c2e
artifacts/datasets/gold-v1-source-aware.json,dcd8d90081973b7b9a05ee6ef41623756a06232727f3718268945d71a207310a,45,train,9f60a031-0183-478c-a1f8-a3bdd37d7b0b,no_relevante,no_relevante,0.8817224502563477,outputs/experiments/beto-u1/beto-lr2e5,4fea08ebf3da420a8ef1b04b151822b32c7f4869408335ab0c5885eb7945ef1f,74f80917f6b245d718c201d58e0d3599f2e4b3e0,7b9058d4e212b47d1e648e06398d133c6be3dbb4074d1313d6b8440921d55126
artifacts/datasets/gold-v1-source-aware.json,dcd8d90081973b7b9a05ee6ef41623756a06232727f3718268945d71a207310a,46,train,9f60a031-0183-478c-a1f8-a3bdd37d7b0b,no_relevante,no_relevante,0.8638674020767212,outputs/experiments/beto-u1/beto-lr2e5,4fea08ebf3da420a8ef1b04b151822b32c7f4869408335ab0c5885eb7945ef1f,74f80917f6b245d718c201d58e0d3599f2e4b3e0,ae610f63d12ccac137d5e7d35ca7531705a6a2925fd24e40c453a9b7b4d174db
artifacts/datasets/gold-v1-source-aware.json,dcd8d90081973b7b9a05ee6ef41623756a06232727f3718268945d71a207310a,47,train,e32181bc-41d0-4400-a76d-eb11fc88bf71,participacion_social_regional,participacion_social_regional,0.42224928736686707,outputs/experiments/beto-u1/beto-lr2e5,4fea08ebf3da420a8ef1b04b151822b32c7f4869408335ab0c5885eb7945ef1f,74f80917f6b245d718c201d58e0d3599f2e4b3e0,9aec8764504cd02ae37c9d2af856ef18dbfa3fc1b1ec86ddff5d0f4bbd4b0ca2
artifacts/datasets/gold-v1-source-aware.json,dcd8d90081973b7b9a05ee6ef41623756a06232727f3718268945d71a207310a,48,train,e32181bc-41d0-4400-a76d-eb11fc88bf71,participacion_social_regional,participacion_social_regional,0.5442854166030884,outputs/experiments/beto-u1/beto-lr2e5,4fea08ebf3da420a8ef1b04b151822b32c7f4869408335ab0c5885eb7945ef1f,74f80917f6b245d718c201d58e0d3599f2e4b3e0,565ea50495b22972f7560803542e0ba34d0e52e80f6defdbd73fd38c384037c9
artifacts/datasets/gold-v1-source-aware.json,dcd8d90081973b7b9a05ee6ef41623756a06232727f3718268945d71a207310a,49,train,e32181bc-41d0-4400-a76d-eb11fc88bf71,participacion_social_regional,participacion_social_regional,0.5051246285438538,outputs/experiments/beto-u1/beto-lr2e5,4fea08ebf3da420a8ef1b04b151822b32c7f4869408335ab0c5885eb7945ef1f,74f80917f6b245d718c201d58e0d3599f2e4b3e0,be0558f814bc381342358b94c31430b72e81b9dd4115ea0434100f60e7901d8b
artifacts/datasets/gold-v1-source-aware.json,dcd8d90081973b7b9a05ee6ef41623756a06232727f3718268945d71a207310a,50,train,e32181bc-41d0-4400-a76d-eb11fc88bf71,participacion_social_regional,participacion_social_regional,0.565869927406311,outputs/experiments/beto-u1/beto-lr2e5,4fea08ebf3da420a8ef1b04b151822b32c7f4869408335ab0c5885eb7945ef1f,74f80917f6b245d718c201d58e0d3599f2e4b3e0,0f86cdc2ebbdb767691e0b38756723de043faf3194b5feb6bcd8686291092bd0
artifacts/datasets/gold-v1-source-aware.json,dcd8d90081973b7b9a05ee6ef41623756a06232727f3718268945d71a207310a,51,train,e32181bc-41d0-4400-a76d-eb11fc88bf71,participacion_social_regional,participacion_social_regional,0.5534316301345825,outputs/experiments/beto-u1/beto-lr2e5,4fea08ebf3da420a8ef1b04b151822b32c7f4869408335ab0c5885eb7945ef1f,74f80917f6b245d718c201d58e0d3599f2e4b3e0,1d38f669c6ee6d8e98c45f662b7e0d269be21dd8537956bbba466991d26b047b
artifacts/datasets/gold-v1-source-aware.json,dcd8d90081973b7b9a05ee6ef41623756a06232727f3718268945d71a207310a,52,train,e32181bc-41d0-4400-a76d-eb11fc88bf71,participacion_social_regional,participacion_social_regional,0.4759937822818756,outputs/experiments/beto-u1/beto-lr2e5,4fea08ebf3da420a8ef1b04b151822b32c7f4869408335ab0c5885eb7945ef1f,74f80917f6b245d718c201d58e0d3599f2e4b3e0,b5f118f22f7ee2f4f1b01597377633b0d4e617b77af67918dac5f2251f695f6a
artifacts/datasets/gold-v1-source-aware.json,dcd8d90081973b7b9a05ee6ef41623756a06232727f3718268945d71a207310a,53,train,e32181bc-41d0-4400-a76d-eb11fc88bf71,participacion_social_regional,participacion_social_regional,0.5142514705657959,outputs/experiments/beto-u1/beto-lr2e5,4fea08ebf3da420a8ef1b04b151822b32c7f4869408335ab0c5885eb7945ef1f,74f80917f6b245d718c201d58e0d3599f2e4b3e0,5034703030995d1d45c9f61e0fcf20e5e2214f2d5782c3938f1a4870e87c63e9
artifacts/datasets/gold-v1-source-aware.json,dcd8d90081973b7b9a05ee6ef41623756a06232727f3718268945d71a207310a,54,train,e32181bc-41d0-4400-a76d-eb11fc88bf71,participacion_social_regional,participacion_social_regional,0.5278331637382507,outputs/experiments/beto-u1/beto-lr2e5,4fea08ebf3da420a8ef1b04b151822b32c7f4869408335ab0c5885eb7945ef1f,74f80917f6b245d718c201d58e0d3599f2e4b3e0,ae46a13846889b267236abd2bdf47ec90a7b340d9e14e9da73e5ad4e5068860a
artifacts/datasets/gold-v1-source-aware.json,dcd8d90081973b7b9a05ee6ef41623756a06232727f3718268945d71a207310a,55,train,e32181bc-41d0-4400-a76d-eb11fc88bf71,participacion_social_regional,participacion_social_regional,0.5995796322822571,outputs/experiments/beto-u1/beto-lr2e5,4fea08ebf3da420a8ef1b04b151822b32c7f4869408335ab0c5885eb7945ef1f,74f80917f6b245d718c201d58e0d3599f2e4b3e0,88571ef1f26a112fd43523b5b76d9283a6146735f5aa737be6fde8e065a2633c
artifacts/datasets/gold-v1-source-aware.json,dcd8d90081973b7b9a05ee6ef41623756a06232727f3718268945d71a207310a,56,train,e32181bc-41d0-4400-a76d-eb11fc88bf71,participacion_social_regional,participacion_social_regional,0.5517016053199768,outputs/experiments/beto-u1/beto-lr2e5,4fea08ebf3da420a8ef1b04b151822b32c7f4869408335ab0c5885eb7945ef1f,74f80917f6b245d718c201d58e0d3599f2e4b3e0,f5f3a0b2460929f3fcfa75362c68cb37f7b7fa15471186590522cd03d9ee9687
artifacts/datasets/gold-v1-source-aware.json,dcd8d90081973b7b9a05ee6ef41623756a06232727f3718268945d71a207310a,57,train,e32181bc-41d0-4400-a76d-eb11fc88bf71,participacion_social_regional,no_relevante,0.5315231084823608,outputs/experiments/beto-u1/beto-lr2e5,4fea08ebf3da420a8ef1b04b151822b32c7f4869408335ab0c5885eb7945ef1f,74f80917f6b245d718c201d58e0d3599f2e4b3e0,96accf276a3574d3016e60b4666fc0a9552b21f37ee485fe3441f9591c1071fb
artifacts/datasets/gold-v1-source-aware.json,dcd8d90081973b7b9a05ee6ef41623756a06232727f3718268945d71a207310a,58,train,e32181bc-41d0-4400-a76d-eb11fc88bf71,participacion_social_regional,participacion_social_regional,0.38625943660736084,outputs/experiments/beto-u1/beto-lr2e5,4fea08ebf3da420a8ef1b04b151822b32c7f4869408335ab0c5885eb7945ef1f,74f80917f6b245d718c201d58e0d3599f2e4b3e0,9d20b43e8ce0bd92848a342be04c24dce6439e307fb7078bd5f6bcc1aa1e5fa4
artifacts/datasets/gold-v1-source-aware.json,dcd8d90081973b7b9a05ee6ef41623756a06232727f3718268945d71a207310a,59,train,e32181bc-41d0-4400-a76d-eb11fc88bf71,participacion_social_regional,participacion_social_regional,0.3965533971786499,outputs/experiments/beto-u1/beto-lr2e5,4fea08ebf3da420a8ef1b04b151822b32c7f4869408335ab0c5885eb7945ef1f,74f80917f6b245d718c201d58e0d3599f2e4b3e0,d724cb308dfe1c3cf68afe042ea2e4a274a3bc5ecfb2e4bfc675623f5f2941c6
artifacts/datasets/gold-v1-source-aware.json,dcd8d90081973b7b9a05ee6ef41623756a06232727f3718268945d71a207310a,60,train,e32181bc-41d0-4400-a76d-eb11fc88bf71,participacion_social_regional,participacion_social_regional,0.5868076086044312,outputs/experiments/beto-u1/beto-lr2e5,4fea08ebf3da420a8ef1b04b151822b32c7f4869408335ab0c5885eb7945ef1f,74f80917f6b245d718c201d58e0d3599f2e4b3e0,4e5326a60531c5b4e2c06e95be36196414cb1815a4dda5899ff927d11f5b38dc
artifacts/datasets/gold-v1-source-aware.json,dcd8d90081973b7b9a05ee6ef41623756a06232727f3718268945d71a207310a,61,train,e32181bc-41d0-4400-a76d-eb11fc88bf71,participacion_social_regional,campanias_conflictos_militares,0.4440760016441345,outputs/experiments/beto-u1/beto-lr2e5,4fea08ebf3da420a8ef1b04b151822b32c7f4869408335ab0c5885eb7945ef1f,74f80917f6b245d718c201d58e0d3599f2e4b3e0,bd6935f88318a51035b15179451ae3fd49210eeb1e6f8b918bbf3a1150fcb374
artifacts/datasets/gold-v1-source-aware.json,dcd8d90081973b7b9a05ee6ef41623756a06232727f3718268945d71a207310a,62,train,e32181bc-41d0-4400-a76d-eb11fc88bf71,participacion_social_regional,participacion_social_regional,0.5507663488388062,outputs/experiments/beto-u1/beto-lr2e5,4fea08ebf3da420a8ef1b04b151822b32c7f4869408335ab0c5885eb7945ef1f,74f80917f6b245d718c201d58e0d3599f2e4b3e0,287f18de8390dbe3d9d8deaed740c668341d1e6ea70bda95eb3a5fe4366bd139
artifacts/datasets/gold-v1-source-aware.json,dcd8d90081973b7b9a05ee6ef41623756a06232727f3718268945d71a207310a,63,train,e32181bc-41d0-4400-a76d-eb11fc88bf71,participacion_social_regional,participacion_social_regional,0.5626649260520935,outputs/experiments/beto-u1/beto-lr2e5,4fea08ebf3da420a8ef1b04b151822b32c7f4869408335ab0c5885eb7945ef1f,74f80917f6b245d718c201d58e0d3599f2e4b3e0,3058dc3bf90d83e79b13ed8da4784f2e713b3f6c8763b855706d850f2f62528e
artifacts/datasets/gold-v1-source-aware.json,dcd8d90081973b7b9a05ee6ef41623756a06232727f3718268945d71a207310a,64,train,e32181bc-41d0-4400-a76d-eb11fc88bf71,participacion_social_regional,participacion_social_regional,0.4730488359928131,outputs/experiments/beto-u1/beto-lr2e5,4fea08ebf3da420a8ef1b04b151822b32c7f4869408335ab0c5885eb7945ef1f,74f80917f6b245d718c201d58e0d3599f2e4b3e0,9790ce27fe1ce6cb751f28dcd41ba6787ef023f4e0812e2f701bb2dc042180ea
artifacts/datasets/gold-v1-source-aware.json,dcd8d90081973b7b9a05ee6ef41623756a06232727f3718268945d71a207310a,65,train,e32181bc-41d0-4400-a76d-eb11fc88bf71,participacion_social_regional,participacion_social_regional,0.552376389503479,outputs/experiments/beto-u1/beto-lr2e5,4fea08ebf3da420a8ef1b04b151822b32c7f4869408335ab0c5885eb7945ef1f,74f80917f6b245d718c201d58e0d3599f2e4b3e0,989de0bfad996b37d78af68b8bf9943323bb1ee1896005774b7e7957f7fa55d2
artifacts/datasets/gold-v1-source-aware.json,dcd8d90081973b7b9a05ee6ef41623756a06232727f3718268945d71a207310a,66,train,e32181bc-41d0-4400-a76d-eb11fc88bf71,participacion_social_regional,participacion_social_regional,0.5506377816200256,outputs/experiments/beto-u1/beto-lr2e5,4fea08ebf3da420a8ef1b04b151822b32c7f4869408335ab0c5885eb7945ef1f,74f80917f6b245d718c201d58e0d3599f2e4b3e0,1b757c6059ce077176973bc975b2b1a682a4c2a43fab8258b40b19d7cf0a51ee
artifacts/datasets/gold-v1-source-aware.json,dcd8d90081973b7b9a05ee6ef41623756a06232727f3718268945d71a207310a,67,train,e32181bc-41d0-4400-a76d-eb11fc88bf71,participacion_social_regional,participacion_social_regional,0.3524860143661499,outputs/experiments/beto-u1/beto-lr2e5,4fea08ebf3da420a8ef1b04b151822b32c7f4869408335ab0c5885eb7945ef1f,74f80917f6b245d718c201d58e0d3599f2e4b3e0,1460d09a283efc5e272cdec8c99cbdbb167cfd3f5477ece73669a2bdd3ad165e
artifacts/datasets/gold-v1-source-aware.json,dcd8d90081973b7b9a05ee6ef41623756a06232727f3718268945d71a207310a,68,train,e32181bc-41d0-4400-a76d-eb11fc88bf71,participacion_social_regional,campanias_conflictos_militares,0.35399407148361206,outputs/experiments/beto-u1/beto-lr2e5,4fea08ebf3da420a8ef1b04b151822b32c7f4869408335ab0c5885eb7945ef1f,74f80917f6b245d718c201d58e0d3599f2e4b3e0,cc14bbb6936655a0489fa8b4aed38010ff849f620152462493d81f82c324de46
artifacts/datasets/gold-v1-source-aware.json,dcd8d90081973b7b9a05ee6ef41623756a06232727f3718268945d71a207310a,69,train,e32181bc-41d0-4400-a76d-eb11fc88bf71,campanias_conflictos_militares,campanias_conflictos_militares,0.671586275100708,outputs/experiments/beto-u1/beto-lr2e5,4fea08ebf3da420a8ef1b04b151822b32c7f4869408335ab0c5885eb7945ef1f,74f80917f6b245d718c201d58e0d3599f2e4b3e0,3ffada028994ddc06c1bf871d7ae67140739a95f173b5ae4d76e62ce8092ebc9
artifacts/datasets/gold-v1-source-aware.json,dcd8d90081973b7b9a05ee6ef41623756a06232727f3718268945d71a207310a,70,train,e32181bc-41d0-4400-a76d-eb11fc88bf71,liderazgos_diplomacia_proyectos,liderazgos_diplomacia_proyectos,0.4130232632160187,outputs/experiments/beto-u1/beto-lr2e5,4fea08ebf3da420a8ef1b04b151822b32c7f4869408335ab0c5885eb7945ef1f,74f80917f6b245d718c201d58e0d3599f2e4b3e0,6f4f47a2a5dd436e1fd3c003bfda43e72399f7316d732694c4244a4b7426f6fb
artifacts/datasets/gold-v1-source-aware.json,dcd8d90081973b7b9a05ee6ef41623756a06232727f3718268945d71a207310a,71,train,e32181bc-41d0-4400-a76d-eb11fc88bf71,no_relevante,participacion_social_regional,0.2728700637817383,outputs/experiments/beto-u1/beto-lr2e5,4fea08ebf3da420a8ef1b04b151822b32c7f4869408335ab0c5885eb7945ef1f,74f80917f6b245d718c201d58e0d3599f2e4b3e0,9261c16a98d1a00795a9a3bd47a13fa0089920853026bf30320d49f20550d58c
artifacts/datasets/gold-v1-source-aware.json,dcd8d90081973b7b9a05ee6ef41623756a06232727f3718268945d71a207310a,72,train,9fecbe5a-9fb2-4002-a088-8a2810db938e,contexto_colonial_antecedentes,contexto_colonial_antecedentes,0.39623287320137024,outputs/experiments/beto-u1/beto-lr2e5,4fea08ebf3da420a8ef1b04b151822b32c7f4869408335ab0c5885eb7945ef1f,74f80917f6b245d718c201d58e0d3599f2e4b3e0,eb50c4ba21f8e8e1a19fdad8ac33341ff1e24617a61ca26cf75711828e2f1b78
artifacts/datasets/gold-v1-source-aware.json,dcd8d90081973b7b9a05ee6ef41623756a06232727f3718268945d71a207310a,73,train,9fecbe5a-9fb2-4002-a088-8a2810db938e,contexto_colonial_antecedentes,participacion_social_regional,0.4007328450679779,outputs/experiments/beto-u1/beto-lr2e5,4fea08ebf3da420a8ef1b04b151822b32c7f4869408335ab0c5885eb7945ef1f,74f80917f6b245d718c201d58e0d3599f2e4b3e0,ea1a2216621c78e091558da96df365bad11f7dd1e27d0b71e38aa72fc449f49a
artifacts/datasets/gold-v1-source-aware.json,dcd8d90081973b7b9a05ee6ef41623756a06232727f3718268945d71a207310a,74,train,9fecbe5a-9fb2-4002-a088-8a2810db938e,contexto_colonial_antecedentes,contexto_colonial_antecedentes,0.3842954933643341,outputs/experiments/beto-u1/beto-lr2e5,4fea08ebf3da420a8ef1b04b151822b32c7f4869408335ab0c5885eb7945ef1f,74f80917f6b245d718c201d58e0d3599f2e4b3e0,01a2165f8869b4edd72b0659d0884325273358b7258720a8adc928db805e2aba
artifacts/datasets/gold-v1-source-aware.json,dcd8d90081973b7b9a05ee6ef41623756a06232727f3718268945d71a207310a,75,train,9fecbe5a-9fb2-4002-a088-8a2810db938e,contexto_colonial_antecedentes,contexto_colonial_antecedentes,0.3870362341403961,outputs/experiments/beto-u1/beto-lr2e5,4fea08ebf3da420a8ef1b04b151822b32c7f4869408335ab0c5885eb7945ef1f,74f80917f6b245d718c201d58e0d3599f2e4b3e0,a7e7913e063ae6e7cea50a8fae5ca6a5921e94f4f24823f8b5f6a1ffacdca183
artifacts/datasets/gold-v1-source-aware.json,dcd8d90081973b7b9a05ee6ef41623756a06232727f3718268945d71a207310a,76,train,9fecbe5a-9fb2-4002-a088-8a2810db938e,contexto_colonial_antecedentes,contexto_colonial_antecedentes,0.40466782450675964,outputs/experiments/beto-u1/beto-lr2e5,4fea08ebf3da420a8ef1b04b151822b32c7f4869408335ab0c5885eb7945ef1f,74f80917f6b245d718c201d58e0d3599f2e4b3e0,8c89f57ee2a65f8ec178884f503075588043c5c93829dbfcf62e5179cdb13f1a
artifacts/datasets/gold-v1-source-aware.json,dcd8d90081973b7b9a05ee6ef41623756a06232727f3718268945d71a207310a,77,train,9fecbe5a-9fb2-4002-a088-8a2810db938e,contexto_colonial_antecedentes,contexto_colonial_antecedentes,0.30343493819236755,outputs/experiments/beto-u1/beto-lr2e5,4fea08ebf3da420a8ef1b04b151822b32c7f4869408335ab0c5885eb7945ef1f,74f80917f6b245d718c201d58e0d3599f2e4b3e0,8b02cbba5306e1cf03bc36ff338c4103717c9227237142931f2ecdb16ec61c04
artifacts/datasets/gold-v1-source-aware.json,dcd8d90081973b7b9a05ee6ef41623756a06232727f3718268945d71a207310a,78,train,9fecbe5a-9fb2-4002-a088-8a2810db938e,participacion_social_regional,participacion_social_regional,0.3677094280719757,outputs/experiments/beto-u1/beto-lr2e5,4fea08ebf3da420a8ef1b04b151822b32c7f4869408335ab0c5885eb7945ef1f,74f80917f6b245d718c201d58e0d3599f2e4b3e0,f91ba3a398d09f1fcd6fb2c071e856052c144a528c4adba076857fe54f95ac51
artifacts/datasets/gold-v1-source-aware.json,dcd8d90081973b7b9a05ee6ef41623756a06232727f3718268945d71a207310a,79,train,9fecbe5a-9fb2-4002-a088-8a2810db938e,contexto_colonial_antecedentes,participacion_social_regional,0.2746838927268982,outputs/experiments/beto-u1/beto-lr2e5,4fea08ebf3da420a8ef1b04b151822b32c7f4869408335ab0c5885eb7945ef1f,74f80917f6b245d718c201d58e0d3599f2e4b3e0,be315e15e6b535a6ad8f4f087f6846573a61328e167b2ce33878c47d46f13172
artifacts/datasets/gold-v1-source-aware.json,dcd8d90081973b7b9a05ee6ef41623756a06232727f3718268945d71a207310a,80,train,9fecbe5a-9fb2-4002-a088-8a2810db938e,contexto_colonial_antecedentes,contexto_colonial_antecedentes,0.217839777469635,outputs/experiments/beto-u1/beto-lr2e5,4fea08ebf3da420a8ef1b04b151822b32c7f4869408335ab0c5885eb7945ef1f,74f80917f6b245d718c201d58e0d3599f2e4b3e0,164676447a406437430fdbca5ac7001799c9b6f153de4d0457d9709df9595876
artifacts/datasets/gold-v1-source-aware.json,dcd8d90081973b7b9a05ee6ef41623756a06232727f3718268945d71a207310a,81,train,9fecbe5a-9fb2-4002-a088-8a2810db938e,contexto_colonial_antecedentes,contexto_colonial_antecedentes,0.3557140529155731,outputs/experiments/beto-u1/beto-lr2e5,4fea08ebf3da420a8ef1b04b151822b32c7f4869408335ab0c5885eb7945ef1f,74f80917f6b245d718c201d58e0d3599f2e4b3e0,707b9347b6afc18067eb43ee8e70d439bd63031f150594888e7be9c4892f5b0b
artifacts/datasets/gold-v1-source-aware.json,dcd8d90081973b7b9a05ee6ef41623756a06232727f3718268945d71a207310a,82,train,9fecbe5a-9fb2-4002-a088-8a2810db938e,crisis_ideas_emancipadoras,participacion_social_regional,0.43572133779525757,outputs/experiments/beto-u1/beto-lr2e5,4fea08ebf3da420a8ef1b04b151822b32c7f4869408335ab0c5885eb7945ef1f,74f80917f6b245d718c201d58e0d3599f2e4b3e0,de68133fa9729fad17f9ec670f33bbb74da00bd659b75c8187970a8e8e6fc19e
artifacts/datasets/gold-v1-source-aware.json,dcd8d90081973b7b9a05ee6ef41623756a06232727f3718268945d71a207310a,83,train,9fecbe5a-9fb2-4002-a088-8a2810db938e,crisis_ideas_emancipadoras,participacion_social_regional,0.4214622676372528,outputs/experiments/beto-u1/beto-lr2e5,4fea08ebf3da420a8ef1b04b151822b32c7f4869408335ab0c5885eb7945ef1f,74f80917f6b245d718c201d58e0d3599f2e4b3e0,afd796a27cf2ee212f50e3d0f2e3d7fc7ce5367fce966f9a07bd82fd585fb937
artifacts/datasets/gold-v1-source-aware.json,dcd8d90081973b7b9a05ee6ef41623756a06232727f3718268945d71a207310a,84,train,9fecbe5a-9fb2-4002-a088-8a2810db938e,participacion_social_regional,participacion_social_regional,0.589919924736023,outputs/experiments/beto-u1/beto-lr2e5,4fea08ebf3da420a8ef1b04b151822b32c7f4869408335ab0c5885eb7945ef1f,74f80917f6b245d718c201d58e0d3599f2e4b3e0,9e722e7ab819d9b9314ad6880f11044c7cfa61341b05b3f389fe09be8ee288e2
artifacts/datasets/gold-v1-source-aware.json,dcd8d90081973b7b9a05ee6ef41623756a06232727f3718268945d71a207310a,85,train,e32181bc-41d0-4400-a76d-eb11fc88bf71,campanias_conflictos_militares,participacion_social_regional,0.389986127614975,outputs/experiments/beto-u1/beto-lr2e5,4fea08ebf3da420a8ef1b04b151822b32c7f4869408335ab0c5885eb7945ef1f,74f80917f6b245d718c201d58e0d3599f2e4b3e0,5d0943b5975ed51897cc64346a5aae34f224c87859df21f01a162744ed82455c
artifacts/datasets/gold-v1-source-aware.json,dcd8d90081973b7b9a05ee6ef41623756a06232727f3718268945d71a207310a,86,train,9fecbe5a-9fb2-4002-a088-8a2810db938e,participacion_social_regional,participacion_social_regional,0.4507974684238434,outputs/experiments/beto-u1/beto-lr2e5,4fea08ebf3da420a8ef1b04b151822b32c7f4869408335ab0c5885eb7945ef1f,74f80917f6b245d718c201d58e0d3599f2e4b3e0,c10a3a8186d57e3ca20476daf8277b7b63a2945d22fd533f91d838370e38e959
artifacts/datasets/gold-v1-source-aware.json,dcd8d90081973b7b9a05ee6ef41623756a06232727f3718268945d71a207310a,87,train,9fecbe5a-9fb2-4002-a088-8a2810db938e,participacion_social_regional,campanias_conflictos_militares,0.42561769485473633,outputs/experiments/beto-u1/beto-lr2e5,4fea08ebf3da420a8ef1b04b151822b32c7f4869408335ab0c5885eb7945ef1f,74f80917f6b245d718c201d58e0d3599f2e4b3e0,50c8be3c4f432896ae900ef5b2ce2cab1157f7df241c4b60316aba1b439b5e71
artifacts/datasets/gold-v1-source-aware.json,dcd8d90081973b7b9a05ee6ef41623756a06232727f3718268945d71a207310a,88,train,9fecbe5a-9fb2-4002-a088-8a2810db938e,participacion_social_regional,participacion_social_regional,0.39684125781059265,outputs/experiments/beto-u1/beto-lr2e5,4fea08ebf3da420a8ef1b04b151822b32c7f4869408335ab0c5885eb7945ef1f,74f80917f6b245d718c201d58e0d3599f2e4b3e0,bb1f5616f14fa749775f92dea73e898760661b2c8061e824ecb82a0fa2b7adb5
artifacts/datasets/gold-v1-source-aware.json,dcd8d90081973b7b9a05ee6ef41623756a06232727f3718268945d71a207310a,89,train,9fecbe5a-9fb2-4002-a088-8a2810db938e,participacion_social_regional,participacion_social_regional,0.5273709297180176,outputs/experiments/beto-u1/beto-lr2e5,4fea08ebf3da420a8ef1b04b151822b32c7f4869408335ab0c5885eb7945ef1f,74f80917f6b245d718c201d58e0d3599f2e4b3e0,80a244b5446656c1617684587920e519e0e02cffd1d7d643795a8fba3c3341a7
artifacts/datasets/gold-v1-source-aware.json,dcd8d90081973b7b9a05ee6ef41623756a06232727f3718268945d71a207310a,90,train,9fecbe5a-9fb2-4002-a088-8a2810db938e,participacion_social_regional,participacion_social_regional,0.30333179235458374,outputs/experiments/beto-u1/beto-lr2e5,4fea08ebf3da420a8ef1b04b151822b32c7f4869408335ab0c5885eb7945ef1f,74f80917f6b245d718c201d58e0d3599f2e4b3e0,f207182a65f50d559e5b5cd682a4cefe6ef47cbc7ed884dd306f385152b168b5
artifacts/datasets/gold-v1-source-aware.json,dcd8d90081973b7b9a05ee6ef41623756a06232727f3718268945d71a207310a,91,train,9fecbe5a-9fb2-4002-a088-8a2810db938e,participacion_social_regional,participacion_social_regional,0.4121585488319397,outputs/experiments/beto-u1/beto-lr2e5,4fea08ebf3da420a8ef1b04b151822b32c7f4869408335ab0c5885eb7945ef1f,74f80917f6b245d718c201d58e0d3599f2e4b3e0,811b381ea1b42bf55a07c2ab0846face8be9b61c7c117ebdbb0f40745c70bf23
artifacts/datasets/gold-v1-source-aware.json,dcd8d90081973b7b9a05ee6ef41623756a06232727f3718268945d71a207310a,92,train,9fecbe5a-9fb2-4002-a088-8a2810db938e,participacion_social_regional,participacion_social_regional,0.38825392723083496,outputs/experiments/beto-u1/beto-lr2e5,4fea08ebf3da420a8ef1b04b151822b32c7f4869408335ab0c5885eb7945ef1f,74f80917f6b245d718c201d58e0d3599f2e4b3e0,909577467f8baa8ebbf796519221f65f9f4bdb2edc285055f18b0eb7700bd92d
artifacts/datasets/gold-v1-source-aware.json,dcd8d90081973b7b9a05ee6ef41623756a06232727f3718268945d71a207310a,93,train,9fecbe5a-9fb2-4002-a088-8a2810db938e,campanias_conflictos_militares,campanias_conflictos_militares,0.7488076686859131,outputs/experiments/beto-u1/beto-lr2e5,4fea08ebf3da420a8ef1b04b151822b32c7f4869408335ab0c5885eb7945ef1f,74f80917f6b245d718c201d58e0d3599f2e4b3e0,cbb483623126a98ffc2d587424b0804347a7921cd9f84f5e2b030b01ce575b28
artifacts/datasets/gold-v1-source-aware.json,dcd8d90081973b7b9a05ee6ef41623756a06232727f3718268945d71a207310a,94,train,9fecbe5a-9fb2-4002-a088-8a2810db938e,campanias_conflictos_militares,campanias_conflictos_militares,0.5302405953407288,outputs/experiments/beto-u1/beto-lr2e5,4fea08ebf3da420a8ef1b04b151822b32c7f4869408335ab0c5885eb7945ef1f,74f80917f6b245d718c201d58e0d3599f2e4b3e0,7a9762b1e0421b397b46a51f5a439a2418143bf266543ce3879df7ad25ffced0
artifacts/datasets/gold-v1-source-aware.json,dcd8d90081973b7b9a05ee6ef41623756a06232727f3718268945d71a207310a,95,train,9fecbe5a-9fb2-4002-a088-8a2810db938e,campanias_conflictos_militares,campanias_conflictos_militares,0.7344879508018494,outputs/experiments/beto-u1/beto-lr2e5,4fea08ebf3da420a8ef1b04b151822b32c7f4869408335ab0c5885eb7945ef1f,74f80917f6b245d718c201d58e0d3599f2e4b3e0,b25b350344d27c68b5d1abd66d8c19ca23decbd01cb067526b1a4992138570b3
artifacts/datasets/gold-v1-source-aware.json,dcd8d90081973b7b9a05ee6ef41623756a06232727f3718268945d71a207310a,96,train,9fecbe5a-9fb2-4002-a088-8a2810db938e,campanias_conflictos_militares,campanias_conflictos_militares,0.7343600988388062,outputs/experiments/beto-u1/beto-lr2e5,4fea08ebf3da420a8ef1b04b151822b32c7f4869408335ab0c5885eb7945ef1f,74f80917f6b245d718c201d58e0d3599f2e4b3e0,68b1f76aae53c53ef1f7b3449b99963f4c6f9e16551ca287609cf773c37f0364
artifacts/datasets/gold-v1-source-aware.json,dcd8d90081973b7b9a05ee6ef41623756a06232727f3718268945d71a207310a,97,train,9fecbe5a-9fb2-4002-a088-8a2810db938e,no_relevante,no_relevante,0.8073605895042419,outputs/experiments/beto-u1/beto-lr2e5,4fea08ebf3da420a8ef1b04b151822b32c7f4869408335ab0c5885eb7945ef1f,74f80917f6b245d718c201d58e0d3599f2e4b3e0,e8915bd6288a131fda171dbcf868c758274caa3690712d67c1e3e384120979d6
artifacts/datasets/gold-v1-source-aware.json,dcd8d90081973b7b9a05ee6ef41623756a06232727f3718268945d71a207310a,98,train,9fecbe5a-9fb2-4002-a088-8a2810db938e,no_relevante,participacion_social_regional,0.316006600856781,outputs/experiments/beto-u1/beto-lr2e5,4fea08ebf3da420a8ef1b04b151822b32c7f4869408335ab0c5885eb7945ef1f,74f80917f6b245d718c201d58e0d3599f2e4b3e0,41dbc359d22d70592bbf021d07a917309803832142796b65f74fec1929cc5e7e
artifacts/datasets/gold-v1-source-aware.json,dcd8d90081973b7b9a05ee6ef41623756a06232727f3718268945d71a207310a,99,train,9fecbe5a-9fb2-4002-a088-8a2810db938e,no_relevante,no_relevante,0.8837233781814575,outputs/experiments/beto-u1/beto-lr2e5,4fea08ebf3da420a8ef1b04b151822b32c7f4869408335ab0c5885eb7945ef1f,74f80917f6b245d718c201d58e0d3599f2e4b3e0,362a975452a6f3c12c0c44ee9383d781b17f60570b004548d8f438fcd169e0cc
artifacts/datasets/gold-v1-source-aware.json,dcd8d90081973b7b9a05ee6ef41623756a06232727f3718268945d71a207310a,100,test,15e52806-3d75-4117-937d-7c7eda594579,contexto_colonial_antecedentes,crisis_ideas_emancipadoras,0.30268898606300354,outputs/experiments/beto-u1/beto-lr2e5,4fea08ebf3da420a8ef1b04b151822b32c7f4869408335ab0c5885eb7945ef1f,74f80917f6b245d718c201d58e0d3599f2e4b3e0,b778b743449ea21f19e7e021b8164f3e97fc2d4ffbe718275edfb7c32378a1ba
artifacts/datasets/gold-v1-source-aware.json,dcd8d90081973b7b9a05ee6ef41623756a06232727f3718268945d71a207310a,101,test,15e52806-3d75-4117-937d-7c7eda594579,contexto_colonial_antecedentes,participacion_social_regional,0.3178287148475647,outputs/experiments/beto-u1/beto-lr2e5,4fea08ebf3da420a8ef1b04b151822b32c7f4869408335ab0c5885eb7945ef1f,74f80917f6b245d718c201d58e0d3599f2e4b3e0,5a7177356037bb66fc3bc0059963cfb51220bc7077d6725a2f5020f8572b5fd9
artifacts/datasets/gold-v1-source-aware.json,dcd8d90081973b7b9a05ee6ef41623756a06232727f3718268945d71a207310a,102,test,15e52806-3d75-4117-937d-7c7eda594579,contexto_colonial_antecedentes,crisis_ideas_emancipadoras,0.3787926137447357,outputs/experiments/beto-u1/beto-lr2e5,4fea08ebf3da420a8ef1b04b151822b32c7f4869408335ab0c5885eb7945ef1f,74f80917f6b245d718c201d58e0d3599f2e4b3e0,78a58b540a5097fc0b460d40ba292eba1efb8bcf62b5a8989cbed7b974e245b2
artifacts/datasets/gold-v1-source-aware.json,dcd8d90081973b7b9a05ee6ef41623756a06232727f3718268945d71a207310a,103,test,15e52806-3d75-4117-937d-7c7eda594579,crisis_ideas_emancipadoras,crisis_ideas_emancipadoras,0.3551260828971863,outputs/experiments/beto-u1/beto-lr2e5,4fea08ebf3da420a8ef1b04b151822b32c7f4869408335ab0c5885eb7945ef1f,74f80917f6b245d718c201d58e0d3599f2e4b3e0,e8cd3f2a0ea95384bb07bff332ce9c35e75ffed56ad11816fced5c4a01238aa2
artifacts/datasets/gold-v1-source-aware.json,dcd8d90081973b7b9a05ee6ef41623756a06232727f3718268945d71a207310a,104,test,15e52806-3d75-4117-937d-7c7eda594579,crisis_ideas_emancipadoras,crisis_ideas_emancipadoras,0.24448204040527344,outputs/experiments/beto-u1/beto-lr2e5,4fea08ebf3da420a8ef1b04b151822b32c7f4869408335ab0c5885eb7945ef1f,74f80917f6b245d718c201d58e0d3599f2e4b3e0,053ed388d2335a7c4d10913811b57842a535cd23231e85d69f9db4473d15903c
artifacts/datasets/gold-v1-source-aware.json,dcd8d90081973b7b9a05ee6ef41623756a06232727f3718268945d71a207310a,105,test,15e52806-3d75-4117-937d-7c7eda594579,no_relevante,crisis_ideas_emancipadoras,0.26044851541519165,outputs/experiments/beto-u1/beto-lr2e5,4fea08ebf3da420a8ef1b04b151822b32c7f4869408335ab0c5885eb7945ef1f,74f80917f6b245d718c201d58e0d3599f2e4b3e0,f03cd678ae279a643892730659ac8cc3904be161e6f7bfbb2b73182dfbc555bf
artifacts/datasets/gold-v1-source-aware.json,dcd8d90081973b7b9a05ee6ef41623756a06232727f3718268945d71a207310a,106,test,15e52806-3d75-4117-937d-7c7eda594579,no_relevante,no_relevante,0.5653738379478455,outputs/experiments/beto-u1/beto-lr2e5,4fea08ebf3da420a8ef1b04b151822b32c7f4869408335ab0c5885eb7945ef1f,74f80917f6b245d718c201d58e0d3599f2e4b3e0,e4efeb6f9400a49bf91ed2fa3c0213803095c75e53316c515b0bee4ec9852ed0
artifacts/datasets/gold-v1-source-aware.json,dcd8d90081973b7b9a05ee6ef41623756a06232727f3718268945d71a207310a,107,test,15e52806-3d75-4117-937d-7c7eda594579,no_relevante,crisis_ideas_emancipadoras,0.34553590416908264,outputs/experiments/beto-u1/beto-lr2e5,4fea08ebf3da420a8ef1b04b151822b32c7f4869408335ab0c5885eb7945ef1f,74f80917f6b245d718c201d58e0d3599f2e4b3e0,c646e64f2a3965de0d62fd43f303ab219ba4f49bb2fe2f034e613fec66c97394
artifacts/datasets/gold-v1-source-aware.json,dcd8d90081973b7b9a05ee6ef41623756a06232727f3718268945d71a207310a,108,test,15e52806-3d75-4117-937d-7c7eda594579,no_relevante,crisis_ideas_emancipadoras,0.3868994414806366,outputs/experiments/beto-u1/beto-lr2e5,4fea08ebf3da420a8ef1b04b151822b32c7f4869408335ab0c5885eb7945ef1f,74f80917f6b245d718c201d58e0d3599f2e4b3e0,bf4ce2ea17f46aede89d4fc56f6455d8476a777ae604f75a5cb8e026dea60c2f
artifacts/datasets/gold-v1-source-aware.json,dcd8d90081973b7b9a05ee6ef41623756a06232727f3718268945d71a207310a,109,test,15e52806-3d75-4117-937d-7c7eda594579,contexto_colonial_antecedentes,crisis_ideas_emancipadoras,0.2953072786331177,outputs/experiments/beto-u1/beto-lr2e5,4fea08ebf3da420a8ef1b04b151822b32c7f4869408335ab0c5885eb7945ef1f,74f80917f6b245d718c201d58e0d3599f2e4b3e0,40e544b1590a787971cd2fefddd6884723811d74fabec66ef785d5229780415b
artifacts/datasets/gold-v1-source-aware.json,dcd8d90081973b7b9a05ee6ef41623756a06232727f3718268945d71a207310a,110,test,15e52806-3d75-4117-937d-7c7eda594579,crisis_ideas_emancipadoras,crisis_ideas_emancipadoras,0.28515997529029846,outputs/experiments/beto-u1/beto-lr2e5,4fea08ebf3da420a8ef1b04b151822b32c7f4869408335ab0c5885eb7945ef1f,74f80917f6b245d718c201d58e0d3599f2e4b3e0,8d005a36bbd2daa82be69f8a95b58b7ed4c2b8178e3f74931ef3ac990da133a1
artifacts/datasets/gold-v1-source-aware.json,dcd8d90081973b7b9a05ee6ef41623756a06232727f3718268945d71a207310a,111,test,15e52806-3d75-4117-937d-7c7eda594579,crisis_ideas_emancipadoras,crisis_ideas_emancipadoras,0.3895418345928192,outputs/experiments/beto-u1/beto-lr2e5,4fea08ebf3da420a8ef1b04b151822b32c7f4869408335ab0c5885eb7945ef1f,74f80917f6b245d718c201d58e0d3599f2e4b3e0,229484fd1380feae795bd433b8091f785a1fcbb9b2f72a548e0868cec20e6492
artifacts/datasets/gold-v1-source-aware.json,dcd8d90081973b7b9a05ee6ef41623756a06232727f3718268945d71a207310a,112,test,15e52806-3d75-4117-937d-7c7eda594579,participacion_social_regional,participacion_social_regional,0.30640217661857605,outputs/experiments/beto-u1/beto-lr2e5,4fea08ebf3da420a8ef1b04b151822b32c7f4869408335ab0c5885eb7945ef1f,74f80917f6b245d718c201d58e0d3599f2e4b3e0,809ab6c0ccfa9174df00420ae5b2d68d94f5656fedc05042683c938652c098e2
artifacts/datasets/gold-v1-source-aware.json,dcd8d90081973b7b9a05ee6ef41623756a06232727f3718268945d71a207310a,113,test,15e52806-3d75-4117-937d-7c7eda594579,participacion_social_regional,crisis_ideas_emancipadoras,0.37909287214279175,outputs/experiments/beto-u1/beto-lr2e5,4fea08ebf3da420a8ef1b04b151822b32c7f4869408335ab0c5885eb7945ef1f,74f80917f6b245d718c201d58e0d3599f2e4b3e0,96df15e4b87d7ea83c1c13f376d068acb99be26f3dbd4b92b8962b9f54eeaeed
artifacts/datasets/gold-v1-source-aware.json,dcd8d90081973b7b9a05ee6ef41623756a06232727f3718268945d71a207310a,114,test,15e52806-3d75-4117-937d-7c7eda594579,no_relevante,liderazgos_diplomacia_proyectos,0.2596750855445862,outputs/experiments/beto-u1/beto-lr2e5,4fea08ebf3da420a8ef1b04b151822b32c7f4869408335ab0c5885eb7945ef1f,74f80917f6b245d718c201d58e0d3599f2e4b3e0,ba8ee6219bd93603c65ca1078a8d15cf317efa2aae3cf2f53376ed18b98a7e69
artifacts/datasets/gold-v1-source-aware.json,dcd8d90081973b7b9a05ee6ef41623756a06232727f3718268945d71a207310a,115,test,15e52806-3d75-4117-937d-7c7eda594579,no_relevante,crisis_ideas_emancipadoras,0.34165501594543457,outputs/experiments/beto-u1/beto-lr2e5,4fea08ebf3da420a8ef1b04b151822b32c7f4869408335ab0c5885eb7945ef1f,74f80917f6b245d718c201d58e0d3599f2e4b3e0,c82ecbaf69844f668e27cb525ad2b82b8d7779553adda9d9606144e7ca4be807
artifacts/datasets/gold-v1-source-aware.json,dcd8d90081973b7b9a05ee6ef41623756a06232727f3718268945d71a207310a,116,test,15e52806-3d75-4117-937d-7c7eda594579,no_relevante,no_relevante,0.3035363256931305,outputs/experiments/beto-u1/beto-lr2e5,4fea08ebf3da420a8ef1b04b151822b32c7f4869408335ab0c5885eb7945ef1f,74f80917f6b245d718c201d58e0d3599f2e4b3e0,670a89c95d72dd6318b6e164f73ca334c948fa27267fe8450c24c3c9e44d2a3d
artifacts/datasets/gold-v1-source-aware.json,dcd8d90081973b7b9a05ee6ef41623756a06232727f3718268945d71a207310a,117,test,15e52806-3d75-4117-937d-7c7eda594579,no_relevante,crisis_ideas_emancipadoras,0.2803325355052948,outputs/experiments/beto-u1/beto-lr2e5,4fea08ebf3da420a8ef1b04b151822b32c7f4869408335ab0c5885eb7945ef1f,74f80917f6b245d718c201d58e0d3599f2e4b3e0,252a53d29f30c6be311f8aa63aaf41f1efe35f762578621a0b61385be78791a3
artifacts/datasets/gold-v1-source-aware.json,dcd8d90081973b7b9a05ee6ef41623756a06232727f3718268945d71a207310a,118,train,0ea45102-057d-4bff-b527-f36326f66d33,contexto_colonial_antecedentes,participacion_social_regional,0.3271375894546509,outputs/experiments/beto-u1/beto-lr2e5,4fea08ebf3da420a8ef1b04b151822b32c7f4869408335ab0c5885eb7945ef1f,74f80917f6b245d718c201d58e0d3599f2e4b3e0,32b389d53cedf338bfb887700e1afbd1d5eb3c9f03c7ac0c7a7b20ae58c5c305
artifacts/datasets/gold-v1-source-aware.json,dcd8d90081973b7b9a05ee6ef41623756a06232727f3718268945d71a207310a,119,test,4ca9c84a-627b-4027-8216-fdc07c506727,participacion_social_regional,participacion_social_regional,0.29241663217544556,outputs/experiments/beto-u1/beto-lr2e5,4fea08ebf3da420a8ef1b04b151822b32c7f4869408335ab0c5885eb7945ef1f,74f80917f6b245d718c201d58e0d3599f2e4b3e0,dbddb64830efd1f3871f6fb4cb2001e2b2d15273840333c1ce870888b8f3d1ec
artifacts/datasets/gold-v1-source-aware.json,dcd8d90081973b7b9a05ee6ef41623756a06232727f3718268945d71a207310a,120,train,0ea45102-057d-4bff-b527-f36326f66d33,contexto_colonial_antecedentes,participacion_social_regional,0.2487671673297882,outputs/experiments/beto-u1/beto-lr2e5,4fea08ebf3da420a8ef1b04b151822b32c7f4869408335ab0c5885eb7945ef1f,74f80917f6b245d718c201d58e0d3599f2e4b3e0,d91e98465955d328cb752228cbd7fc75a0557a76def13f7e60d4559a98ce2907
artifacts/datasets/gold-v1-source-aware.json,dcd8d90081973b7b9a05ee6ef41623756a06232727f3718268945d71a207310a,121,train,0ea45102-057d-4bff-b527-f36326f66d33,crisis_ideas_emancipadoras,crisis_ideas_emancipadoras,0.4244479835033417,outputs/experiments/beto-u1/beto-lr2e5,4fea08ebf3da420a8ef1b04b151822b32c7f4869408335ab0c5885eb7945ef1f,74f80917f6b245d718c201d58e0d3599f2e4b3e0,8ef7d10621f2e097bb6be4c0dbe2fca4ba7ea14c7360dabc5ebbe76cdba9426d
artifacts/datasets/gold-v1-source-aware.json,dcd8d90081973b7b9a05ee6ef41623756a06232727f3718268945d71a207310a,122,train,0ea45102-057d-4bff-b527-f36326f66d33,participacion_social_regional,participacion_social_regional,0.33370479941368103,outputs/experiments/beto-u1/beto-lr2e5,4fea08ebf3da420a8ef1b04b151822b32c7f4869408335ab0c5885eb7945ef1f,74f80917f6b245d718c201d58e0d3599f2e4b3e0,250188cd741cb5f9be1223d8f151db158ec1ae8f359ad457d5561b977040c960
artifacts/datasets/gold-v1-source-aware.json,dcd8d90081973b7b9a05ee6ef41623756a06232727f3718268945d71a207310a,123,train,0ea45102-057d-4bff-b527-f36326f66d33,participacion_social_regional,participacion_social_regional,0.3930443227291107,outputs/experiments/beto-u1/beto-lr2e5,4fea08ebf3da420a8ef1b04b151822b32c7f4869408335ab0c5885eb7945ef1f,74f80917f6b245d718c201d58e0d3599f2e4b3e0,d41a73f5d74062398b1660a3f4089dddada6322489bb10fa12a1fe1caefa1862
artifacts/datasets/gold-v1-source-aware.json,dcd8d90081973b7b9a05ee6ef41623756a06232727f3718268945d71a207310a,124,train,0ea45102-057d-4bff-b527-f36326f66d33,no_relevante,no_relevante,0.8649650812149048,outputs/experiments/beto-u1/beto-lr2e5,4fea08ebf3da420a8ef1b04b151822b32c7f4869408335ab0c5885eb7945ef1f,74f80917f6b245d718c201d58e0d3599f2e4b3e0,d091469616bc4cccbe5e19a95dc3ea2d40355169914c444f5b504fc609e6f782
artifacts/datasets/gold-v1-source-aware.json,dcd8d90081973b7b9a05ee6ef41623756a06232727f3718268945d71a207310a,125,train,e32181bc-41d0-4400-a76d-eb11fc88bf71,no_relevante,no_relevante,0.6524710655212402,outputs/experiments/beto-u1/beto-lr2e5,4fea08ebf3da420a8ef1b04b151822b32c7f4869408335ab0c5885eb7945ef1f,74f80917f6b245d718c201d58e0d3599f2e4b3e0,88bb5ce4648b7975e61a0f97649d276c49d8739cd82a74694ec921dea84b38be
artifacts/datasets/gold-v1-source-aware.json,dcd8d90081973b7b9a05ee6ef41623756a06232727f3718268945d71a207310a,126,train,e32181bc-41d0-4400-a76d-eb11fc88bf71,participacion_social_regional,campanias_conflictos_militares,0.37049388885498047,outputs/experiments/beto-u1/beto-lr2e5,4fea08ebf3da420a8ef1b04b151822b32c7f4869408335ab0c5885eb7945ef1f,74f80917f6b245d718c201d58e0d3599f2e4b3e0,2abc6e9459167c338294594517c54e7aaac52b24a11ea5f3820d43250fea76b8
artifacts/datasets/gold-v1-source-aware.json,dcd8d90081973b7b9a05ee6ef41623756a06232727f3718268945d71a207310a,127,train,0ea45102-057d-4bff-b527-f36326f66d33,liderazgos_diplomacia_proyectos,no_relevante,0.4478573501110077,outputs/experiments/beto-u1/beto-lr2e5,4fea08ebf3da420a8ef1b04b151822b32c7f4869408335ab0c5885eb7945ef1f,74f80917f6b245d718c201d58e0d3599f2e4b3e0,938f6af6586d2d2e5bb9203427920a4f4cf42372b8f773df2ae4d5c39a2a36ee
artifacts/datasets/gold-v1-source-aware.json,dcd8d90081973b7b9a05ee6ef41623756a06232727f3718268945d71a207310a,128,train,0ea45102-057d-4bff-b527-f36326f66d33,participacion_social_regional,participacion_social_regional,0.3948192596435547,outputs/experiments/beto-u1/beto-lr2e5,4fea08ebf3da420a8ef1b04b151822b32c7f4869408335ab0c5885eb7945ef1f,74f80917f6b245d718c201d58e0d3599f2e4b3e0,b47e023a677d1a8b511add0e9d1ee189884f2053b3fbcea554ecd6f20bf5af06
artifacts/datasets/gold-v1-source-aware.json,dcd8d90081973b7b9a05ee6ef41623756a06232727f3718268945d71a207310a,129,train,0ea45102-057d-4bff-b527-f36326f66d33,no_relevante,no_relevante,0.4162721335887909,outputs/experiments/beto-u1/beto-lr2e5,4fea08ebf3da420a8ef1b04b151822b32c7f4869408335ab0c5885eb7945ef1f,74f80917f6b245d718c201d58e0d3599f2e4b3e0,6182ef857fbaeee45a3d0b76f5d76996e9b1f13d622ba071adf896741a83bbad
artifacts/datasets/gold-v1-source-aware.json,dcd8d90081973b7b9a05ee6ef41623756a06232727f3718268945d71a207310a,130,train,0ea45102-057d-4bff-b527-f36326f66d33,no_relevante,no_relevante,0.7980403304100037,outputs/experiments/beto-u1/beto-lr2e5,4fea08ebf3da420a8ef1b04b151822b32c7f4869408335ab0c5885eb7945ef1f,74f80917f6b245d718c201d58e0d3599f2e4b3e0,451b85acd93f2e18c21e2cbceebb2172f01b4a4d1b01f87071e17f9ab9db4850
artifacts/datasets/gold-v1-source-aware.json,dcd8d90081973b7b9a05ee6ef41623756a06232727f3718268945d71a207310a,131,train,0ea45102-057d-4bff-b527-f36326f66d33,no_relevante,no_relevante,0.8750680685043335,outputs/experiments/beto-u1/beto-lr2e5,4fea08ebf3da420a8ef1b04b151822b32c7f4869408335ab0c5885eb7945ef1f,74f80917f6b245d718c201d58e0d3599f2e4b3e0,216ceb58a36500e305a3e80673b54dc07efe18ee41b9e06dff88d098054b968a
artifacts/datasets/gold-v1-source-aware.json,dcd8d90081973b7b9a05ee6ef41623756a06232727f3718268945d71a207310a,132,test,15e52806-3d75-4117-937d-7c7eda594579,contexto_colonial_antecedentes,crisis_ideas_emancipadoras,0.25895166397094727,outputs/experiments/beto-u1/beto-lr2e5,4fea08ebf3da420a8ef1b04b151822b32c7f4869408335ab0c5885eb7945ef1f,74f80917f6b245d718c201d58e0d3599f2e4b3e0,c07a714e6fb9f0cf25de9f58cb12443734388221a98ede4d64ca56d10aaa91b1
artifacts/datasets/gold-v1-source-aware.json,dcd8d90081973b7b9a05ee6ef41623756a06232727f3718268945d71a207310a,133,train,0ea45102-057d-4bff-b527-f36326f66d33,crisis_ideas_emancipadoras,crisis_ideas_emancipadoras,0.38437968492507935,outputs/experiments/beto-u1/beto-lr2e5,4fea08ebf3da420a8ef1b04b151822b32c7f4869408335ab0c5885eb7945ef1f,74f80917f6b245d718c201d58e0d3599f2e4b3e0,de0e373fb2743991ded9735b87accfeb8dcfcd9c68d115260893356e21d634a6
artifacts/datasets/gold-v1-source-aware.json,dcd8d90081973b7b9a05ee6ef41623756a06232727f3718268945d71a207310a,134,train,0ea45102-057d-4bff-b527-f36326f66d33,crisis_ideas_emancipadoras,crisis_ideas_emancipadoras,0.34678807854652405,outputs/experiments/beto-u1/beto-lr2e5,4fea08ebf3da420a8ef1b04b151822b32c7f4869408335ab0c5885eb7945ef1f,74f80917f6b245d718c201d58e0d3599f2e4b3e0,14990fffbe055419f8e2b49cd86abc6074c0ea4e22bdbcfc9751dd00b3ef050a
artifacts/datasets/gold-v1-source-aware.json,dcd8d90081973b7b9a05ee6ef41623756a06232727f3718268945d71a207310a,135,train,0ea45102-057d-4bff-b527-f36326f66d33,crisis_ideas_emancipadoras,crisis_ideas_emancipadoras,0.3735654652118683,outputs/experiments/beto-u1/beto-lr2e5,4fea08ebf3da420a8ef1b04b151822b32c7f4869408335ab0c5885eb7945ef1f,74f80917f6b245d718c201d58e0d3599f2e4b3e0,19888ce6caa20e06d2d32c4425e92a6747d58de27b7e8e56c8c1f5e346b76cfd
artifacts/datasets/gold-v1-source-aware.json,dcd8d90081973b7b9a05ee6ef41623756a06232727f3718268945d71a207310a,136,train,0ea45102-057d-4bff-b527-f36326f66d33,no_relevante,no_relevante,0.8460502624511719,outputs/experiments/beto-u1/beto-lr2e5,4fea08ebf3da420a8ef1b04b151822b32c7f4869408335ab0c5885eb7945ef1f,74f80917f6b245d718c201d58e0d3599f2e4b3e0,b89910a81184b23bc8c6a60e5ba25ab49a9aff85e9a6cc8a216d4e9a40f89ea2
artifacts/datasets/gold-v1-source-aware.json,dcd8d90081973b7b9a05ee6ef41623756a06232727f3718268945d71a207310a,137,train,0ea45102-057d-4bff-b527-f36326f66d33,crisis_ideas_emancipadoras,crisis_ideas_emancipadoras,0.3004121482372284,outputs/experiments/beto-u1/beto-lr2e5,4fea08ebf3da420a8ef1b04b151822b32c7f4869408335ab0c5885eb7945ef1f,74f80917f6b245d718c201d58e0d3599f2e4b3e0,afe384c6e97a09849aa13a624c36d06f1df701f634724705312f4e673fcaf3d5
artifacts/datasets/gold-v1-source-aware.json,dcd8d90081973b7b9a05ee6ef41623756a06232727f3718268945d71a207310a,138,train,e32181bc-41d0-4400-a76d-eb11fc88bf71,participacion_social_regional,participacion_social_regional,0.3496074378490448,outputs/experiments/beto-u1/beto-lr2e5,4fea08ebf3da420a8ef1b04b151822b32c7f4869408335ab0c5885eb7945ef1f,74f80917f6b245d718c201d58e0d3599f2e4b3e0,cd2dc9b5c05088445577a5601624b833fff30daaf28a8bf82517edf88ac668e5
artifacts/datasets/gold-v1-source-aware.json,dcd8d90081973b7b9a05ee6ef41623756a06232727f3718268945d71a207310a,139,train,0ea45102-057d-4bff-b527-f36326f66d33,crisis_ideas_emancipadoras,crisis_ideas_emancipadoras,0.30267080664634705,outputs/experiments/beto-u1/beto-lr2e5,4fea08ebf3da420a8ef1b04b151822b32c7f4869408335ab0c5885eb7945ef1f,74f80917f6b245d718c201d58e0d3599f2e4b3e0,9b2bf6253b5fdebad56b075432569d699d0938e443581e96b7c4e95fd07c2fd2
artifacts/datasets/gold-v1-source-aware.json,dcd8d90081973b7b9a05ee6ef41623756a06232727f3718268945d71a207310a,140,train,0ea45102-057d-4bff-b527-f36326f66d33,crisis_ideas_emancipadoras,crisis_ideas_emancipadoras,0.2919986844062805,outputs/experiments/beto-u1/beto-lr2e5,4fea08ebf3da420a8ef1b04b151822b32c7f4869408335ab0c5885eb7945ef1f,74f80917f6b245d718c201d58e0d3599f2e4b3e0,b9553d080345f400cddaa7506028975cfeef6010cb43ad66bc1afcd8e5842d12
artifacts/datasets/gold-v1-source-aware.json,dcd8d90081973b7b9a05ee6ef41623756a06232727f3718268945d71a207310a,141,train,e32181bc-41d0-4400-a76d-eb11fc88bf71,participacion_social_regional,participacion_social_regional,0.5584195256233215,outputs/experiments/beto-u1/beto-lr2e5,4fea08ebf3da420a8ef1b04b151822b32c7f4869408335ab0c5885eb7945ef1f,74f80917f6b245d718c201d58e0d3599f2e4b3e0,2fae11cf2124a199931e0257c3369a870e645fe9696e5edc6e99f25336849c96
artifacts/datasets/gold-v1-source-aware.json,dcd8d90081973b7b9a05ee6ef41623756a06232727f3718268945d71a207310a,142,train,e32181bc-41d0-4400-a76d-eb11fc88bf71,campanias_conflictos_militares,campanias_conflictos_militares,0.68244469165802,outputs/experiments/beto-u1/beto-lr2e5,4fea08ebf3da420a8ef1b04b151822b32c7f4869408335ab0c5885eb7945ef1f,74f80917f6b245d718c201d58e0d3599f2e4b3e0,4fb825d9309d011be16271d91a3cea3a792389c1e946558096693a1ea2875a37
artifacts/datasets/gold-v1-source-aware.json,dcd8d90081973b7b9a05ee6ef41623756a06232727f3718268945d71a207310a,143,train,0ea45102-057d-4bff-b527-f36326f66d33,no_relevante,no_relevante,0.8322372436523438,outputs/experiments/beto-u1/beto-lr2e5,4fea08ebf3da420a8ef1b04b151822b32c7f4869408335ab0c5885eb7945ef1f,74f80917f6b245d718c201d58e0d3599f2e4b3e0,796c4f41718774bdaf428b77e97beef93e544883f6aefb8de30a23d31d61b75d
artifacts/datasets/gold-v1-source-aware.json,dcd8d90081973b7b9a05ee6ef41623756a06232727f3718268945d71a207310a,144,train,0ea45102-057d-4bff-b527-f36326f66d33,no_relevante,no_relevante,0.8760256767272949,outputs/experiments/beto-u1/beto-lr2e5,4fea08ebf3da420a8ef1b04b151822b32c7f4869408335ab0c5885eb7945ef1f,74f80917f6b245d718c201d58e0d3599f2e4b3e0,cfdb19742272e7a8a790e7b66ee224d24c352cfc6258f5144fce3b920dbfb34a
artifacts/datasets/gold-v1-source-aware.json,dcd8d90081973b7b9a05ee6ef41623756a06232727f3718268945d71a207310a,145,train,e32181bc-41d0-4400-a76d-eb11fc88bf71,participacion_social_regional,participacion_social_regional,0.5661243200302124,outputs/experiments/beto-u1/beto-lr2e5,4fea08ebf3da420a8ef1b04b151822b32c7f4869408335ab0c5885eb7945ef1f,74f80917f6b245d718c201d58e0d3599f2e4b3e0,6621a6e39b6fa35bb14e520588b44dcf2a738834e36859c4e8884fa235c3eb44
artifacts/datasets/gold-v1-source-aware.json,dcd8d90081973b7b9a05ee6ef41623756a06232727f3718268945d71a207310a,146,train,0ea45102-057d-4bff-b527-f36326f66d33,crisis_ideas_emancipadoras,crisis_ideas_emancipadoras,0.3532664477825165,outputs/experiments/beto-u1/beto-lr2e5,4fea08ebf3da420a8ef1b04b151822b32c7f4869408335ab0c5885eb7945ef1f,74f80917f6b245d718c201d58e0d3599f2e4b3e0,7b940708a0da1c8b552c60d2d5f27bfb9af0a9c4808be02553979472aceee15b
artifacts/datasets/gold-v1-source-aware.json,dcd8d90081973b7b9a05ee6ef41623756a06232727f3718268945d71a207310a,147,test,4ca9c84a-627b-4027-8216-fdc07c506727,campanias_conflictos_militares,campanias_conflictos_militares,0.5679653882980347,outputs/experiments/beto-u1/beto-lr2e5,4fea08ebf3da420a8ef1b04b151822b32c7f4869408335ab0c5885eb7945ef1f,74f80917f6b245d718c201d58e0d3599f2e4b3e0,ffffc584af101c6b9c25571570a1f9dbe41875bb41f718e114e595de61e3b811
artifacts/datasets/gold-v1-source-aware.json,dcd8d90081973b7b9a05ee6ef41623756a06232727f3718268945d71a207310a,148,train,e32181bc-41d0-4400-a76d-eb11fc88bf71,no_relevante,no_relevante,0.8416303396224976,outputs/experiments/beto-u1/beto-lr2e5,4fea08ebf3da420a8ef1b04b151822b32c7f4869408335ab0c5885eb7945ef1f,74f80917f6b245d718c201d58e0d3599f2e4b3e0,846a3a50d3d7e4aab8d6e0c3abc02b786cb3a81b69a862bd0b47ff88edeb76f7
artifacts/datasets/gold-v1-source-aware.json,dcd8d90081973b7b9a05ee6ef41623756a06232727f3718268945d71a207310a,149,train,e32181bc-41d0-4400-a76d-eb11fc88bf71,participacion_social_regional,participacion_social_regional,0.45778000354766846,outputs/experiments/beto-u1/beto-lr2e5,4fea08ebf3da420a8ef1b04b151822b32c7f4869408335ab0c5885eb7945ef1f,74f80917f6b245d718c201d58e0d3599f2e4b3e0,29148912db46c2be1d4c4d6452b384a58c1a3e915dabb101ed6a921f1483c6cc
artifacts/datasets/gold-v1-source-aware.json,dcd8d90081973b7b9a05ee6ef41623756a06232727f3718268945d71a207310a,150,train,0ea45102-057d-4bff-b527-f36326f66d33,participacion_social_regional,participacion_social_regional,0.46250200271606445,outputs/experiments/beto-u1/beto-lr2e5,4fea08ebf3da420a8ef1b04b151822b32c7f4869408335ab0c5885eb7945ef1f,74f80917f6b245d718c201d58e0d3599f2e4b3e0,9bb801176a4bb8dbcb8d148511c3b27570353cfada421bd23d05b0e0171cb4cb
artifacts/datasets/gold-v1-source-aware.json,dcd8d90081973b7b9a05ee6ef41623756a06232727f3718268945d71a207310a,151,train,0ea45102-057d-4bff-b527-f36326f66d33,participacion_social_regional,participacion_social_regional,0.3553330600261688,outputs/experiments/beto-u1/beto-lr2e5,4fea08ebf3da420a8ef1b04b151822b32c7f4869408335ab0c5885eb7945ef1f,74f80917f6b245d718c201d58e0d3599f2e4b3e0,ca3c08e022dfcf21b203471ea8157042389e94ca56a1646ccf653d806a587b12
artifacts/datasets/gold-v1-source-aware.json,dcd8d90081973b7b9a05ee6ef41623756a06232727f3718268945d71a207310a,152,train,e32181bc-41d0-4400-a76d-eb11fc88bf71,liderazgos_diplomacia_proyectos,campanias_conflictos_militares,0.47839245200157166,outputs/experiments/beto-u1/beto-lr2e5,4fea08ebf3da420a8ef1b04b151822b32c7f4869408335ab0c5885eb7945ef1f,74f80917f6b245d718c201d58e0d3599f2e4b3e0,c5b7a7717e52cad08938992115ad4a8cef606f633783a2d8f03da3e1dcf8464f
artifacts/datasets/gold-v1-source-aware.json,dcd8d90081973b7b9a05ee6ef41623756a06232727f3718268945d71a207310a,153,train,e32181bc-41d0-4400-a76d-eb11fc88bf71,campanias_conflictos_militares,campanias_conflictos_militares,0.6022869348526001,outputs/experiments/beto-u1/beto-lr2e5,4fea08ebf3da420a8ef1b04b151822b32c7f4869408335ab0c5885eb7945ef1f,74f80917f6b245d718c201d58e0d3599f2e4b3e0,dd443e1b1ee3bc8df277d638b353db998ad31e294a81c3c2ff7e8fa630846bf0
artifacts/datasets/gold-v1-source-aware.json,dcd8d90081973b7b9a05ee6ef41623756a06232727f3718268945d71a207310a,154,train,e32181bc-41d0-4400-a76d-eb11fc88bf71,liderazgos_diplomacia_proyectos,campanias_conflictos_militares,0.5762034058570862,outputs/experiments/beto-u1/beto-lr2e5,4fea08ebf3da420a8ef1b04b151822b32c7f4869408335ab0c5885eb7945ef1f,74f80917f6b245d718c201d58e0d3599f2e4b3e0,fa7468ef117716af28284700f037bf0987fe5708bdc314cee84324d2837b7f60
artifacts/datasets/gold-v1-source-aware.json,dcd8d90081973b7b9a05ee6ef41623756a06232727f3718268945d71a207310a,155,train,e32181bc-41d0-4400-a76d-eb11fc88bf71,no_relevante,no_relevante,0.8394403457641602,outputs/experiments/beto-u1/beto-lr2e5,4fea08ebf3da420a8ef1b04b151822b32c7f4869408335ab0c5885eb7945ef1f,74f80917f6b245d718c201d58e0d3599f2e4b3e0,e4fa5f0113a43f47289d86de7c0ef646eef06a9226edaaff707985ece7763bbe
artifacts/datasets/gold-v1-source-aware.json,dcd8d90081973b7b9a05ee6ef41623756a06232727f3718268945d71a207310a,156,train,e32181bc-41d0-4400-a76d-eb11fc88bf71,campanias_conflictos_militares,campanias_conflictos_militares,0.3604276776313782,outputs/experiments/beto-u1/beto-lr2e5,4fea08ebf3da420a8ef1b04b151822b32c7f4869408335ab0c5885eb7945ef1f,74f80917f6b245d718c201d58e0d3599f2e4b3e0,676424562d7bd1c4e7d3d5b47643c3a161833a921c2a02bce1688f0644704f7b
artifacts/datasets/gold-v1-source-aware.json,dcd8d90081973b7b9a05ee6ef41623756a06232727f3718268945d71a207310a,157,train,0ea45102-057d-4bff-b527-f36326f66d33,no_relevante,no_relevante,0.7492199540138245,outputs/experiments/beto-u1/beto-lr2e5,4fea08ebf3da420a8ef1b04b151822b32c7f4869408335ab0c5885eb7945ef1f,74f80917f6b245d718c201d58e0d3599f2e4b3e0,cffafcaaed3f752d2718e7bca509c774d1c70248c46dcdd9a1fd9f7b9fd07de5
artifacts/datasets/gold-v1-source-aware.json,dcd8d90081973b7b9a05ee6ef41623756a06232727f3718268945d71a207310a,158,test,4ca9c84a-627b-4027-8216-fdc07c506727,liderazgos_diplomacia_proyectos,contexto_colonial_antecedentes,0.2597363293170929,outputs/experiments/beto-u1/beto-lr2e5,4fea08ebf3da420a8ef1b04b151822b32c7f4869408335ab0c5885eb7945ef1f,74f80917f6b245d718c201d58e0d3599f2e4b3e0,7c2b51e95f0406678a4347a345c0d7ea0105b28c7523bec59fa5470510d5f1cc
artifacts/datasets/gold-v1-source-aware.json,dcd8d90081973b7b9a05ee6ef41623756a06232727f3718268945d71a207310a,159,train,0ea45102-057d-4bff-b527-f36326f66d33,participacion_social_regional,participacion_social_regional,0.3907129168510437,outputs/experiments/beto-u1/beto-lr2e5,4fea08ebf3da420a8ef1b04b151822b32c7f4869408335ab0c5885eb7945ef1f,74f80917f6b245d718c201d58e0d3599f2e4b3e0,2f65540a46cb158b252cb686d051386535737b370c461341779835abc1aaa595
artifacts/datasets/gold-v1-source-aware.json,dcd8d90081973b7b9a05ee6ef41623756a06232727f3718268945d71a207310a,160,train,0ea45102-057d-4bff-b527-f36326f66d33,liderazgos_diplomacia_proyectos,participacion_social_regional,0.3700084984302521,outputs/experiments/beto-u1/beto-lr2e5,4fea08ebf3da420a8ef1b04b151822b32c7f4869408335ab0c5885eb7945ef1f,74f80917f6b245d718c201d58e0d3599f2e4b3e0,bc29ae3ff9beba7d2afb8cae7bcef406a2c20b9636d629cbca28a06660bcf804
artifacts/datasets/gold-v1-source-aware.json,dcd8d90081973b7b9a05ee6ef41623756a06232727f3718268945d71a207310a,161,train,e32181bc-41d0-4400-a76d-eb11fc88bf71,campanias_conflictos_militares,campanias_conflictos_militares,0.5763089656829834,outputs/experiments/beto-u1/beto-lr2e5,4fea08ebf3da420a8ef1b04b151822b32c7f4869408335ab0c5885eb7945ef1f,74f80917f6b245d718c201d58e0d3599f2e4b3e0,ba744376d7cc733deb7086f3273df308ca4860559c03f890c842b8fcadd4cbca
artifacts/datasets/gold-v1-source-aware.json,dcd8d90081973b7b9a05ee6ef41623756a06232727f3718268945d71a207310a,162,val,b23a4bf1-b9f4-4c08-bb89-a4cf4a67e004,contexto_colonial_antecedentes,participacion_social_regional,0.3428594172000885,outputs/experiments/beto-u1/beto-lr2e5,4fea08ebf3da420a8ef1b04b151822b32c7f4869408335ab0c5885eb7945ef1f,74f80917f6b245d718c201d58e0d3599f2e4b3e0,02390df6271fca6907b2a50a0af10b6076ca341e81ecdb2e04bce96fbd1798cb
artifacts/datasets/gold-v1-source-aware.json,dcd8d90081973b7b9a05ee6ef41623756a06232727f3718268945d71a207310a,163,val,b23a4bf1-b9f4-4c08-bb89-a4cf4a67e004,contexto_colonial_antecedentes,contexto_colonial_antecedentes,0.32666876912117004,outputs/experiments/beto-u1/beto-lr2e5,4fea08ebf3da420a8ef1b04b151822b32c7f4869408335ab0c5885eb7945ef1f,74f80917f6b245d718c201d58e0d3599f2e4b3e0,d1957e66fec7f2619357ff7610c9184442db6a499f9892a64264f079e50712dc
artifacts/datasets/gold-v1-source-aware.json,dcd8d90081973b7b9a05ee6ef41623756a06232727f3718268945d71a207310a,164,train,e32181bc-41d0-4400-a76d-eb11fc88bf71,campanias_conflictos_militares,campanias_conflictos_militares,0.4640367329120636,outputs/experiments/beto-u1/beto-lr2e5,4fea08ebf3da420a8ef1b04b151822b32c7f4869408335ab0c5885eb7945ef1f,74f80917f6b245d718c201d58e0d3599f2e4b3e0,52e47fd1d8b1afb1a7bd27e461fd81589735167a14846fc30724e5afbeb2145d
artifacts/datasets/gold-v1-source-aware.json,dcd8d90081973b7b9a05ee6ef41623756a06232727f3718268945d71a207310a,165,val,b23a4bf1-b9f4-4c08-bb89-a4cf4a67e004,contexto_colonial_antecedentes,participacion_social_regional,0.3341809809207916,outputs/experiments/beto-u1/beto-lr2e5,4fea08ebf3da420a8ef1b04b151822b32c7f4869408335ab0c5885eb7945ef1f,74f80917f6b245d718c201d58e0d3599f2e4b3e0,7290dc39189dade9be0fad19746a107f5534badbbc0ea113457a1e368c512c08
artifacts/datasets/gold-v1-source-aware.json,dcd8d90081973b7b9a05ee6ef41623756a06232727f3718268945d71a207310a,166,train,e32181bc-41d0-4400-a76d-eb11fc88bf71,liderazgos_diplomacia_proyectos,campanias_conflictos_militares,0.6040419340133667,outputs/experiments/beto-u1/beto-lr2e5,4fea08ebf3da420a8ef1b04b151822b32c7f4869408335ab0c5885eb7945ef1f,74f80917f6b245d718c201d58e0d3599f2e4b3e0,ffbe2c717aee2276944751344f650342296fd2e89e6126e9ce1a48dea1fa7919
artifacts/datasets/gold-v1-source-aware.json,dcd8d90081973b7b9a05ee6ef41623756a06232727f3718268945d71a207310a,167,train,0ea45102-057d-4bff-b527-f36326f66d33,liderazgos_diplomacia_proyectos,crisis_ideas_emancipadoras,0.275907039642334,outputs/experiments/beto-u1/beto-lr2e5,4fea08ebf3da420a8ef1b04b151822b32c7f4869408335ab0c5885eb7945ef1f,74f80917f6b245d718c201d58e0d3599f2e4b3e0,5041798ba513c755f1a53e271ccdfee6f47e6340bf9412ff0b6e14cf13a7f221
artifacts/datasets/gold-v1-source-aware.json,dcd8d90081973b7b9a05ee6ef41623756a06232727f3718268945d71a207310a,168,train,e32181bc-41d0-4400-a76d-eb11fc88bf71,campanias_conflictos_militares,campanias_conflictos_militares,0.5184820294380188,outputs/experiments/beto-u1/beto-lr2e5,4fea08ebf3da420a8ef1b04b151822b32c7f4869408335ab0c5885eb7945ef1f,74f80917f6b245d718c201d58e0d3599f2e4b3e0,166d57ce96ef64a2dda141e9c4f598dafc6ff40a59e623288eabd3981c444ed0
artifacts/datasets/gold-v1-source-aware.json,dcd8d90081973b7b9a05ee6ef41623756a06232727f3718268945d71a207310a,169,train,e32181bc-41d0-4400-a76d-eb11fc88bf71,campanias_conflictos_militares,campanias_conflictos_militares,0.7039881944656372,outputs/experiments/beto-u1/beto-lr2e5,4fea08ebf3da420a8ef1b04b151822b32c7f4869408335ab0c5885eb7945ef1f,74f80917f6b245d718c201d58e0d3599f2e4b3e0,4e22c80f9be3572aa782cf90106066468b658f457d121bdc2470b74cda406562
artifacts/datasets/gold-v1-source-aware.json,dcd8d90081973b7b9a05ee6ef41623756a06232727f3718268945d71a207310a,170,train,0ea45102-057d-4bff-b527-f36326f66d33,crisis_ideas_emancipadoras,participacion_social_regional,0.3090802729129791,outputs/experiments/beto-u1/beto-lr2e5,4fea08ebf3da420a8ef1b04b151822b32c7f4869408335ab0c5885eb7945ef1f,74f80917f6b245d718c201d58e0d3599f2e4b3e0,f0424a85645f19e61eded34e810055dd1076ff89453e1834523dafe7558ed81d
artifacts/datasets/gold-v1-source-aware.json,dcd8d90081973b7b9a05ee6ef41623756a06232727f3718268945d71a207310a,171,val,b23a4bf1-b9f4-4c08-bb89-a4cf4a67e004,contexto_colonial_antecedentes,contexto_colonial_antecedentes,0.30498790740966797,outputs/experiments/beto-u1/beto-lr2e5,4fea08ebf3da420a8ef1b04b151822b32c7f4869408335ab0c5885eb7945ef1f,74f80917f6b245d718c201d58e0d3599f2e4b3e0,43b6342c8e2127e772eea0d1e957adeee47043d51840599ef6c2344e463e0d4a
artifacts/datasets/gold-v1-source-aware.json,dcd8d90081973b7b9a05ee6ef41623756a06232727f3718268945d71a207310a,172,test,4ca9c84a-627b-4027-8216-fdc07c506727,organizacion_consecuencias_republicanas,campanias_conflictos_militares,0.43849602341651917,outputs/experiments/beto-u1/beto-lr2e5,4fea08ebf3da420a8ef1b04b151822b32c7f4869408335ab0c5885eb7945ef1f,74f80917f6b245d718c201d58e0d3599f2e4b3e0,600ee1b1c7af8d0e21c186e2dca5eea38163f5a976fdd7179faadb40e7e7172f
artifacts/datasets/gold-v1-source-aware.json,dcd8d90081973b7b9a05ee6ef41623756a06232727f3718268945d71a207310a,173,train,e32181bc-41d0-4400-a76d-eb11fc88bf71,campanias_conflictos_militares,campanias_conflictos_militares,0.7611437439918518,outputs/experiments/beto-u1/beto-lr2e5,4fea08ebf3da420a8ef1b04b151822b32c7f4869408335ab0c5885eb7945ef1f,74f80917f6b245d718c201d58e0d3599f2e4b3e0,7682334caa6baed608a1dd1f48fdeb632b81d4417561252fc37d2b77d7ea059f
artifacts/datasets/gold-v1-source-aware.json,dcd8d90081973b7b9a05ee6ef41623756a06232727f3718268945d71a207310a,174,val,b23a4bf1-b9f4-4c08-bb89-a4cf4a67e004,no_relevante,no_relevante,0.3742859959602356,outputs/experiments/beto-u1/beto-lr2e5,4fea08ebf3da420a8ef1b04b151822b32c7f4869408335ab0c5885eb7945ef1f,74f80917f6b245d718c201d58e0d3599f2e4b3e0,8e8d2186a17e9d68235332b60e7b40a929909b72690f00bb8acf24d61fb1c32d
artifacts/datasets/gold-v1-source-aware.json,dcd8d90081973b7b9a05ee6ef41623756a06232727f3718268945d71a207310a,175,val,b23a4bf1-b9f4-4c08-bb89-a4cf4a67e004,crisis_ideas_emancipadoras,participacion_social_regional,0.2994566559791565,outputs/experiments/beto-u1/beto-lr2e5,4fea08ebf3da420a8ef1b04b151822b32c7f4869408335ab0c5885eb7945ef1f,74f80917f6b245d718c201d58e0d3599f2e4b3e0,b92bbde2e2b351edc058c8adf1f0afd29c40c52a236aaa66d780aa8309fab27c
artifacts/datasets/gold-v1-source-aware.json,dcd8d90081973b7b9a05ee6ef41623756a06232727f3718268945d71a207310a,176,train,e32181bc-41d0-4400-a76d-eb11fc88bf71,liderazgos_diplomacia_proyectos,campanias_conflictos_militares,0.287721186876297,outputs/experiments/beto-u1/beto-lr2e5,4fea08ebf3da420a8ef1b04b151822b32c7f4869408335ab0c5885eb7945ef1f,74f80917f6b245d718c201d58e0d3599f2e4b3e0,b4d3be842c8264092850901e7ea756985d53a391858c8ad348c241f22b34d1a4
artifacts/datasets/gold-v1-source-aware.json,dcd8d90081973b7b9a05ee6ef41623756a06232727f3718268945d71a207310a,177,train,0ea45102-057d-4bff-b527-f36326f66d33,no_relevante,no_relevante,0.7803504467010498,outputs/experiments/beto-u1/beto-lr2e5,4fea08ebf3da420a8ef1b04b151822b32c7f4869408335ab0c5885eb7945ef1f,74f80917f6b245d718c201d58e0d3599f2e4b3e0,28dd8e326e0d493dd8b07845533cae67e5323a9978b48ce90b8ebb16f35febf6
artifacts/datasets/gold-v1-source-aware.json,dcd8d90081973b7b9a05ee6ef41623756a06232727f3718268945d71a207310a,178,train,0ea45102-057d-4bff-b527-f36326f66d33,crisis_ideas_emancipadoras,crisis_ideas_emancipadoras,0.2734140455722809,outputs/experiments/beto-u1/beto-lr2e5,4fea08ebf3da420a8ef1b04b151822b32c7f4869408335ab0c5885eb7945ef1f,74f80917f6b245d718c201d58e0d3599f2e4b3e0,a6cea9f608c8ef29d133fe10567fde9d242e8981b6c22814e1f33eecc0ad4221
artifacts/datasets/gold-v1-source-aware.json,dcd8d90081973b7b9a05ee6ef41623756a06232727f3718268945d71a207310a,179,val,b23a4bf1-b9f4-4c08-bb89-a4cf4a67e004,contexto_colonial_antecedentes,organizacion_consecuencias_republicanas,0.2888907194137573,outputs/experiments/beto-u1/beto-lr2e5,4fea08ebf3da420a8ef1b04b151822b32c7f4869408335ab0c5885eb7945ef1f,74f80917f6b245d718c201d58e0d3599f2e4b3e0,cf486c3c5a034ab1dbd5d60b47bc8e82d2682e591199841cb1d3f4576a3d3306
artifacts/datasets/gold-v1-source-aware.json,dcd8d90081973b7b9a05ee6ef41623756a06232727f3718268945d71a207310a,180,val,b23a4bf1-b9f4-4c08-bb89-a4cf4a67e004,crisis_ideas_emancipadoras,participacion_social_regional,0.2711465656757355,outputs/experiments/beto-u1/beto-lr2e5,4fea08ebf3da420a8ef1b04b151822b32c7f4869408335ab0c5885eb7945ef1f,74f80917f6b245d718c201d58e0d3599f2e4b3e0,0292db147b9d057b4980326dfeae95019b12f7bd2e929caa95095cc130f11ad8
artifacts/datasets/gold-v1-source-aware.json,dcd8d90081973b7b9a05ee6ef41623756a06232727f3718268945d71a207310a,181,val,b23a4bf1-b9f4-4c08-bb89-a4cf4a67e004,contexto_colonial_antecedentes,participacion_social_regional,0.29238611459732056,outputs/experiments/beto-u1/beto-lr2e5,4fea08ebf3da420a8ef1b04b151822b32c7f4869408335ab0c5885eb7945ef1f,74f80917f6b245d718c201d58e0d3599f2e4b3e0,84522377f03a2ec1dce742a3530b1f4674f95121eef186bf4532d9a778816552
artifacts/datasets/gold-v1-source-aware.json,dcd8d90081973b7b9a05ee6ef41623756a06232727f3718268945d71a207310a,182,train,e32181bc-41d0-4400-a76d-eb11fc88bf71,liderazgos_diplomacia_proyectos,campanias_conflictos_militares,0.42265474796295166,outputs/experiments/beto-u1/beto-lr2e5,4fea08ebf3da420a8ef1b04b151822b32c7f4869408335ab0c5885eb7945ef1f,74f80917f6b245d718c201d58e0d3599f2e4b3e0,b7ee6e28f8148efb35f3186fb560d7697c750e8e2ff27b0c0b5d28cf6c734cbd
artifacts/datasets/gold-v1-source-aware.json,dcd8d90081973b7b9a05ee6ef41623756a06232727f3718268945d71a207310a,183,val,b23a4bf1-b9f4-4c08-bb89-a4cf4a67e004,contexto_colonial_antecedentes,organizacion_consecuencias_republicanas,0.28573209047317505,outputs/experiments/beto-u1/beto-lr2e5,4fea08ebf3da420a8ef1b04b151822b32c7f4869408335ab0c5885eb7945ef1f,74f80917f6b245d718c201d58e0d3599f2e4b3e0,d4db58d9c579b070f25a6834fa801254671109f5c5b219e4ae73282f548b22c2
artifacts/datasets/gold-v1-source-aware.json,dcd8d90081973b7b9a05ee6ef41623756a06232727f3718268945d71a207310a,184,val,b23a4bf1-b9f4-4c08-bb89-a4cf4a67e004,contexto_colonial_antecedentes,contexto_colonial_antecedentes,0.35482457280158997,outputs/experiments/beto-u1/beto-lr2e5,4fea08ebf3da420a8ef1b04b151822b32c7f4869408335ab0c5885eb7945ef1f,74f80917f6b245d718c201d58e0d3599f2e4b3e0,1721ce8319bc299f68825f8e6a866b81d3a19a9f0fe1146da29215b95bf93e85
artifacts/datasets/gold-v1-source-aware.json,dcd8d90081973b7b9a05ee6ef41623756a06232727f3718268945d71a207310a,185,train,0ea45102-057d-4bff-b527-f36326f66d33,liderazgos_diplomacia_proyectos,participacion_social_regional,0.322355717420578,outputs/experiments/beto-u1/beto-lr2e5,4fea08ebf3da420a8ef1b04b151822b32c7f4869408335ab0c5885eb7945ef1f,74f80917f6b245d718c201d58e0d3599f2e4b3e0,415fafb88d437320cb19da0de5f8b8817a0426defc7891546dcde0d3662786d3
artifacts/datasets/gold-v1-source-aware.json,dcd8d90081973b7b9a05ee6ef41623756a06232727f3718268945d71a207310a,186,train,0ea45102-057d-4bff-b527-f36326f66d33,liderazgos_diplomacia_proyectos,crisis_ideas_emancipadoras,0.2901293635368347,outputs/experiments/beto-u1/beto-lr2e5,4fea08ebf3da420a8ef1b04b151822b32c7f4869408335ab0c5885eb7945ef1f,74f80917f6b245d718c201d58e0d3599f2e4b3e0,90b4bb72412aecf51e8c4562adc6485d4de23848eea5047ff740b1354988aca5
artifacts/datasets/gold-v1-source-aware.json,dcd8d90081973b7b9a05ee6ef41623756a06232727f3718268945d71a207310a,187,val,b23a4bf1-b9f4-4c08-bb89-a4cf4a67e004,contexto_colonial_antecedentes,contexto_colonial_antecedentes,0.2667735517024994,outputs/experiments/beto-u1/beto-lr2e5,4fea08ebf3da420a8ef1b04b151822b32c7f4869408335ab0c5885eb7945ef1f,74f80917f6b245d718c201d58e0d3599f2e4b3e0,fcf851be705fca07de527adc2aef35a13301fe7169ae9d22d95fe50ad1157df6
artifacts/datasets/gold-v1-source-aware.json,dcd8d90081973b7b9a05ee6ef41623756a06232727f3718268945d71a207310a,188,test,4ca9c84a-627b-4027-8216-fdc07c506727,no_relevante,no_relevante,0.8296542167663574,outputs/experiments/beto-u1/beto-lr2e5,4fea08ebf3da420a8ef1b04b151822b32c7f4869408335ab0c5885eb7945ef1f,74f80917f6b245d718c201d58e0d3599f2e4b3e0,6ac310ebc49b04744c3c21ff9206bc7b99388abebcee4b07900c592cb1f3ed49
artifacts/datasets/gold-v1-source-aware.json,dcd8d90081973b7b9a05ee6ef41623756a06232727f3718268945d71a207310a,189,train,0ea45102-057d-4bff-b527-f36326f66d33,liderazgos_diplomacia_proyectos,participacion_social_regional,0.32727015018463135,outputs/experiments/beto-u1/beto-lr2e5,4fea08ebf3da420a8ef1b04b151822b32c7f4869408335ab0c5885eb7945ef1f,74f80917f6b245d718c201d58e0d3599f2e4b3e0,2c9475a2de42e65a96b9b3d2dd8b5b80be279dd92833c00ce3a6d0b637f99315
artifacts/datasets/gold-v1-source-aware.json,dcd8d90081973b7b9a05ee6ef41623756a06232727f3718268945d71a207310a,190,train,0ea45102-057d-4bff-b527-f36326f66d33,crisis_ideas_emancipadoras,crisis_ideas_emancipadoras,0.3442735970020294,outputs/experiments/beto-u1/beto-lr2e5,4fea08ebf3da420a8ef1b04b151822b32c7f4869408335ab0c5885eb7945ef1f,74f80917f6b245d718c201d58e0d3599f2e4b3e0,7717b19d7b2410f4962d0284b4aff9189e8babfe68d483b46d8c51c18f0ad113
artifacts/datasets/gold-v1-source-aware.json,dcd8d90081973b7b9a05ee6ef41623756a06232727f3718268945d71a207310a,191,train,0ea45102-057d-4bff-b527-f36326f66d33,crisis_ideas_emancipadoras,crisis_ideas_emancipadoras,0.3394908010959625,outputs/experiments/beto-u1/beto-lr2e5,4fea08ebf3da420a8ef1b04b151822b32c7f4869408335ab0c5885eb7945ef1f,74f80917f6b245d718c201d58e0d3599f2e4b3e0,928deac62ad748614ae59b08dbe4c8d0045fb263ef34ad0b7628535e521215bf
artifacts/datasets/gold-v1-source-aware.json,dcd8d90081973b7b9a05ee6ef41623756a06232727f3718268945d71a207310a,192,train,0ea45102-057d-4bff-b527-f36326f66d33,crisis_ideas_emancipadoras,crisis_ideas_emancipadoras,0.41848498582839966,outputs/experiments/beto-u1/beto-lr2e5,4fea08ebf3da420a8ef1b04b151822b32c7f4869408335ab0c5885eb7945ef1f,74f80917f6b245d718c201d58e0d3599f2e4b3e0,0fdd09a88684f855b699426902f9c242a8e232e9630dfaf79f91049f70994180
artifacts/datasets/gold-v1-source-aware.json,dcd8d90081973b7b9a05ee6ef41623756a06232727f3718268945d71a207310a,193,train,0ea45102-057d-4bff-b527-f36326f66d33,participacion_social_regional,participacion_social_regional,0.36343443393707275,outputs/experiments/beto-u1/beto-lr2e5,4fea08ebf3da420a8ef1b04b151822b32c7f4869408335ab0c5885eb7945ef1f,74f80917f6b245d718c201d58e0d3599f2e4b3e0,a2996f557e335f07d995171ffc55b8fab3f766acf422b48beca3cb01c694806c
artifacts/datasets/gold-v1-source-aware.json,dcd8d90081973b7b9a05ee6ef41623756a06232727f3718268945d71a207310a,194,train,0ea45102-057d-4bff-b527-f36326f66d33,liderazgos_diplomacia_proyectos,liderazgos_diplomacia_proyectos,0.3047659993171692,outputs/experiments/beto-u1/beto-lr2e5,4fea08ebf3da420a8ef1b04b151822b32c7f4869408335ab0c5885eb7945ef1f,74f80917f6b245d718c201d58e0d3599f2e4b3e0,a0f5a3fe8a38fbbc6b7bdd6b71f828ad17a1f81b5e3939657d429b7e3a2210dd
artifacts/datasets/gold-v1-source-aware.json,dcd8d90081973b7b9a05ee6ef41623756a06232727f3718268945d71a207310a,195,test,15e52806-3d75-4117-937d-7c7eda594579,no_relevante,no_relevante,0.6553583145141602,outputs/experiments/beto-u1/beto-lr2e5,4fea08ebf3da420a8ef1b04b151822b32c7f4869408335ab0c5885eb7945ef1f,74f80917f6b245d718c201d58e0d3599f2e4b3e0,c10cae4bbf5a201310781f1addfd60dbcc5490e4050368e76ef4fa30a21a3c35
artifacts/datasets/gold-v1-source-aware.json,dcd8d90081973b7b9a05ee6ef41623756a06232727f3718268945d71a207310a,196,train,0ea45102-057d-4bff-b527-f36326f66d33,liderazgos_diplomacia_proyectos,participacion_social_regional,0.37209925055503845,outputs/experiments/beto-u1/beto-lr2e5,4fea08ebf3da420a8ef1b04b151822b32c7f4869408335ab0c5885eb7945ef1f,74f80917f6b245d718c201d58e0d3599f2e4b3e0,9c17b7ec8703a14363da2de9f3b79ee9d003fa514aef16a774f189e07931a734
artifacts/datasets/gold-v1-source-aware.json,dcd8d90081973b7b9a05ee6ef41623756a06232727f3718268945d71a207310a,197,train,0ea45102-057d-4bff-b527-f36326f66d33,liderazgos_diplomacia_proyectos,participacion_social_regional,0.3154492974281311,outputs/experiments/beto-u1/beto-lr2e5,4fea08ebf3da420a8ef1b04b151822b32c7f4869408335ab0c5885eb7945ef1f,74f80917f6b245d718c201d58e0d3599f2e4b3e0,ae7e3c75ecc41664f39d1cad3db492cb7e4051a9d75bb87432897b0b48f73ec9
artifacts/datasets/gold-v1-source-aware.json,dcd8d90081973b7b9a05ee6ef41623756a06232727f3718268945d71a207310a,198,train,0ea45102-057d-4bff-b527-f36326f66d33,liderazgos_diplomacia_proyectos,participacion_social_regional,0.3525107800960541,outputs/experiments/beto-u1/beto-lr2e5,4fea08ebf3da420a8ef1b04b151822b32c7f4869408335ab0c5885eb7945ef1f,74f80917f6b245d718c201d58e0d3599f2e4b3e0,6e3eae8f947434b059e5a978367da935061b793c352f12d8261228062d78ef2f
artifacts/datasets/gold-v1-source-aware.json,dcd8d90081973b7b9a05ee6ef41623756a06232727f3718268945d71a207310a,199,train,0ea45102-057d-4bff-b527-f36326f66d33,liderazgos_diplomacia_proyectos,participacion_social_regional,0.38230136036872864,outputs/experiments/beto-u1/beto-lr2e5,4fea08ebf3da420a8ef1b04b151822b32c7f4869408335ab0c5885eb7945ef1f,74f80917f6b245d718c201d58e0d3599f2e4b3e0,81ff72674f4582903496fb7fabe0415784b30176e5a823cfe92fb0a02dbef0cf
artifacts/datasets/gold-v1-source-aware.json,dcd8d90081973b7b9a05ee6ef41623756a06232727f3718268945d71a207310a,200,test,15e52806-3d75-4117-937d-7c7eda594579,organizacion_consecuencias_republicanas,no_relevante,0.27121806144714355,outputs/experiments/beto-u1/beto-lr2e5,4fea08ebf3da420a8ef1b04b151822b32c7f4869408335ab0c5885eb7945ef1f,74f80917f6b245d718c201d58e0d3599f2e4b3e0,c5484dd620d5291a53d3895c931a455c713c78b70437c7af71607e17604e5f45
artifacts/datasets/gold-v1-source-aware.json,dcd8d90081973b7b9a05ee6ef41623756a06232727f3718268945d71a207310a,201,train,0ea45102-057d-4bff-b527-f36326f66d33,no_relevante,no_relevante,0.8844830393791199,outputs/experiments/beto-u1/beto-lr2e5,4fea08ebf3da420a8ef1b04b151822b32c7f4869408335ab0c5885eb7945ef1f,74f80917f6b245d718c201d58e0d3599f2e4b3e0,d13da8611c42702e7c6d825befdbb78f965111745e4cfeffe108898ee37ff861
artifacts/datasets/gold-v1-source-aware.json,dcd8d90081973b7b9a05ee6ef41623756a06232727f3718268945d71a207310a,202,train,0ea45102-057d-4bff-b527-f36326f66d33,contexto_colonial_antecedentes,participacion_social_regional,0.29771101474761963,outputs/experiments/beto-u1/beto-lr2e5,4fea08ebf3da420a8ef1b04b151822b32c7f4869408335ab0c5885eb7945ef1f,74f80917f6b245d718c201d58e0d3599f2e4b3e0,ca064fdb29904855a4997f81234262b47e3b52a1a39926fafc8bbc1b61abe40a
artifacts/datasets/gold-v1-source-aware.json,dcd8d90081973b7b9a05ee6ef41623756a06232727f3718268945d71a207310a,203,train,0ea45102-057d-4bff-b527-f36326f66d33,crisis_ideas_emancipadoras,crisis_ideas_emancipadoras,0.26364442706108093,outputs/experiments/beto-u1/beto-lr2e5,4fea08ebf3da420a8ef1b04b151822b32c7f4869408335ab0c5885eb7945ef1f,74f80917f6b245d718c201d58e0d3599f2e4b3e0,1a6219ebdfa2a7870378001b2e92321adbc6c0734485082bf40666c3fa9bb7b5
artifacts/datasets/gold-v1-source-aware.json,dcd8d90081973b7b9a05ee6ef41623756a06232727f3718268945d71a207310a,204,train,0ea45102-057d-4bff-b527-f36326f66d33,liderazgos_diplomacia_proyectos,participacion_social_regional,0.26665475964546204,outputs/experiments/beto-u1/beto-lr2e5,4fea08ebf3da420a8ef1b04b151822b32c7f4869408335ab0c5885eb7945ef1f,74f80917f6b245d718c201d58e0d3599f2e4b3e0,45b4d84767ce96f2e75d146e20982b089cb71b26a2eece7e2540899162d6ccd6
artifacts/datasets/gold-v1-source-aware.json,dcd8d90081973b7b9a05ee6ef41623756a06232727f3718268945d71a207310a,205,val,b23a4bf1-b9f4-4c08-bb89-a4cf4a67e004,contexto_colonial_antecedentes,contexto_colonial_antecedentes,0.27340808510780334,outputs/experiments/beto-u1/beto-lr2e5,4fea08ebf3da420a8ef1b04b151822b32c7f4869408335ab0c5885eb7945ef1f,74f80917f6b245d718c201d58e0d3599f2e4b3e0,bb55c8c9173928f3ef17cabb675718d1048cf03c9a8b50aa10fbff3a3d5625ed
artifacts/datasets/gold-v1-source-aware.json,dcd8d90081973b7b9a05ee6ef41623756a06232727f3718268945d71a207310a,206,train,0ea45102-057d-4bff-b527-f36326f66d33,organizacion_consecuencias_republicanas,crisis_ideas_emancipadoras,0.32836371660232544,outputs/experiments/beto-u1/beto-lr2e5,4fea08ebf3da420a8ef1b04b151822b32c7f4869408335ab0c5885eb7945ef1f,74f80917f6b245d718c201d58e0d3599f2e4b3e0,cb33f5d4cffbfd5f531938ea0ecdbbc74ac888df60591dd6a7ff3965ff417287
artifacts/datasets/gold-v1-source-aware.json,dcd8d90081973b7b9a05ee6ef41623756a06232727f3718268945d71a207310a,207,train,0ea45102-057d-4bff-b527-f36326f66d33,no_relevante,no_relevante,0.8786221146583557,outputs/experiments/beto-u1/beto-lr2e5,4fea08ebf3da420a8ef1b04b151822b32c7f4869408335ab0c5885eb7945ef1f,74f80917f6b245d718c201d58e0d3599f2e4b3e0,92ea25789dba75903fd7d1a19f2e71f774642f141620810e7ae581f37482d602
artifacts/datasets/gold-v1-source-aware.json,dcd8d90081973b7b9a05ee6ef41623756a06232727f3718268945d71a207310a,208,val,b23a4bf1-b9f4-4c08-bb89-a4cf4a67e004,contexto_colonial_antecedentes,contexto_colonial_antecedentes,0.38552168011665344,outputs/experiments/beto-u1/beto-lr2e5,4fea08ebf3da420a8ef1b04b151822b32c7f4869408335ab0c5885eb7945ef1f,74f80917f6b245d718c201d58e0d3599f2e4b3e0,da54fa8684ebdd56e94f022fe974b5334573591532d6d6e526862b3b10e729c6
artifacts/datasets/gold-v1-source-aware.json,dcd8d90081973b7b9a05ee6ef41623756a06232727f3718268945d71a207310a,209,val,b23a4bf1-b9f4-4c08-bb89-a4cf4a67e004,contexto_colonial_antecedentes,participacion_social_regional,0.3426121473312378,outputs/experiments/beto-u1/beto-lr2e5,4fea08ebf3da420a8ef1b04b151822b32c7f4869408335ab0c5885eb7945ef1f,74f80917f6b245d718c201d58e0d3599f2e4b3e0,4c7588b7bce0c858c647e64f8ae166220daca6b9b101e695bb48c2ff00328a9c
artifacts/datasets/gold-v1-source-aware.json,dcd8d90081973b7b9a05ee6ef41623756a06232727f3718268945d71a207310a,210,val,b23a4bf1-b9f4-4c08-bb89-a4cf4a67e004,contexto_colonial_antecedentes,contexto_colonial_antecedentes,0.30126091837882996,outputs/experiments/beto-u1/beto-lr2e5,4fea08ebf3da420a8ef1b04b151822b32c7f4869408335ab0c5885eb7945ef1f,74f80917f6b245d718c201d58e0d3599f2e4b3e0,494244120ec246f0241169a01689706f2aa8936cc76d86fc4159247e70f19925
artifacts/datasets/gold-v1-source-aware.json,dcd8d90081973b7b9a05ee6ef41623756a06232727f3718268945d71a207310a,211,val,b23a4bf1-b9f4-4c08-bb89-a4cf4a67e004,contexto_colonial_antecedentes,contexto_colonial_antecedentes,0.2276335507631302,outputs/experiments/beto-u1/beto-lr2e5,4fea08ebf3da420a8ef1b04b151822b32c7f4869408335ab0c5885eb7945ef1f,74f80917f6b245d718c201d58e0d3599f2e4b3e0,f3de676ad725a31a90c415704cc57d1b0dcdbd2d5e72348e850b35f741da6424
artifacts/datasets/gold-v1-source-aware.json,dcd8d90081973b7b9a05ee6ef41623756a06232727f3718268945d71a207310a,212,val,b23a4bf1-b9f4-4c08-bb89-a4cf4a67e004,crisis_ideas_emancipadoras,contexto_colonial_antecedentes,0.31063681840896606,outputs/experiments/beto-u1/beto-lr2e5,4fea08ebf3da420a8ef1b04b151822b32c7f4869408335ab0c5885eb7945ef1f,74f80917f6b245d718c201d58e0d3599f2e4b3e0,2671aea4d4f5a95b195ef279ffaa203c495eb2a081bd212484168e5c5c7a3997
artifacts/datasets/gold-v1-source-aware.json,dcd8d90081973b7b9a05ee6ef41623756a06232727f3718268945d71a207310a,213,val,b23a4bf1-b9f4-4c08-bb89-a4cf4a67e004,crisis_ideas_emancipadoras,organizacion_consecuencias_republicanas,0.39621028304100037,outputs/experiments/beto-u1/beto-lr2e5,4fea08ebf3da420a8ef1b04b151822b32c7f4869408335ab0c5885eb7945ef1f,74f80917f6b245d718c201d58e0d3599f2e4b3e0,cf505bf9c9e32872d23487b7567b0081199f1c5154f5b3d5a518614900737916
artifacts/datasets/gold-v1-source-aware.json,dcd8d90081973b7b9a05ee6ef41623756a06232727f3718268945d71a207310a,214,test,15e52806-3d75-4117-937d-7c7eda594579,crisis_ideas_emancipadoras,crisis_ideas_emancipadoras,0.322866827249527,outputs/experiments/beto-u1/beto-lr2e5,4fea08ebf3da420a8ef1b04b151822b32c7f4869408335ab0c5885eb7945ef1f,74f80917f6b245d718c201d58e0d3599f2e4b3e0,66c10fb0bc6606a38a2fb0b752154feda0bbb4b43cbaf509d3b7571b559716af
artifacts/datasets/gold-v1-source-aware.json,dcd8d90081973b7b9a05ee6ef41623756a06232727f3718268945d71a207310a,215,test,15e52806-3d75-4117-937d-7c7eda594579,participacion_social_regional,participacion_social_regional,0.32136139273643494,outputs/experiments/beto-u1/beto-lr2e5,4fea08ebf3da420a8ef1b04b151822b32c7f4869408335ab0c5885eb7945ef1f,74f80917f6b245d718c201d58e0d3599f2e4b3e0,af52a56b6a29246ccfcd16a3410893a6051fb26f891af12c8bd153e9cfe5293e
artifacts/datasets/gold-v1-source-aware.json,dcd8d90081973b7b9a05ee6ef41623756a06232727f3718268945d71a207310a,216,test,15e52806-3d75-4117-937d-7c7eda594579,organizacion_consecuencias_republicanas,liderazgos_diplomacia_proyectos,0.2715114951133728,outputs/experiments/beto-u1/beto-lr2e5,4fea08ebf3da420a8ef1b04b151822b32c7f4869408335ab0c5885eb7945ef1f,74f80917f6b245d718c201d58e0d3599f2e4b3e0,21a0151ec613056242d4ac9f4e8cd452f111c5e51de62c3dbdf0c022333af51c
artifacts/datasets/gold-v1-source-aware.json,dcd8d90081973b7b9a05ee6ef41623756a06232727f3718268945d71a207310a,217,test,15e52806-3d75-4117-937d-7c7eda594579,crisis_ideas_emancipadoras,crisis_ideas_emancipadoras,0.3589213192462921,outputs/experiments/beto-u1/beto-lr2e5,4fea08ebf3da420a8ef1b04b151822b32c7f4869408335ab0c5885eb7945ef1f,74f80917f6b245d718c201d58e0d3599f2e4b3e0,85cc24d320dc6d04db7b611606566223f355a1bc43c10269dfde705762436a98
artifacts/datasets/gold-v1-source-aware.json,dcd8d90081973b7b9a05ee6ef41623756a06232727f3718268945d71a207310a,218,val,b23a4bf1-b9f4-4c08-bb89-a4cf4a67e004,crisis_ideas_emancipadoras,organizacion_consecuencias_republicanas,0.35726431012153625,outputs/experiments/beto-u1/beto-lr2e5,4fea08ebf3da420a8ef1b04b151822b32c7f4869408335ab0c5885eb7945ef1f,74f80917f6b245d718c201d58e0d3599f2e4b3e0,b2696c92df48642586495e58f75fc5db647746b809c08d321fc5d18d5f502e0b
artifacts/datasets/gold-v1-source-aware.json,dcd8d90081973b7b9a05ee6ef41623756a06232727f3718268945d71a207310a,219,val,b23a4bf1-b9f4-4c08-bb89-a4cf4a67e004,liderazgos_diplomacia_proyectos,liderazgos_diplomacia_proyectos,0.23757518827915192,outputs/experiments/beto-u1/beto-lr2e5,4fea08ebf3da420a8ef1b04b151822b32c7f4869408335ab0c5885eb7945ef1f,74f80917f6b245d718c201d58e0d3599f2e4b3e0,549bbb0f451377831f1d13f57634b8d107cf158810fd24656bf05069b74f103b
artifacts/datasets/gold-v1-source-aware.json,dcd8d90081973b7b9a05ee6ef41623756a06232727f3718268945d71a207310a,220,train,514f190e-5d01-497a-a6ef-648601cd8bdb,crisis_ideas_emancipadoras,crisis_ideas_emancipadoras,0.4654993414878845,outputs/experiments/beto-u1/beto-lr2e5,4fea08ebf3da420a8ef1b04b151822b32c7f4869408335ab0c5885eb7945ef1f,74f80917f6b245d718c201d58e0d3599f2e4b3e0,8bbfe40c7b80c8a97a0693ca88c42024e0d7bf98544b4b1d2d57b772aa2b28d6
artifacts/datasets/gold-v1-source-aware.json,dcd8d90081973b7b9a05ee6ef41623756a06232727f3718268945d71a207310a,221,test,15e52806-3d75-4117-937d-7c7eda594579,no_relevante,no_relevante,0.4445524215698242,outputs/experiments/beto-u1/beto-lr2e5,4fea08ebf3da420a8ef1b04b151822b32c7f4869408335ab0c5885eb7945ef1f,74f80917f6b245d718c201d58e0d3599f2e4b3e0,628f95bde1d7bf859a8eaafa36ca315788b9c302f0075905bf6bf6cfc40fc472
artifacts/datasets/gold-v1-source-aware.json,dcd8d90081973b7b9a05ee6ef41623756a06232727f3718268945d71a207310a,222,test,15e52806-3d75-4117-937d-7c7eda594579,crisis_ideas_emancipadoras,participacion_social_regional,0.27220651507377625,outputs/experiments/beto-u1/beto-lr2e5,4fea08ebf3da420a8ef1b04b151822b32c7f4869408335ab0c5885eb7945ef1f,74f80917f6b245d718c201d58e0d3599f2e4b3e0,e622cf1549e40ebf7d79537b84623c920a17bd3f958586582fd9057930824b65
artifacts/datasets/gold-v1-source-aware.json,dcd8d90081973b7b9a05ee6ef41623756a06232727f3718268945d71a207310a,223,test,15e52806-3d75-4117-937d-7c7eda594579,no_relevante,crisis_ideas_emancipadoras,0.37486860156059265,outputs/experiments/beto-u1/beto-lr2e5,4fea08ebf3da420a8ef1b04b151822b32c7f4869408335ab0c5885eb7945ef1f,74f80917f6b245d718c201d58e0d3599f2e4b3e0,043afc20d2b324fd16dcac4df336fb9e65c74a9642fe6db5987d712dd387472b
artifacts/datasets/gold-v1-source-aware.json,dcd8d90081973b7b9a05ee6ef41623756a06232727f3718268945d71a207310a,224,val,b23a4bf1-b9f4-4c08-bb89-a4cf4a67e004,organizacion_consecuencias_republicanas,contexto_colonial_antecedentes,0.31819072365760803,outputs/experiments/beto-u1/beto-lr2e5,4fea08ebf3da420a8ef1b04b151822b32c7f4869408335ab0c5885eb7945ef1f,74f80917f6b245d718c201d58e0d3599f2e4b3e0,3137ced2017ac52c61e69998b5c0128e5af9ada51ddded6578a649c1e4d4fa2a
artifacts/datasets/gold-v1-source-aware.json,dcd8d90081973b7b9a05ee6ef41623756a06232727f3718268945d71a207310a,225,val,b23a4bf1-b9f4-4c08-bb89-a4cf4a67e004,no_relevante,no_relevante,0.6261281371116638,outputs/experiments/beto-u1/beto-lr2e5,4fea08ebf3da420a8ef1b04b151822b32c7f4869408335ab0c5885eb7945ef1f,74f80917f6b245d718c201d58e0d3599f2e4b3e0,996b1f4925457a7546e023f17290349af42bd22e72bda29b1b860c6f32d7a806
artifacts/datasets/gold-v1-source-aware.json,dcd8d90081973b7b9a05ee6ef41623756a06232727f3718268945d71a207310a,226,test,15e52806-3d75-4117-937d-7c7eda594579,no_relevante,no_relevante,0.6307420134544373,outputs/experiments/beto-u1/beto-lr2e5,4fea08ebf3da420a8ef1b04b151822b32c7f4869408335ab0c5885eb7945ef1f,74f80917f6b245d718c201d58e0d3599f2e4b3e0,05d29c6829416c3a63f38d9067ab5759b3cd732828c88c671c6323ad784c6d5b
artifacts/datasets/gold-v1-source-aware.json,dcd8d90081973b7b9a05ee6ef41623756a06232727f3718268945d71a207310a,227,val,b23a4bf1-b9f4-4c08-bb89-a4cf4a67e004,crisis_ideas_emancipadoras,organizacion_consecuencias_republicanas,0.3358135223388672,outputs/experiments/beto-u1/beto-lr2e5,4fea08ebf3da420a8ef1b04b151822b32c7f4869408335ab0c5885eb7945ef1f,74f80917f6b245d718c201d58e0d3599f2e4b3e0,e482ee881d6c87acca7e0b80c4100a04d05b58759cdc61f8ae8c6a0889e8ef2a
artifacts/datasets/gold-v1-source-aware.json,dcd8d90081973b7b9a05ee6ef41623756a06232727f3718268945d71a207310a,228,test,15e52806-3d75-4117-937d-7c7eda594579,crisis_ideas_emancipadoras,crisis_ideas_emancipadoras,0.3585333526134491,outputs/experiments/beto-u1/beto-lr2e5,4fea08ebf3da420a8ef1b04b151822b32c7f4869408335ab0c5885eb7945ef1f,74f80917f6b245d718c201d58e0d3599f2e4b3e0,7977c99bce84636575e08abf21fb91204475fe1060eb3a62f40fc888a52301e9
artifacts/datasets/gold-v1-source-aware.json,dcd8d90081973b7b9a05ee6ef41623756a06232727f3718268945d71a207310a,229,test,15e52806-3d75-4117-937d-7c7eda594579,no_relevante,no_relevante,0.5186396241188049,outputs/experiments/beto-u1/beto-lr2e5,4fea08ebf3da420a8ef1b04b151822b32c7f4869408335ab0c5885eb7945ef1f,74f80917f6b245d718c201d58e0d3599f2e4b3e0,24cdfe79c41d20581f6359ace39d4c31f618425adac95b9724ccde2e30ae0a47
artifacts/datasets/gold-v1-source-aware.json,dcd8d90081973b7b9a05ee6ef41623756a06232727f3718268945d71a207310a,230,test,15e52806-3d75-4117-937d-7c7eda594579,crisis_ideas_emancipadoras,crisis_ideas_emancipadoras,0.3970862030982971,outputs/experiments/beto-u1/beto-lr2e5,4fea08ebf3da420a8ef1b04b151822b32c7f4869408335ab0c5885eb7945ef1f,74f80917f6b245d718c201d58e0d3599f2e4b3e0,b56271704e81b62a8c4438645e13de03d2819f12bb5171a447db986c060f63a3
artifacts/datasets/gold-v1-source-aware.json,dcd8d90081973b7b9a05ee6ef41623756a06232727f3718268945d71a207310a,231,val,b23a4bf1-b9f4-4c08-bb89-a4cf4a67e004,organizacion_consecuencias_republicanas,organizacion_consecuencias_republicanas,0.34221452474594116,outputs/experiments/beto-u1/beto-lr2e5,4fea08ebf3da420a8ef1b04b151822b32c7f4869408335ab0c5885eb7945ef1f,74f80917f6b245d718c201d58e0d3599f2e4b3e0,22ce7f5bd033201adfc9551fa1c1ee2e08df5bb2d1bda8d89a0a9bf4662bebc6
artifacts/datasets/gold-v1-source-aware.json,dcd8d90081973b7b9a05ee6ef41623756a06232727f3718268945d71a207310a,232,test,15e52806-3d75-4117-937d-7c7eda594579,crisis_ideas_emancipadoras,crisis_ideas_emancipadoras,0.3535365164279938,outputs/experiments/beto-u1/beto-lr2e5,4fea08ebf3da420a8ef1b04b151822b32c7f4869408335ab0c5885eb7945ef1f,74f80917f6b245d718c201d58e0d3599f2e4b3e0,013e5a14563090ee5e99a74ead96978f0a45cc8713f761ca6e4fbe0f1a2a8462
artifacts/datasets/gold-v1-source-aware.json,dcd8d90081973b7b9a05ee6ef41623756a06232727f3718268945d71a207310a,233,train,9f60a031-0183-478c-a1f8-a3bdd37d7b0b,participacion_social_regional,campanias_conflictos_militares,0.37537479400634766,outputs/experiments/beto-u1/beto-lr2e5,4fea08ebf3da420a8ef1b04b151822b32c7f4869408335ab0c5885eb7945ef1f,74f80917f6b245d718c201d58e0d3599f2e4b3e0,1f75726e8e8f080601526f24f275ad72a37f62e30dbd61d6f2257681a4cb6826
artifacts/datasets/gold-v1-source-aware.json,dcd8d90081973b7b9a05ee6ef41623756a06232727f3718268945d71a207310a,234,val,b23a4bf1-b9f4-4c08-bb89-a4cf4a67e004,no_relevante,participacion_social_regional,0.3328501582145691,outputs/experiments/beto-u1/beto-lr2e5,4fea08ebf3da420a8ef1b04b151822b32c7f4869408335ab0c5885eb7945ef1f,74f80917f6b245d718c201d58e0d3599f2e4b3e0,98720417b20386b437038fd5432e1ba60933404fad067d24431c928b11c9edca
artifacts/datasets/gold-v1-source-aware.json,dcd8d90081973b7b9a05ee6ef41623756a06232727f3718268945d71a207310a,235,test,15e52806-3d75-4117-937d-7c7eda594579,crisis_ideas_emancipadoras,crisis_ideas_emancipadoras,0.36755943298339844,outputs/experiments/beto-u1/beto-lr2e5,4fea08ebf3da420a8ef1b04b151822b32c7f4869408335ab0c5885eb7945ef1f,74f80917f6b245d718c201d58e0d3599f2e4b3e0,ff6127fa32b1bc91e5ad41c2222b66296e5f0b50bfdd3a5df9d67160aa1b7ffc
artifacts/datasets/gold-v1-source-aware.json,dcd8d90081973b7b9a05ee6ef41623756a06232727f3718268945d71a207310a,236,val,b23a4bf1-b9f4-4c08-bb89-a4cf4a67e004,liderazgos_diplomacia_proyectos,no_relevante,0.5220243334770203,outputs/experiments/beto-u1/beto-lr2e5,4fea08ebf3da420a8ef1b04b151822b32c7f4869408335ab0c5885eb7945ef1f,74f80917f6b245d718c201d58e0d3599f2e4b3e0,65ebc2952d43efabbdf2c2ec8441a5f646c5a497effa642bc6b86de033c177d1
artifacts/datasets/gold-v1-source-aware.json,dcd8d90081973b7b9a05ee6ef41623756a06232727f3718268945d71a207310a,237,val,b23a4bf1-b9f4-4c08-bb89-a4cf4a67e004,organizacion_consecuencias_republicanas,participacion_social_regional,0.3111759424209595,outputs/experiments/beto-u1/beto-lr2e5,4fea08ebf3da420a8ef1b04b151822b32c7f4869408335ab0c5885eb7945ef1f,74f80917f6b245d718c201d58e0d3599f2e4b3e0,c70310278488e072b730846f88c4c9a0127f592b8db8a310098d8fa11a894490
artifacts/datasets/gold-v1-source-aware.json,dcd8d90081973b7b9a05ee6ef41623756a06232727f3718268945d71a207310a,238,val,b23a4bf1-b9f4-4c08-bb89-a4cf4a67e004,no_relevante,no_relevante,0.44139915704727173,outputs/experiments/beto-u1/beto-lr2e5,4fea08ebf3da420a8ef1b04b151822b32c7f4869408335ab0c5885eb7945ef1f,74f80917f6b245d718c201d58e0d3599f2e4b3e0,d64882415e8001ce482ade60da4314d9ac8836171221f72d05a9eb9ed3442bc4
artifacts/datasets/gold-v1-source-aware.json,dcd8d90081973b7b9a05ee6ef41623756a06232727f3718268945d71a207310a,239,val,b23a4bf1-b9f4-4c08-bb89-a4cf4a67e004,crisis_ideas_emancipadoras,no_relevante,0.23109565675258636,outputs/experiments/beto-u1/beto-lr2e5,4fea08ebf3da420a8ef1b04b151822b32c7f4869408335ab0c5885eb7945ef1f,74f80917f6b245d718c201d58e0d3599f2e4b3e0,009e8f9bc4e032b62a5c32bac293e9c8e2b1201b4c22950ccfcaa23c8e9a5a0a
artifacts/datasets/gold-v1-source-aware.json,dcd8d90081973b7b9a05ee6ef41623756a06232727f3718268945d71a207310a,240,val,b23a4bf1-b9f4-4c08-bb89-a4cf4a67e004,no_relevante,no_relevante,0.5276709198951721,outputs/experiments/beto-u1/beto-lr2e5,4fea08ebf3da420a8ef1b04b151822b32c7f4869408335ab0c5885eb7945ef1f,74f80917f6b245d718c201d58e0d3599f2e4b3e0,e6671edae5f843f790c3cfd1d712c24b6f5142e375dea17c6fe5532ce04a75f2
artifacts/datasets/gold-v1-source-aware.json,dcd8d90081973b7b9a05ee6ef41623756a06232727f3718268945d71a207310a,241,val,b23a4bf1-b9f4-4c08-bb89-a4cf4a67e004,crisis_ideas_emancipadoras,organizacion_consecuencias_republicanas,0.40942639112472534,outputs/experiments/beto-u1/beto-lr2e5,4fea08ebf3da420a8ef1b04b151822b32c7f4869408335ab0c5885eb7945ef1f,74f80917f6b245d718c201d58e0d3599f2e4b3e0,d6af2a58cb96e0556fecde61d84b3c3a43c88d12dc799805c58126b1b5a2e222
artifacts/datasets/gold-v1-source-aware.json,dcd8d90081973b7b9a05ee6ef41623756a06232727f3718268945d71a207310a,242,val,b23a4bf1-b9f4-4c08-bb89-a4cf4a67e004,contexto_colonial_antecedentes,organizacion_consecuencias_republicanas,0.2514260411262512,outputs/experiments/beto-u1/beto-lr2e5,4fea08ebf3da420a8ef1b04b151822b32c7f4869408335ab0c5885eb7945ef1f,74f80917f6b245d718c201d58e0d3599f2e4b3e0,d1c2622da4de302051dc6b02084aca46b2eb6ade0d688ae2f6618413504a7ad7
artifacts/datasets/gold-v1-source-aware.json,dcd8d90081973b7b9a05ee6ef41623756a06232727f3718268945d71a207310a,243,val,b23a4bf1-b9f4-4c08-bb89-a4cf4a67e004,crisis_ideas_emancipadoras,contexto_colonial_antecedentes,0.2917020916938782,outputs/experiments/beto-u1/beto-lr2e5,4fea08ebf3da420a8ef1b04b151822b32c7f4869408335ab0c5885eb7945ef1f,74f80917f6b245d718c201d58e0d3599f2e4b3e0,a3499e5a83df1dead8d22149709f79b36524c8ab009252b49a6f16d0e080751a
artifacts/datasets/gold-v1-source-aware.json,dcd8d90081973b7b9a05ee6ef41623756a06232727f3718268945d71a207310a,244,val,b23a4bf1-b9f4-4c08-bb89-a4cf4a67e004,participacion_social_regional,organizacion_consecuencias_republicanas,0.2725450396537781,outputs/experiments/beto-u1/beto-lr2e5,4fea08ebf3da420a8ef1b04b151822b32c7f4869408335ab0c5885eb7945ef1f,74f80917f6b245d718c201d58e0d3599f2e4b3e0,7750096c37548cabac01e8270935390baeb99e1a30ae3f655c30a153ac2cb60c
artifacts/datasets/gold-v1-source-aware.json,dcd8d90081973b7b9a05ee6ef41623756a06232727f3718268945d71a207310a,245,val,b23a4bf1-b9f4-4c08-bb89-a4cf4a67e004,liderazgos_diplomacia_proyectos,participacion_social_regional,0.25487011671066284,outputs/experiments/beto-u1/beto-lr2e5,4fea08ebf3da420a8ef1b04b151822b32c7f4869408335ab0c5885eb7945ef1f,74f80917f6b245d718c201d58e0d3599f2e4b3e0,23af1bf68e076ff9088577507f50c2bf8d001b6b184fcfd5ff3a4fb0af7e8867
artifacts/datasets/gold-v1-source-aware.json,dcd8d90081973b7b9a05ee6ef41623756a06232727f3718268945d71a207310a,246,val,b23a4bf1-b9f4-4c08-bb89-a4cf4a67e004,no_relevante,no_relevante,0.28511083126068115,outputs/experiments/beto-u1/beto-lr2e5,4fea08ebf3da420a8ef1b04b151822b32c7f4869408335ab0c5885eb7945ef1f,74f80917f6b245d718c201d58e0d3599f2e4b3e0,2cf3a32f0a21b313a3393762d299f9c83dd429858cb69c3083b2a7555dfac9ae
artifacts/datasets/gold-v1-source-aware.json,dcd8d90081973b7b9a05ee6ef41623756a06232727f3718268945d71a207310a,247,test,15e52806-3d75-4117-937d-7c7eda594579,no_relevante,crisis_ideas_emancipadoras,0.38001152873039246,outputs/experiments/beto-u1/beto-lr2e5,4fea08ebf3da420a8ef1b04b151822b32c7f4869408335ab0c5885eb7945ef1f,74f80917f6b245d718c201d58e0d3599f2e4b3e0,596ca3d8eb4ca7f471928736c891ad42967c4185f3208643ad7e93940a95786b
artifacts/datasets/gold-v1-source-aware.json,dcd8d90081973b7b9a05ee6ef41623756a06232727f3718268945d71a207310a,248,train,514f190e-5d01-497a-a6ef-648601cd8bdb,crisis_ideas_emancipadoras,crisis_ideas_emancipadoras,0.49535587430000305,outputs/experiments/beto-u1/beto-lr2e5,4fea08ebf3da420a8ef1b04b151822b32c7f4869408335ab0c5885eb7945ef1f,74f80917f6b245d718c201d58e0d3599f2e4b3e0,062e3a1d0c832645397a0309cb187bf2d86a05a9890d74f8ceb367e474120510
artifacts/datasets/gold-v1-source-aware.json,dcd8d90081973b7b9a05ee6ef41623756a06232727f3718268945d71a207310a,249,val,b23a4bf1-b9f4-4c08-bb89-a4cf4a67e004,crisis_ideas_emancipadoras,organizacion_consecuencias_republicanas,0.4015096127986908,outputs/experiments/beto-u1/beto-lr2e5,4fea08ebf3da420a8ef1b04b151822b32c7f4869408335ab0c5885eb7945ef1f,74f80917f6b245d718c201d58e0d3599f2e4b3e0,cf80d14d7f6a95b894e81007ec5a59fb117ecff2814cf77da51407ef13c95464
artifacts/datasets/gold-v1-source-aware.json,dcd8d90081973b7b9a05ee6ef41623756a06232727f3718268945d71a207310a,250,val,b23a4bf1-b9f4-4c08-bb89-a4cf4a67e004,crisis_ideas_emancipadoras,organizacion_consecuencias_republicanas,0.33452311158180237,outputs/experiments/beto-u1/beto-lr2e5,4fea08ebf3da420a8ef1b04b151822b32c7f4869408335ab0c5885eb7945ef1f,74f80917f6b245d718c201d58e0d3599f2e4b3e0,a470796026199d4cf58fe1e2bb2d2797a3917f950fb6cd52ff0912ac709ec9a9
artifacts/datasets/gold-v1-source-aware.json,dcd8d90081973b7b9a05ee6ef41623756a06232727f3718268945d71a207310a,251,train,0ea45102-057d-4bff-b527-f36326f66d33,crisis_ideas_emancipadoras,crisis_ideas_emancipadoras,0.26642370223999023,outputs/experiments/beto-u1/beto-lr2e5,4fea08ebf3da420a8ef1b04b151822b32c7f4869408335ab0c5885eb7945ef1f,74f80917f6b245d718c201d58e0d3599f2e4b3e0,9e2f8863871c1db5e9b0798593281e0c5617356c2122ac189d3e2d5702b602b4
artifacts/datasets/gold-v1-source-aware.json,dcd8d90081973b7b9a05ee6ef41623756a06232727f3718268945d71a207310a,252,train,0ea45102-057d-4bff-b527-f36326f66d33,liderazgos_diplomacia_proyectos,participacion_social_regional,0.2818602919578552,outputs/experiments/beto-u1/beto-lr2e5,4fea08ebf3da420a8ef1b04b151822b32c7f4869408335ab0c5885eb7945ef1f,74f80917f6b245d718c201d58e0d3599f2e4b3e0,c31836b874fb8c1e7786812389885b8bf3c2fa5c0a5038225c3b2bb49177092c
artifacts/datasets/gold-v1-source-aware.json,dcd8d90081973b7b9a05ee6ef41623756a06232727f3718268945d71a207310a,253,train,0ea45102-057d-4bff-b527-f36326f66d33,no_relevante,no_relevante,0.6938117742538452,outputs/experiments/beto-u1/beto-lr2e5,4fea08ebf3da420a8ef1b04b151822b32c7f4869408335ab0c5885eb7945ef1f,74f80917f6b245d718c201d58e0d3599f2e4b3e0,2b69814b9262efad7c10d7e9a56585c26ed01215c1aa9e2be51fbe148eb4b5cb
artifacts/datasets/gold-v1-source-aware.json,dcd8d90081973b7b9a05ee6ef41623756a06232727f3718268945d71a207310a,254,val,b23a4bf1-b9f4-4c08-bb89-a4cf4a67e004,participacion_social_regional,organizacion_consecuencias_republicanas,0.23750758171081543,outputs/experiments/beto-u1/beto-lr2e5,4fea08ebf3da420a8ef1b04b151822b32c7f4869408335ab0c5885eb7945ef1f,74f80917f6b245d718c201d58e0d3599f2e4b3e0,1a0315ec85fde041c10f3ec55f7289290b7f15f1ac9b77eec9f4a571a1f6cae9
artifacts/datasets/gold-v1-source-aware.json,dcd8d90081973b7b9a05ee6ef41623756a06232727f3718268945d71a207310a,255,val,b23a4bf1-b9f4-4c08-bb89-a4cf4a67e004,organizacion_consecuencias_republicanas,participacion_social_regional,0.29555484652519226,outputs/experiments/beto-u1/beto-lr2e5,4fea08ebf3da420a8ef1b04b151822b32c7f4869408335ab0c5885eb7945ef1f,74f80917f6b245d718c201d58e0d3599f2e4b3e0,0d7dd9983e2b9d967c42e2c64f1b01a62c95af563d28c28878acda8fd7091a58
artifacts/datasets/gold-v1-source-aware.json,dcd8d90081973b7b9a05ee6ef41623756a06232727f3718268945d71a207310a,256,val,b23a4bf1-b9f4-4c08-bb89-a4cf4a67e004,participacion_social_regional,liderazgos_diplomacia_proyectos,0.21212820708751678,outputs/experiments/beto-u1/beto-lr2e5,4fea08ebf3da420a8ef1b04b151822b32c7f4869408335ab0c5885eb7945ef1f,74f80917f6b245d718c201d58e0d3599f2e4b3e0,569f02ce2af7eb4c456338093af702d7fefd49572397f4ce5010d1b1667d949a
artifacts/datasets/gold-v1-source-aware.json,dcd8d90081973b7b9a05ee6ef41623756a06232727f3718268945d71a207310a,257,val,b23a4bf1-b9f4-4c08-bb89-a4cf4a67e004,organizacion_consecuencias_republicanas,organizacion_consecuencias_republicanas,0.21629396080970764,outputs/experiments/beto-u1/beto-lr2e5,4fea08ebf3da420a8ef1b04b151822b32c7f4869408335ab0c5885eb7945ef1f,74f80917f6b245d718c201d58e0d3599f2e4b3e0,fec20abb4fd1493a36bd1fd884af9b35e751fe151b830d2998b07d43683dab0b
artifacts/datasets/gold-v1-source-aware.json,dcd8d90081973b7b9a05ee6ef41623756a06232727f3718268945d71a207310a,258,val,b23a4bf1-b9f4-4c08-bb89-a4cf4a67e004,no_relevante,contexto_colonial_antecedentes,0.27156051993370056,outputs/experiments/beto-u1/beto-lr2e5,4fea08ebf3da420a8ef1b04b151822b32c7f4869408335ab0c5885eb7945ef1f,74f80917f6b245d718c201d58e0d3599f2e4b3e0,fa55c152ba674c65fa0cbd4cac8c13f13cb9d9db6feeb7a4b2c049e976bd5544
artifacts/datasets/gold-v1-source-aware.json,dcd8d90081973b7b9a05ee6ef41623756a06232727f3718268945d71a207310a,259,val,b23a4bf1-b9f4-4c08-bb89-a4cf4a67e004,crisis_ideas_emancipadoras,organizacion_consecuencias_republicanas,0.2229604721069336,outputs/experiments/beto-u1/beto-lr2e5,4fea08ebf3da420a8ef1b04b151822b32c7f4869408335ab0c5885eb7945ef1f,74f80917f6b245d718c201d58e0d3599f2e4b3e0,d8b6abc3bdc64b80ec335d9ef16a6f8279d382496358fef8e650927b7f51482a
artifacts/datasets/gold-v1-source-aware.json,dcd8d90081973b7b9a05ee6ef41623756a06232727f3718268945d71a207310a,260,val,b23a4bf1-b9f4-4c08-bb89-a4cf4a67e004,crisis_ideas_emancipadoras,organizacion_consecuencias_republicanas,0.2573982775211334,outputs/experiments/beto-u1/beto-lr2e5,4fea08ebf3da420a8ef1b04b151822b32c7f4869408335ab0c5885eb7945ef1f,74f80917f6b245d718c201d58e0d3599f2e4b3e0,c80d7ae9616e405273d1ac8b7c4216fa5ea85188e9024e8b7991b608578afb04
artifacts/datasets/gold-v1-source-aware.json,dcd8d90081973b7b9a05ee6ef41623756a06232727f3718268945d71a207310a,261,train,9fecbe5a-9fb2-4002-a088-8a2810db938e,campanias_conflictos_militares,campanias_conflictos_militares,0.5119437575340271,outputs/experiments/beto-u1/beto-lr2e5,4fea08ebf3da420a8ef1b04b151822b32c7f4869408335ab0c5885eb7945ef1f,74f80917f6b245d718c201d58e0d3599f2e4b3e0,9cbe114e647b1a94c61b226060dcd0c0fa0587e9b5310dbf175ba7b1b41966f4
artifacts/datasets/gold-v1-source-aware.json,dcd8d90081973b7b9a05ee6ef41623756a06232727f3718268945d71a207310a,262,val,b23a4bf1-b9f4-4c08-bb89-a4cf4a67e004,participacion_social_regional,participacion_social_regional,0.21510863304138184,outputs/experiments/beto-u1/beto-lr2e5,4fea08ebf3da420a8ef1b04b151822b32c7f4869408335ab0c5885eb7945ef1f,74f80917f6b245d718c201d58e0d3599f2e4b3e0,34caac87bdafccb1dcdd22fa3b520b8ec027094fbb560987c298d9a700cac4cb
artifacts/datasets/gold-v1-source-aware.json,dcd8d90081973b7b9a05ee6ef41623756a06232727f3718268945d71a207310a,263,train,9f60a031-0183-478c-a1f8-a3bdd37d7b0b,organizacion_consecuencias_republicanas,participacion_social_regional,0.28088894486427307,outputs/experiments/beto-u1/beto-lr2e5,4fea08ebf3da420a8ef1b04b151822b32c7f4869408335ab0c5885eb7945ef1f,74f80917f6b245d718c201d58e0d3599f2e4b3e0,02bef33f18c1cd3490df1142d870baab433df409a855616e41adfe4a824c2c3d
artifacts/datasets/gold-v1-source-aware.json,dcd8d90081973b7b9a05ee6ef41623756a06232727f3718268945d71a207310a,264,train,9f60a031-0183-478c-a1f8-a3bdd37d7b0b,no_relevante,no_relevante,0.8730074167251587,outputs/experiments/beto-u1/beto-lr2e5,4fea08ebf3da420a8ef1b04b151822b32c7f4869408335ab0c5885eb7945ef1f,74f80917f6b245d718c201d58e0d3599f2e4b3e0,b58cb5b4ee3f604856b0c0292b4f8f8dbadd590de19616d327b9dd871db4fb8e
artifacts/datasets/gold-v1-source-aware.json,dcd8d90081973b7b9a05ee6ef41623756a06232727f3718268945d71a207310a,265,val,b23a4bf1-b9f4-4c08-bb89-a4cf4a67e004,crisis_ideas_emancipadoras,participacion_social_regional,0.28270772099494934,outputs/experiments/beto-u1/beto-lr2e5,4fea08ebf3da420a8ef1b04b151822b32c7f4869408335ab0c5885eb7945ef1f,74f80917f6b245d718c201d58e0d3599f2e4b3e0,84feffc13d3ccafa288b6657f984219193890bc3c292d24b9b645ee0a5c21e77
artifacts/datasets/gold-v1-source-aware.json,dcd8d90081973b7b9a05ee6ef41623756a06232727f3718268945d71a207310a,266,val,b23a4bf1-b9f4-4c08-bb89-a4cf4a67e004,no_relevante,no_relevante,0.6899999380111694,outputs/experiments/beto-u1/beto-lr2e5,4fea08ebf3da420a8ef1b04b151822b32c7f4869408335ab0c5885eb7945ef1f,74f80917f6b245d718c201d58e0d3599f2e4b3e0,5235e40d30dbe8cdac8e3568fb0cf32bf51e84e9c7394c205a91877cbf49479d
artifacts/datasets/gold-v1-source-aware.json,dcd8d90081973b7b9a05ee6ef41623756a06232727f3718268945d71a207310a,267,val,b23a4bf1-b9f4-4c08-bb89-a4cf4a67e004,organizacion_consecuencias_republicanas,organizacion_consecuencias_republicanas,0.3366921842098236,outputs/experiments/beto-u1/beto-lr2e5,4fea08ebf3da420a8ef1b04b151822b32c7f4869408335ab0c5885eb7945ef1f,74f80917f6b245d718c201d58e0d3599f2e4b3e0,59fbd11556a3de07b293ed4f0960582cc751dbf7db17242a20d5a0a235e32240
artifacts/datasets/gold-v1-source-aware.json,dcd8d90081973b7b9a05ee6ef41623756a06232727f3718268945d71a207310a,268,val,b23a4bf1-b9f4-4c08-bb89-a4cf4a67e004,no_relevante,no_relevante,0.20841920375823975,outputs/experiments/beto-u1/beto-lr2e5,4fea08ebf3da420a8ef1b04b151822b32c7f4869408335ab0c5885eb7945ef1f,74f80917f6b245d718c201d58e0d3599f2e4b3e0,f40a6ae3aea653811d937a8601ed5e32f119b66a2cdb109c3abb6e1e80610949
artifacts/datasets/gold-v1-source-aware.json,dcd8d90081973b7b9a05ee6ef41623756a06232727f3718268945d71a207310a,269,val,b23a4bf1-b9f4-4c08-bb89-a4cf4a67e004,participacion_social_regional,participacion_social_regional,0.2519736588001251,outputs/experiments/beto-u1/beto-lr2e5,4fea08ebf3da420a8ef1b04b151822b32c7f4869408335ab0c5885eb7945ef1f,74f80917f6b245d718c201d58e0d3599f2e4b3e0,fc374afad9d669f05810b15a5e7c679314b48bf040c5422af91c3eaba990cbb6
artifacts/datasets/gold-v1-source-aware.json,dcd8d90081973b7b9a05ee6ef41623756a06232727f3718268945d71a207310a,270,val,b23a4bf1-b9f4-4c08-bb89-a4cf4a67e004,participacion_social_regional,contexto_colonial_antecedentes,0.2811131179332733,outputs/experiments/beto-u1/beto-lr2e5,4fea08ebf3da420a8ef1b04b151822b32c7f4869408335ab0c5885eb7945ef1f,74f80917f6b245d718c201d58e0d3599f2e4b3e0,81dadaf3c2b25a8856b6bc6b764e3748b7df35f910fd5a3a217703998d110bc2
artifacts/datasets/gold-v1-source-aware.json,dcd8d90081973b7b9a05ee6ef41623756a06232727f3718268945d71a207310a,271,val,b23a4bf1-b9f4-4c08-bb89-a4cf4a67e004,organizacion_consecuencias_republicanas,contexto_colonial_antecedentes,0.2245958000421524,outputs/experiments/beto-u1/beto-lr2e5,4fea08ebf3da420a8ef1b04b151822b32c7f4869408335ab0c5885eb7945ef1f,74f80917f6b245d718c201d58e0d3599f2e4b3e0,41adf85e466211a881b432572832d12ca7d9c5913f5d87b29b32955a394f8eb9
artifacts/datasets/gold-v1-source-aware.json,dcd8d90081973b7b9a05ee6ef41623756a06232727f3718268945d71a207310a,272,val,b23a4bf1-b9f4-4c08-bb89-a4cf4a67e004,no_relevante,no_relevante,0.694929301738739,outputs/experiments/beto-u1/beto-lr2e5,4fea08ebf3da420a8ef1b04b151822b32c7f4869408335ab0c5885eb7945ef1f,74f80917f6b245d718c201d58e0d3599f2e4b3e0,55cde95ae3d423be1dd608b44d7ae39210d6554ddcaae5153f4f60abd7b901b3
artifacts/datasets/gold-v1-source-aware.json,dcd8d90081973b7b9a05ee6ef41623756a06232727f3718268945d71a207310a,273,val,b23a4bf1-b9f4-4c08-bb89-a4cf4a67e004,participacion_social_regional,participacion_social_regional,0.30254554748535156,outputs/experiments/beto-u1/beto-lr2e5,4fea08ebf3da420a8ef1b04b151822b32c7f4869408335ab0c5885eb7945ef1f,74f80917f6b245d718c201d58e0d3599f2e4b3e0,a6c2714696cfb8e7e8c3d308aff59a9af3e58fa407f37c270266f6316abc9811
artifacts/datasets/gold-v1-source-aware.json,dcd8d90081973b7b9a05ee6ef41623756a06232727f3718268945d71a207310a,274,val,b23a4bf1-b9f4-4c08-bb89-a4cf4a67e004,no_relevante,no_relevante,0.23076851665973663,outputs/experiments/beto-u1/beto-lr2e5,4fea08ebf3da420a8ef1b04b151822b32c7f4869408335ab0c5885eb7945ef1f,74f80917f6b245d718c201d58e0d3599f2e4b3e0,485f644b1926101105701fa75e64d3285e5fb912f67a6381c3a3245c40da79fe
artifacts/datasets/gold-v1-source-aware.json,dcd8d90081973b7b9a05ee6ef41623756a06232727f3718268945d71a207310a,275,val,b23a4bf1-b9f4-4c08-bb89-a4cf4a67e004,organizacion_consecuencias_republicanas,participacion_social_regional,0.23938408493995667,outputs/experiments/beto-u1/beto-lr2e5,4fea08ebf3da420a8ef1b04b151822b32c7f4869408335ab0c5885eb7945ef1f,74f80917f6b245d718c201d58e0d3599f2e4b3e0,d4b8b792116c894479bedd45373933d13aafb737c4def8f655eab5cd52c7aadf
artifacts/datasets/gold-v1-source-aware.json,dcd8d90081973b7b9a05ee6ef41623756a06232727f3718268945d71a207310a,276,val,b23a4bf1-b9f4-4c08-bb89-a4cf4a67e004,no_relevante,no_relevante,0.8575916290283203,outputs/experiments/beto-u1/beto-lr2e5,4fea08ebf3da420a8ef1b04b151822b32c7f4869408335ab0c5885eb7945ef1f,74f80917f6b245d718c201d58e0d3599f2e4b3e0,8c94dfbc3efee568e06f458e0fd878db8768facf4d7e91cdc8b9f70c5320a4a1
artifacts/datasets/gold-v1-source-aware.json,dcd8d90081973b7b9a05ee6ef41623756a06232727f3718268945d71a207310a,277,train,9f60a031-0183-478c-a1f8-a3bdd37d7b0b,organizacion_consecuencias_republicanas,organizacion_consecuencias_republicanas,0.2724379897117615,outputs/experiments/beto-u1/beto-lr2e5,4fea08ebf3da420a8ef1b04b151822b32c7f4869408335ab0c5885eb7945ef1f,74f80917f6b245d718c201d58e0d3599f2e4b3e0,295c3a0875174557401db7a1af3ffa2032dbe76e29eacf8de7121ea7d42b2832
artifacts/datasets/gold-v1-source-aware.json,dcd8d90081973b7b9a05ee6ef41623756a06232727f3718268945d71a207310a,278,train,0ea45102-057d-4bff-b527-f36326f66d33,no_relevante,no_relevante,0.8772686719894409,outputs/experiments/beto-u1/beto-lr2e5,4fea08ebf3da420a8ef1b04b151822b32c7f4869408335ab0c5885eb7945ef1f,74f80917f6b245d718c201d58e0d3599f2e4b3e0,6e9d33e8395aa06e6947f0243db582d23aea66d4c18125958322f8cf8a81754c
artifacts/datasets/gold-v1-source-aware.json,dcd8d90081973b7b9a05ee6ef41623756a06232727f3718268945d71a207310a,279,val,b23a4bf1-b9f4-4c08-bb89-a4cf4a67e004,campanias_conflictos_militares,campanias_conflictos_militares,0.31986725330352783,outputs/experiments/beto-u1/beto-lr2e5,4fea08ebf3da420a8ef1b04b151822b32c7f4869408335ab0c5885eb7945ef1f,74f80917f6b245d718c201d58e0d3599f2e4b3e0,21be9103ea906727e5c4d2b761065df11e7852e94088c2efc4894bd7dd03f42a
artifacts/datasets/gold-v1-source-aware.json,dcd8d90081973b7b9a05ee6ef41623756a06232727f3718268945d71a207310a,280,train,0ea45102-057d-4bff-b527-f36326f66d33,participacion_social_regional,participacion_social_regional,0.3223935663700104,outputs/experiments/beto-u1/beto-lr2e5,4fea08ebf3da420a8ef1b04b151822b32c7f4869408335ab0c5885eb7945ef1f,74f80917f6b245d718c201d58e0d3599f2e4b3e0,538811c9de302c9fa12b2ac789c672a2393bf54c1ca965759138a8f03e16cfbc
artifacts/datasets/gold-v1-source-aware.json,dcd8d90081973b7b9a05ee6ef41623756a06232727f3718268945d71a207310a,281,val,b23a4bf1-b9f4-4c08-bb89-a4cf4a67e004,campanias_conflictos_militares,campanias_conflictos_militares,0.29057082533836365,outputs/experiments/beto-u1/beto-lr2e5,4fea08ebf3da420a8ef1b04b151822b32c7f4869408335ab0c5885eb7945ef1f,74f80917f6b245d718c201d58e0d3599f2e4b3e0,834fba799ad25aab1067d8f300d73331f0b355a5cc25cf6111956a4732384529
artifacts/datasets/gold-v1-source-aware.json,dcd8d90081973b7b9a05ee6ef41623756a06232727f3718268945d71a207310a,282,val,b23a4bf1-b9f4-4c08-bb89-a4cf4a67e004,no_relevante,participacion_social_regional,0.30975061655044556,outputs/experiments/beto-u1/beto-lr2e5,4fea08ebf3da420a8ef1b04b151822b32c7f4869408335ab0c5885eb7945ef1f,74f80917f6b245d718c201d58e0d3599f2e4b3e0,1b06edad06277bc4cb5cf2f5d3a3ef2b5cc511cdfe1c21fdd8961505064fba1d
artifacts/datasets/gold-v1-source-aware.json,dcd8d90081973b7b9a05ee6ef41623756a06232727f3718268945d71a207310a,283,val,b23a4bf1-b9f4-4c08-bb89-a4cf4a67e004,participacion_social_regional,participacion_social_regional,0.28217628598213196,outputs/experiments/beto-u1/beto-lr2e5,4fea08ebf3da420a8ef1b04b151822b32c7f4869408335ab0c5885eb7945ef1f,74f80917f6b245d718c201d58e0d3599f2e4b3e0,50422a187574f67d197a9e405e2ec7e2ed2ceb00f5961556b6f8d1720b0927ab
artifacts/datasets/gold-v1-source-aware.json,dcd8d90081973b7b9a05ee6ef41623756a06232727f3718268945d71a207310a,284,val,b23a4bf1-b9f4-4c08-bb89-a4cf4a67e004,participacion_social_regional,no_relevante,0.36430859565734863,outputs/experiments/beto-u1/beto-lr2e5,4fea08ebf3da420a8ef1b04b151822b32c7f4869408335ab0c5885eb7945ef1f,74f80917f6b245d718c201d58e0d3599f2e4b3e0,a764d631f1fe528b88d55f17a867fb3bd18c08ff524f430bcdc75805b2ea212c
artifacts/datasets/gold-v1-source-aware.json,dcd8d90081973b7b9a05ee6ef41623756a06232727f3718268945d71a207310a,285,train,9fecbe5a-9fb2-4002-a088-8a2810db938e,crisis_ideas_emancipadoras,no_relevante,0.3814416229724884,outputs/experiments/beto-u1/beto-lr2e5,4fea08ebf3da420a8ef1b04b151822b32c7f4869408335ab0c5885eb7945ef1f,74f80917f6b245d718c201d58e0d3599f2e4b3e0,6ee34efe2f7ddbb59c84790493d01062c1354e35d443a412e053aa33806d6a6d
artifacts/datasets/gold-v1-source-aware.json,dcd8d90081973b7b9a05ee6ef41623756a06232727f3718268945d71a207310a,286,train,0ea45102-057d-4bff-b527-f36326f66d33,crisis_ideas_emancipadoras,crisis_ideas_emancipadoras,0.39788660407066345,outputs/experiments/beto-u1/beto-lr2e5,4fea08ebf3da420a8ef1b04b151822b32c7f4869408335ab0c5885eb7945ef1f,74f80917f6b245d718c201d58e0d3599f2e4b3e0,69eaea88ec451485d431bfcaff38035426128058b389104b03e69e53893176f4
artifacts/datasets/gold-v1-source-aware.json,dcd8d90081973b7b9a05ee6ef41623756a06232727f3718268945d71a207310a,287,train,0ea45102-057d-4bff-b527-f36326f66d33,no_relevante,no_relevante,0.8692465424537659,outputs/experiments/beto-u1/beto-lr2e5,4fea08ebf3da420a8ef1b04b151822b32c7f4869408335ab0c5885eb7945ef1f,74f80917f6b245d718c201d58e0d3599f2e4b3e0,b757b4315e09ae5d42f983e9d4fb68c626be945756e97cc794e55ad2ae4e9d20
artifacts/datasets/gold-v1-source-aware.json,dcd8d90081973b7b9a05ee6ef41623756a06232727f3718268945d71a207310a,288,val,b23a4bf1-b9f4-4c08-bb89-a4cf4a67e004,organizacion_consecuencias_republicanas,participacion_social_regional,0.3362232744693756,outputs/experiments/beto-u1/beto-lr2e5,4fea08ebf3da420a8ef1b04b151822b32c7f4869408335ab0c5885eb7945ef1f,74f80917f6b245d718c201d58e0d3599f2e4b3e0,8998bff010a02db27c1b5e374aa9f7695f49e4a4ed349c02308a60fbe446af31
artifacts/datasets/gold-v1-source-aware.json,dcd8d90081973b7b9a05ee6ef41623756a06232727f3718268945d71a207310a,289,train,0ea45102-057d-4bff-b527-f36326f66d33,no_relevante,no_relevante,0.8297147154808044,outputs/experiments/beto-u1/beto-lr2e5,4fea08ebf3da420a8ef1b04b151822b32c7f4869408335ab0c5885eb7945ef1f,74f80917f6b245d718c201d58e0d3599f2e4b3e0,1b312c298932da1a26993b9b486d68f34b7bd652827d4e95bd6d74e906950de0
artifacts/datasets/gold-v1-source-aware.json,dcd8d90081973b7b9a05ee6ef41623756a06232727f3718268945d71a207310a,290,val,b23a4bf1-b9f4-4c08-bb89-a4cf4a67e004,participacion_social_regional,contexto_colonial_antecedentes,0.28642508387565613,outputs/experiments/beto-u1/beto-lr2e5,4fea08ebf3da420a8ef1b04b151822b32c7f4869408335ab0c5885eb7945ef1f,74f80917f6b245d718c201d58e0d3599f2e4b3e0,f97c352968da27fef214fbd42cd1868d35894ae6a4442478ac4d8e043f4b59b2
artifacts/datasets/gold-v1-source-aware.json,dcd8d90081973b7b9a05ee6ef41623756a06232727f3718268945d71a207310a,291,val,b23a4bf1-b9f4-4c08-bb89-a4cf4a67e004,campanias_conflictos_militares,participacion_social_regional,0.3500083386898041,outputs/experiments/beto-u1/beto-lr2e5,4fea08ebf3da420a8ef1b04b151822b32c7f4869408335ab0c5885eb7945ef1f,74f80917f6b245d718c201d58e0d3599f2e4b3e0,ed12b6d87294012523e120559b60f2df8fb8df29d64dd66d4f38cda6e9381d9d
artifacts/datasets/gold-v1-source-aware.json,dcd8d90081973b7b9a05ee6ef41623756a06232727f3718268945d71a207310a,292,train,9f60a031-0183-478c-a1f8-a3bdd37d7b0b,organizacion_consecuencias_republicanas,contexto_colonial_antecedentes,0.3084988594055176,outputs/experiments/beto-u1/beto-lr2e5,4fea08ebf3da420a8ef1b04b151822b32c7f4869408335ab0c5885eb7945ef1f,74f80917f6b245d718c201d58e0d3599f2e4b3e0,eb78f68bb2923f51e1397509ba2bb99bf5e90a96d15b90d3a524998ec148ca7a
artifacts/datasets/gold-v1-source-aware.json,dcd8d90081973b7b9a05ee6ef41623756a06232727f3718268945d71a207310a,293,val,b23a4bf1-b9f4-4c08-bb89-a4cf4a67e004,organizacion_consecuencias_republicanas,organizacion_consecuencias_republicanas,0.4076586961746216,outputs/experiments/beto-u1/beto-lr2e5,4fea08ebf3da420a8ef1b04b151822b32c7f4869408335ab0c5885eb7945ef1f,74f80917f6b245d718c201d58e0d3599f2e4b3e0,dc359bc08704c53adc7d9fa5c03c36b55f12368db5dcf107b4ef90bf352f0d97
artifacts/datasets/gold-v1-source-aware.json,dcd8d90081973b7b9a05ee6ef41623756a06232727f3718268945d71a207310a,294,val,b23a4bf1-b9f4-4c08-bb89-a4cf4a67e004,organizacion_consecuencias_republicanas,organizacion_consecuencias_republicanas,0.38969549536705017,outputs/experiments/beto-u1/beto-lr2e5,4fea08ebf3da420a8ef1b04b151822b32c7f4869408335ab0c5885eb7945ef1f,74f80917f6b245d718c201d58e0d3599f2e4b3e0,b61470b7b03400b67251ca97b933f06c03b3ff167987402bdfe17a428999c949
artifacts/datasets/gold-v1-source-aware.json,dcd8d90081973b7b9a05ee6ef41623756a06232727f3718268945d71a207310a,295,train,9f60a031-0183-478c-a1f8-a3bdd37d7b0b,organizacion_consecuencias_republicanas,organizacion_consecuencias_republicanas,0.3026683032512665,outputs/experiments/beto-u1/beto-lr2e5,4fea08ebf3da420a8ef1b04b151822b32c7f4869408335ab0c5885eb7945ef1f,74f80917f6b245d718c201d58e0d3599f2e4b3e0,02ae33cdceaf91871af57ed407c092fd41338f80f46ff1682e31ebf0ae819f01
artifacts/datasets/gold-v1-source-aware.json,dcd8d90081973b7b9a05ee6ef41623756a06232727f3718268945d71a207310a,296,train,9f60a031-0183-478c-a1f8-a3bdd37d7b0b,no_relevante,no_relevante,0.8345572352409363,outputs/experiments/beto-u1/beto-lr2e5,4fea08ebf3da420a8ef1b04b151822b32c7f4869408335ab0c5885eb7945ef1f,74f80917f6b245d718c201d58e0d3599f2e4b3e0,a84d1be8ecc836eb99c0d2967ccef6aed9ac8b17a1f5372a34c3e85212c242f9
artifacts/datasets/gold-v1-source-aware.json,dcd8d90081973b7b9a05ee6ef41623756a06232727f3718268945d71a207310a,297,val,b23a4bf1-b9f4-4c08-bb89-a4cf4a67e004,campanias_conflictos_militares,campanias_conflictos_militares,0.22694818675518036,outputs/experiments/beto-u1/beto-lr2e5,4fea08ebf3da420a8ef1b04b151822b32c7f4869408335ab0c5885eb7945ef1f,74f80917f6b245d718c201d58e0d3599f2e4b3e0,bbfe9f5be9486eb9b1489c9c121cb253f8c8546a4d1254eae3ee2b3582323671
artifacts/datasets/gold-v1-source-aware.json,dcd8d90081973b7b9a05ee6ef41623756a06232727f3718268945d71a207310a,298,val,b23a4bf1-b9f4-4c08-bb89-a4cf4a67e004,liderazgos_diplomacia_proyectos,campanias_conflictos_militares,0.3262409567832947,outputs/experiments/beto-u1/beto-lr2e5,4fea08ebf3da420a8ef1b04b151822b32c7f4869408335ab0c5885eb7945ef1f,74f80917f6b245d718c201d58e0d3599f2e4b3e0,b66f1c74cd91c8c10503331aeab680df217b82e2fd1ab73c5288b213cbb9f594
artifacts/datasets/gold-v1-source-aware.json,dcd8d90081973b7b9a05ee6ef41623756a06232727f3718268945d71a207310a,299,train,9fecbe5a-9fb2-4002-a088-8a2810db938e,no_relevante,no_relevante,0.45543980598449707,outputs/experiments/beto-u1/beto-lr2e5,4fea08ebf3da420a8ef1b04b151822b32c7f4869408335ab0c5885eb7945ef1f,74f80917f6b245d718c201d58e0d3599f2e4b3e0,017df3ac0fb8ca250aaae5b9ed03ad949daec97a304e5b87145823ef843b8c89
artifacts/datasets/gold-v1-source-aware.json,dcd8d90081973b7b9a05ee6ef41623756a06232727f3718268945d71a207310a,300,test,15e52806-3d75-4117-937d-7c7eda594579,contexto_colonial_antecedentes,participacion_social_regional,0.28809598088264465,outputs/experiments/beto-u1/beto-lr2e5,4fea08ebf3da420a8ef1b04b151822b32c7f4869408335ab0c5885eb7945ef1f,74f80917f6b245d718c201d58e0d3599f2e4b3e0,3843df394079422eec858d2d55a94045789dd53e0e41152a8b678186329e318b
artifacts/datasets/gold-v1-source-aware.json,dcd8d90081973b7b9a05ee6ef41623756a06232727f3718268945d71a207310a,301,test,15e52806-3d75-4117-937d-7c7eda594579,crisis_ideas_emancipadoras,crisis_ideas_emancipadoras,0.4281892776489258,outputs/experiments/beto-u1/beto-lr2e5,4fea08ebf3da420a8ef1b04b151822b32c7f4869408335ab0c5885eb7945ef1f,74f80917f6b245d718c201d58e0d3599f2e4b3e0,1843c0bd77b800814735dc51d1fd60565d190929c8395bfaa9be99c86a4010a8
artifacts/datasets/gold-v1-source-aware.json,dcd8d90081973b7b9a05ee6ef41623756a06232727f3718268945d71a207310a,302,test,15e52806-3d75-4117-937d-7c7eda594579,crisis_ideas_emancipadoras,crisis_ideas_emancipadoras,0.4557372033596039,outputs/experiments/beto-u1/beto-lr2e5,4fea08ebf3da420a8ef1b04b151822b32c7f4869408335ab0c5885eb7945ef1f,74f80917f6b245d718c201d58e0d3599f2e4b3e0,8732f8f1de7039f3104e92b35799a3c34234126744fe3e979ee896655d76186f
artifacts/datasets/gold-v1-source-aware.json,dcd8d90081973b7b9a05ee6ef41623756a06232727f3718268945d71a207310a,303,test,15e52806-3d75-4117-937d-7c7eda594579,no_relevante,no_relevante,0.3196234405040741,outputs/experiments/beto-u1/beto-lr2e5,4fea08ebf3da420a8ef1b04b151822b32c7f4869408335ab0c5885eb7945ef1f,74f80917f6b245d718c201d58e0d3599f2e4b3e0,21c192abf35d929012abec60a8d4452a6ca1925145c455a1f501db6eb464d580
artifacts/datasets/gold-v1-source-aware.json,dcd8d90081973b7b9a05ee6ef41623756a06232727f3718268945d71a207310a,304,test,15e52806-3d75-4117-937d-7c7eda594579,participacion_social_regional,participacion_social_regional,0.27944689989089966,outputs/experiments/beto-u1/beto-lr2e5,4fea08ebf3da420a8ef1b04b151822b32c7f4869408335ab0c5885eb7945ef1f,74f80917f6b245d718c201d58e0d3599f2e4b3e0,9c8a8d2493ad49d79354dac4a8a9233eb8ef243febed088b9c0eab96711eb3ed
artifacts/datasets/gold-v1-source-aware.json,dcd8d90081973b7b9a05ee6ef41623756a06232727f3718268945d71a207310a,305,test,15e52806-3d75-4117-937d-7c7eda594579,no_relevante,crisis_ideas_emancipadoras,0.2692427337169647,outputs/experiments/beto-u1/beto-lr2e5,4fea08ebf3da420a8ef1b04b151822b32c7f4869408335ab0c5885eb7945ef1f,74f80917f6b245d718c201d58e0d3599f2e4b3e0,61bfed1d2282e9ad0018d972731d846f5c018533dd376a97d79c4720dc96886b
artifacts/datasets/gold-v1-source-aware.json,dcd8d90081973b7b9a05ee6ef41623756a06232727f3718268945d71a207310a,306,test,15e52806-3d75-4117-937d-7c7eda594579,no_relevante,no_relevante,0.6167567372322083,outputs/experiments/beto-u1/beto-lr2e5,4fea08ebf3da420a8ef1b04b151822b32c7f4869408335ab0c5885eb7945ef1f,74f80917f6b245d718c201d58e0d3599f2e4b3e0,10b4d226266a46ca0b1d9e7bcaa3b640f06495d339635799dbc20ba4220315f4
artifacts/datasets/gold-v1-source-aware.json,dcd8d90081973b7b9a05ee6ef41623756a06232727f3718268945d71a207310a,307,train,9fecbe5a-9fb2-4002-a088-8a2810db938e,contexto_colonial_antecedentes,contexto_colonial_antecedentes,0.354878306388855,outputs/experiments/beto-u1/beto-lr2e5,4fea08ebf3da420a8ef1b04b151822b32c7f4869408335ab0c5885eb7945ef1f,74f80917f6b245d718c201d58e0d3599f2e4b3e0,83063807615e515f378162cc08e448a7c594ab0519fd203475d51557f20cb5d9
artifacts/datasets/gold-v1-source-aware.json,dcd8d90081973b7b9a05ee6ef41623756a06232727f3718268945d71a207310a,308,test,15e52806-3d75-4117-937d-7c7eda594579,contexto_colonial_antecedentes,participacion_social_regional,0.25103193521499634,outputs/experiments/beto-u1/beto-lr2e5,4fea08ebf3da420a8ef1b04b151822b32c7f4869408335ab0c5885eb7945ef1f,74f80917f6b245d718c201d58e0d3599f2e4b3e0,c2ed73d17a1b4d474415c08a124ea521c08c76285fc8eade3a713d48348caa65
artifacts/datasets/gold-v1-source-aware.json,dcd8d90081973b7b9a05ee6ef41623756a06232727f3718268945d71a207310a,309,test,15e52806-3d75-4117-937d-7c7eda594579,participacion_social_regional,participacion_social_regional,0.32631558179855347,outputs/experiments/beto-u1/beto-lr2e5,4fea08ebf3da420a8ef1b04b151822b32c7f4869408335ab0c5885eb7945ef1f,74f80917f6b245d718c201d58e0d3599f2e4b3e0,524e9dd7afc1ffa41d6fca5ac4e00b2816ff3df3f5c51f36ff9e78c70390cc0e
artifacts/datasets/gold-v1-source-aware.json,dcd8d90081973b7b9a05ee6ef41623756a06232727f3718268945d71a207310a,310,test,15e52806-3d75-4117-937d-7c7eda594579,contexto_colonial_antecedentes,participacion_social_regional,0.22325348854064941,outputs/experiments/beto-u1/beto-lr2e5,4fea08ebf3da420a8ef1b04b151822b32c7f4869408335ab0c5885eb7945ef1f,74f80917f6b245d718c201d58e0d3599f2e4b3e0,517afc374401c26e8b956343609aaa952ddfe0ca5c9ab5312858f5855b79ceb8
artifacts/datasets/gold-v1-source-aware.json,dcd8d90081973b7b9a05ee6ef41623756a06232727f3718268945d71a207310a,311,test,15e52806-3d75-4117-937d-7c7eda594579,crisis_ideas_emancipadoras,crisis_ideas_emancipadoras,0.31758275628089905,outputs/experiments/beto-u1/beto-lr2e5,4fea08ebf3da420a8ef1b04b151822b32c7f4869408335ab0c5885eb7945ef1f,74f80917f6b245d718c201d58e0d3599f2e4b3e0,e868e2c491a035f81cfdde17eecc91316aad8cf275c087d0c5d87b14537d19cd
artifacts/datasets/gold-v1-source-aware.json,dcd8d90081973b7b9a05ee6ef41623756a06232727f3718268945d71a207310a,312,test,15e52806-3d75-4117-937d-7c7eda594579,participacion_social_regional,crisis_ideas_emancipadoras,0.28568902611732483,outputs/experiments/beto-u1/beto-lr2e5,4fea08ebf3da420a8ef1b04b151822b32c7f4869408335ab0c5885eb7945ef1f,74f80917f6b245d718c201d58e0d3599f2e4b3e0,aa94f17024c8dc3e6db45d9625bb105fbbebff4899e68e317be3de82e369a3ae
artifacts/datasets/gold-v1-source-aware.json,dcd8d90081973b7b9a05ee6ef41623756a06232727f3718268945d71a207310a,313,train,9fecbe5a-9fb2-4002-a088-8a2810db938e,no_relevante,no_relevante,0.8601372241973877,outputs/experiments/beto-u1/beto-lr2e5,4fea08ebf3da420a8ef1b04b151822b32c7f4869408335ab0c5885eb7945ef1f,74f80917f6b245d718c201d58e0d3599f2e4b3e0,6ac7f20432345df0a38bc628b704e0a10d071a5bec04db6e88e8acbb97fcd2b9
artifacts/datasets/gold-v1-source-aware.json,dcd8d90081973b7b9a05ee6ef41623756a06232727f3718268945d71a207310a,314,test,15e52806-3d75-4117-937d-7c7eda594579,crisis_ideas_emancipadoras,crisis_ideas_emancipadoras,0.35621270537376404,outputs/experiments/beto-u1/beto-lr2e5,4fea08ebf3da420a8ef1b04b151822b32c7f4869408335ab0c5885eb7945ef1f,74f80917f6b245d718c201d58e0d3599f2e4b3e0,39f19dc0ea35f68786f3a1b5f68348c7216ba0dab37a5d334ed28dd48edc68f7
artifacts/datasets/gold-v1-source-aware.json,dcd8d90081973b7b9a05ee6ef41623756a06232727f3718268945d71a207310a,315,test,15e52806-3d75-4117-937d-7c7eda594579,contexto_colonial_antecedentes,liderazgos_diplomacia_proyectos,0.2274673730134964,outputs/experiments/beto-u1/beto-lr2e5,4fea08ebf3da420a8ef1b04b151822b32c7f4869408335ab0c5885eb7945ef1f,74f80917f6b245d718c201d58e0d3599f2e4b3e0,39e88bc22244bb5e479b951be22cf9e1517db4bc0e524e6618f10ad555eaa0f8
artifacts/datasets/gold-v1-source-aware.json,dcd8d90081973b7b9a05ee6ef41623756a06232727f3718268945d71a207310a,316,test,15e52806-3d75-4117-937d-7c7eda594579,crisis_ideas_emancipadoras,participacion_social_regional,0.27608588337898254,outputs/experiments/beto-u1/beto-lr2e5,4fea08ebf3da420a8ef1b04b151822b32c7f4869408335ab0c5885eb7945ef1f,74f80917f6b245d718c201d58e0d3599f2e4b3e0,5031a0ac6240a22e243f5a0cf6f0c1e97e709a00f1c2e07b9dce21a544711cd6
artifacts/datasets/gold-v1-source-aware.json,dcd8d90081973b7b9a05ee6ef41623756a06232727f3718268945d71a207310a,317,test,15e52806-3d75-4117-937d-7c7eda594579,participacion_social_regional,crisis_ideas_emancipadoras,0.2462284415960312,outputs/experiments/beto-u1/beto-lr2e5,4fea08ebf3da420a8ef1b04b151822b32c7f4869408335ab0c5885eb7945ef1f,74f80917f6b245d718c201d58e0d3599f2e4b3e0,833464bddac78e078030ecd9fac801a9e105bbf7b1af287ebe0280a16b271c22
artifacts/datasets/gold-v1-source-aware.json,dcd8d90081973b7b9a05ee6ef41623756a06232727f3718268945d71a207310a,318,test,15e52806-3d75-4117-937d-7c7eda594579,crisis_ideas_emancipadoras,liderazgos_diplomacia_proyectos,0.32513076066970825,outputs/experiments/beto-u1/beto-lr2e5,4fea08ebf3da420a8ef1b04b151822b32c7f4869408335ab0c5885eb7945ef1f,74f80917f6b245d718c201d58e0d3599f2e4b3e0,05850f64aebf77acda6ff8b82c3db7f9d93c981b4143ebec3bc2ab40f2cf086d
artifacts/datasets/gold-v1-source-aware.json,dcd8d90081973b7b9a05ee6ef41623756a06232727f3718268945d71a207310a,319,test,15e52806-3d75-4117-937d-7c7eda594579,contexto_colonial_antecedentes,crisis_ideas_emancipadoras,0.30468395352363586,outputs/experiments/beto-u1/beto-lr2e5,4fea08ebf3da420a8ef1b04b151822b32c7f4869408335ab0c5885eb7945ef1f,74f80917f6b245d718c201d58e0d3599f2e4b3e0,583ca87ee37ead346654c49ad63351e01305a12726ac5401c56cbec9596d12e1
artifacts/datasets/gold-v1-source-aware.json,dcd8d90081973b7b9a05ee6ef41623756a06232727f3718268945d71a207310a,320,train,514f190e-5d01-497a-a6ef-648601cd8bdb,no_relevante,no_relevante,0.6426374912261963,outputs/experiments/beto-u1/beto-lr2e5,4fea08ebf3da420a8ef1b04b151822b32c7f4869408335ab0c5885eb7945ef1f,74f80917f6b245d718c201d58e0d3599f2e4b3e0,1406aebe41d0bb1e1245117fe655cc4fdbe7025206cd660a0581aebed600aed1
artifacts/datasets/gold-v1-source-aware.json,dcd8d90081973b7b9a05ee6ef41623756a06232727f3718268945d71a207310a,321,test,15e52806-3d75-4117-937d-7c7eda594579,contexto_colonial_antecedentes,crisis_ideas_emancipadoras,0.33906984329223633,outputs/experiments/beto-u1/beto-lr2e5,4fea08ebf3da420a8ef1b04b151822b32c7f4869408335ab0c5885eb7945ef1f,74f80917f6b245d718c201d58e0d3599f2e4b3e0,9ea49f237f44f47c2c6a0c00f988ec8f875483d1223037148c46130f6235fc0b
artifacts/datasets/gold-v1-source-aware.json,dcd8d90081973b7b9a05ee6ef41623756a06232727f3718268945d71a207310a,322,test,15e52806-3d75-4117-937d-7c7eda594579,crisis_ideas_emancipadoras,crisis_ideas_emancipadoras,0.36289340257644653,outputs/experiments/beto-u1/beto-lr2e5,4fea08ebf3da420a8ef1b04b151822b32c7f4869408335ab0c5885eb7945ef1f,74f80917f6b245d718c201d58e0d3599f2e4b3e0,04bc12e9765122b277d5963b6f7e83f1dcc5621cf75f81aaaab8684aeed795c1
artifacts/datasets/gold-v1-source-aware.json,dcd8d90081973b7b9a05ee6ef41623756a06232727f3718268945d71a207310a,323,test,15e52806-3d75-4117-937d-7c7eda594579,no_relevante,no_relevante,0.48161083459854126,outputs/experiments/beto-u1/beto-lr2e5,4fea08ebf3da420a8ef1b04b151822b32c7f4869408335ab0c5885eb7945ef1f,74f80917f6b245d718c201d58e0d3599f2e4b3e0,5be3956bda5ca077b24afad2eaba69d756bbf83c8886b244b579b8a86baa675c
artifacts/datasets/gold-v1-source-aware.json,dcd8d90081973b7b9a05ee6ef41623756a06232727f3718268945d71a207310a,324,test,15e52806-3d75-4117-937d-7c7eda594579,crisis_ideas_emancipadoras,crisis_ideas_emancipadoras,0.3330301344394684,outputs/experiments/beto-u1/beto-lr2e5,4fea08ebf3da420a8ef1b04b151822b32c7f4869408335ab0c5885eb7945ef1f,74f80917f6b245d718c201d58e0d3599f2e4b3e0,e0ccf84ec37653b56e417801a0bc842304d6efa3d442af8019528c8e22b62950
artifacts/datasets/gold-v1-source-aware.json,dcd8d90081973b7b9a05ee6ef41623756a06232727f3718268945d71a207310a,325,train,9fecbe5a-9fb2-4002-a088-8a2810db938e,no_relevante,no_relevante,0.8333260416984558,outputs/experiments/beto-u1/beto-lr2e5,4fea08ebf3da420a8ef1b04b151822b32c7f4869408335ab0c5885eb7945ef1f,74f80917f6b245d718c201d58e0d3599f2e4b3e0,0cc79bc682ea503903017310f0655d767ff8ccce18c5755d698d2fc74206e662
artifacts/datasets/gold-v1-source-aware.json,dcd8d90081973b7b9a05ee6ef41623756a06232727f3718268945d71a207310a,326,test,15e52806-3d75-4117-937d-7c7eda594579,participacion_social_regional,participacion_social_regional,0.28477102518081665,outputs/experiments/beto-u1/beto-lr2e5,4fea08ebf3da420a8ef1b04b151822b32c7f4869408335ab0c5885eb7945ef1f,74f80917f6b245d718c201d58e0d3599f2e4b3e0,2fbac54c7bdaba7834a2bbb324c6419c029d98c3db18b9743947952c1e351fe7
artifacts/datasets/gold-v1-source-aware.json,dcd8d90081973b7b9a05ee6ef41623756a06232727f3718268945d71a207310a,327,test,15e52806-3d75-4117-937d-7c7eda594579,no_relevante,crisis_ideas_emancipadoras,0.3820466101169586,outputs/experiments/beto-u1/beto-lr2e5,4fea08ebf3da420a8ef1b04b151822b32c7f4869408335ab0c5885eb7945ef1f,74f80917f6b245d718c201d58e0d3599f2e4b3e0,369289bbad389df6e85c2f7c49e834ab53725e9849a05b2a70f47bae8ace34fc
artifacts/datasets/gold-v1-source-aware.json,dcd8d90081973b7b9a05ee6ef41623756a06232727f3718268945d71a207310a,328,test,15e52806-3d75-4117-937d-7c7eda594579,no_relevante,crisis_ideas_emancipadoras,0.37325355410575867,outputs/experiments/beto-u1/beto-lr2e5,4fea08ebf3da420a8ef1b04b151822b32c7f4869408335ab0c5885eb7945ef1f,74f80917f6b245d718c201d58e0d3599f2e4b3e0,f6f477ec0cf8aa9903d033f6aff94d62c2b4c8e8f060ac3d96445c573b2ff334
artifacts/datasets/gold-v1-source-aware.json,dcd8d90081973b7b9a05ee6ef41623756a06232727f3718268945d71a207310a,329,test,15e52806-3d75-4117-937d-7c7eda594579,contexto_colonial_antecedentes,crisis_ideas_emancipadoras,0.25327619910240173,outputs/experiments/beto-u1/beto-lr2e5,4fea08ebf3da420a8ef1b04b151822b32c7f4869408335ab0c5885eb7945ef1f,74f80917f6b245d718c201d58e0d3599f2e4b3e0,2093bff29ad8d318d9e343a71a631f3bde9c6a9ae5356c297d395504d450cba7
artifacts/datasets/gold-v1-source-aware.json,dcd8d90081973b7b9a05ee6ef41623756a06232727f3718268945d71a207310a,330,train,9fecbe5a-9fb2-4002-a088-8a2810db938e,participacion_social_regional,participacion_social_regional,0.4106936454772949,outputs/experiments/beto-u1/beto-lr2e5,4fea08ebf3da420a8ef1b04b151822b32c7f4869408335ab0c5885eb7945ef1f,74f80917f6b245d718c201d58e0d3599f2e4b3e0,1b35c539d322842be4c42e57fd6b6d6b2ebf8b5f856fa4339f4cde1c88b827cc
artifacts/datasets/gold-v1-source-aware.json,dcd8d90081973b7b9a05ee6ef41623756a06232727f3718268945d71a207310a,331,train,9fecbe5a-9fb2-4002-a088-8a2810db938e,campanias_conflictos_militares,campanias_conflictos_militares,0.7144443392753601,outputs/experiments/beto-u1/beto-lr2e5,4fea08ebf3da420a8ef1b04b151822b32c7f4869408335ab0c5885eb7945ef1f,74f80917f6b245d718c201d58e0d3599f2e4b3e0,1bdb2d49a0489e9250eb71b970c2c921ce956ef4aae498a864589e1b01d43e1c
artifacts/datasets/gold-v1-source-aware.json,dcd8d90081973b7b9a05ee6ef41623756a06232727f3718268945d71a207310a,332,train,9fecbe5a-9fb2-4002-a088-8a2810db938e,no_relevante,no_relevante,0.4596411883831024,outputs/experiments/beto-u1/beto-lr2e5,4fea08ebf3da420a8ef1b04b151822b32c7f4869408335ab0c5885eb7945ef1f,74f80917f6b245d718c201d58e0d3599f2e4b3e0,7c774d5e41cd23aad754ea2e7fee7100de69157b28196302ede0ce65b68403e8
artifacts/datasets/gold-v1-source-aware.json,dcd8d90081973b7b9a05ee6ef41623756a06232727f3718268945d71a207310a,333,val,b23a4bf1-b9f4-4c08-bb89-a4cf4a67e004,organizacion_consecuencias_republicanas,contexto_colonial_antecedentes,0.29132479429244995,outputs/experiments/beto-u1/beto-lr2e5,4fea08ebf3da420a8ef1b04b151822b32c7f4869408335ab0c5885eb7945ef1f,74f80917f6b245d718c201d58e0d3599f2e4b3e0,f4aff197a885caebdf07a896d3790ccf46669a90ecae6999cc698e6ec07f967e
artifacts/datasets/gold-v1-source-aware.json,dcd8d90081973b7b9a05ee6ef41623756a06232727f3718268945d71a207310a,334,train,9fecbe5a-9fb2-4002-a088-8a2810db938e,no_relevante,no_relevante,0.38638198375701904,outputs/experiments/beto-u1/beto-lr2e5,4fea08ebf3da420a8ef1b04b151822b32c7f4869408335ab0c5885eb7945ef1f,74f80917f6b245d718c201d58e0d3599f2e4b3e0,2ef79bd878e40f59cd5a41da85033832b10eea299dd558be322125f1d165512e
artifacts/datasets/gold-v1-source-aware.json,dcd8d90081973b7b9a05ee6ef41623756a06232727f3718268945d71a207310a,335,train,514f190e-5d01-497a-a6ef-648601cd8bdb,no_relevante,no_relevante,0.6699581146240234,outputs/experiments/beto-u1/beto-lr2e5,4fea08ebf3da420a8ef1b04b151822b32c7f4869408335ab0c5885eb7945ef1f,74f80917f6b245d718c201d58e0d3599f2e4b3e0,45a6b340777c429d81ca1d853d8d96d254ab8d5d29b9ec38ce4601f054c7759a
artifacts/datasets/gold-v1-source-aware.json,dcd8d90081973b7b9a05ee6ef41623756a06232727f3718268945d71a207310a,336,train,9fecbe5a-9fb2-4002-a088-8a2810db938e,participacion_social_regional,participacion_social_regional,0.5763542652130127,outputs/experiments/beto-u1/beto-lr2e5,4fea08ebf3da420a8ef1b04b151822b32c7f4869408335ab0c5885eb7945ef1f,74f80917f6b245d718c201d58e0d3599f2e4b3e0,fa71aee25efa7dc4526222d8af4b96cffbce9b793316f50728e08ac883cf6bea
artifacts/datasets/gold-v1-source-aware.json,dcd8d90081973b7b9a05ee6ef41623756a06232727f3718268945d71a207310a,337,train,9fecbe5a-9fb2-4002-a088-8a2810db938e,no_relevante,no_relevante,0.5185745358467102,outputs/experiments/beto-u1/beto-lr2e5,4fea08ebf3da420a8ef1b04b151822b32c7f4869408335ab0c5885eb7945ef1f,74f80917f6b245d718c201d58e0d3599f2e4b3e0,1f16bcc7bffae9d21df5c4617ed5183804d9d4bfae8a9ef5ffba518bdfb007a8
artifacts/datasets/gold-v1-source-aware.json,dcd8d90081973b7b9a05ee6ef41623756a06232727f3718268945d71a207310a,338,train,9fecbe5a-9fb2-4002-a088-8a2810db938e,contexto_colonial_antecedentes,contexto_colonial_antecedentes,0.33019500970840454,outputs/experiments/beto-u1/beto-lr2e5,4fea08ebf3da420a8ef1b04b151822b32c7f4869408335ab0c5885eb7945ef1f,74f80917f6b245d718c201d58e0d3599f2e4b3e0,7036edab61465da45d73583f1ae308d52236aabaaffd192bc13aeb31f9ad7575
artifacts/datasets/gold-v1-source-aware.json,dcd8d90081973b7b9a05ee6ef41623756a06232727f3718268945d71a207310a,339,train,9fecbe5a-9fb2-4002-a088-8a2810db938e,no_relevante,no_relevante,0.8604779243469238,outputs/experiments/beto-u1/beto-lr2e5,4fea08ebf3da420a8ef1b04b151822b32c7f4869408335ab0c5885eb7945ef1f,74f80917f6b245d718c201d58e0d3599f2e4b3e0,cfed365dccb5627272299216fc5fe7e031b463a24e3111468626611b05996656
artifacts/datasets/gold-v1-source-aware.json,dcd8d90081973b7b9a05ee6ef41623756a06232727f3718268945d71a207310a,340,train,9fecbe5a-9fb2-4002-a088-8a2810db938e,no_relevante,no_relevante,0.8414315581321716,outputs/experiments/beto-u1/beto-lr2e5,4fea08ebf3da420a8ef1b04b151822b32c7f4869408335ab0c5885eb7945ef1f,74f80917f6b245d718c201d58e0d3599f2e4b3e0,8ce8a4ab02f1a899afb0236a3548c9d0df859871b0720430d90e106eb4c92d2a
artifacts/datasets/gold-v1-source-aware.json,dcd8d90081973b7b9a05ee6ef41623756a06232727f3718268945d71a207310a,341,val,b23a4bf1-b9f4-4c08-bb89-a4cf4a67e004,organizacion_consecuencias_republicanas,organizacion_consecuencias_republicanas,0.31710284948349,outputs/experiments/beto-u1/beto-lr2e5,4fea08ebf3da420a8ef1b04b151822b32c7f4869408335ab0c5885eb7945ef1f,74f80917f6b245d718c201d58e0d3599f2e4b3e0,2e197bf488198eb82e25ff6bcc007c106fd113492d1b7bd755d8f56d113572aa
artifacts/datasets/gold-v1-source-aware.json,dcd8d90081973b7b9a05ee6ef41623756a06232727f3718268945d71a207310a,342,val,b23a4bf1-b9f4-4c08-bb89-a4cf4a67e004,organizacion_consecuencias_republicanas,organizacion_consecuencias_republicanas,0.22769682109355927,outputs/experiments/beto-u1/beto-lr2e5,4fea08ebf3da420a8ef1b04b151822b32c7f4869408335ab0c5885eb7945ef1f,74f80917f6b245d718c201d58e0d3599f2e4b3e0,5784017791059623a101b0a0f546ba03bdcd4ce6ca418996a02e94622e667992
artifacts/datasets/gold-v1-source-aware.json,dcd8d90081973b7b9a05ee6ef41623756a06232727f3718268945d71a207310a,343,train,9fecbe5a-9fb2-4002-a088-8a2810db938e,participacion_social_regional,campanias_conflictos_militares,0.43749290704727173,outputs/experiments/beto-u1/beto-lr2e5,4fea08ebf3da420a8ef1b04b151822b32c7f4869408335ab0c5885eb7945ef1f,74f80917f6b245d718c201d58e0d3599f2e4b3e0,1ddbb76d2e0ebda1cff4d1a61b16769b348a9640a8829beadede9dd653df20d2
artifacts/datasets/gold-v1-source-aware.json,dcd8d90081973b7b9a05ee6ef41623756a06232727f3718268945d71a207310a,344,train,9fecbe5a-9fb2-4002-a088-8a2810db938e,participacion_social_regional,participacion_social_regional,0.5493218898773193,outputs/experiments/beto-u1/beto-lr2e5,4fea08ebf3da420a8ef1b04b151822b32c7f4869408335ab0c5885eb7945ef1f,74f80917f6b245d718c201d58e0d3599f2e4b3e0,fb830a0fa28021cee066729f14b88f114766bfbcd724ea1017b748d909a9e3b1
artifacts/datasets/gold-v1-source-aware.json,dcd8d90081973b7b9a05ee6ef41623756a06232727f3718268945d71a207310a,345,train,0ea45102-057d-4bff-b527-f36326f66d33,participacion_social_regional,participacion_social_regional,0.4020821154117584,outputs/experiments/beto-u1/beto-lr2e5,4fea08ebf3da420a8ef1b04b151822b32c7f4869408335ab0c5885eb7945ef1f,74f80917f6b245d718c201d58e0d3599f2e4b3e0,5a9c2ebe113c2e1b5faf935086aea919730aabf30ba7a5971ee27d41d2a172f0
artifacts/datasets/gold-v1-source-aware.json,dcd8d90081973b7b9a05ee6ef41623756a06232727f3718268945d71a207310a,346,train,9fecbe5a-9fb2-4002-a088-8a2810db938e,participacion_social_regional,campanias_conflictos_militares,0.36818334460258484,outputs/experiments/beto-u1/beto-lr2e5,4fea08ebf3da420a8ef1b04b151822b32c7f4869408335ab0c5885eb7945ef1f,74f80917f6b245d718c201d58e0d3599f2e4b3e0,8f296ea3f5442858c4204a5a5c36638a41b7b609f2e48fa0647fe4a2c3f3d853
artifacts/datasets/gold-v1-source-aware.json,dcd8d90081973b7b9a05ee6ef41623756a06232727f3718268945d71a207310a,347,train,9fecbe5a-9fb2-4002-a088-8a2810db938e,no_relevante,no_relevante,0.8852418065071106,outputs/experiments/beto-u1/beto-lr2e5,4fea08ebf3da420a8ef1b04b151822b32c7f4869408335ab0c5885eb7945ef1f,74f80917f6b245d718c201d58e0d3599f2e4b3e0,7ea4512211ce889f31dddee23435966ad0aaddc5ba951610db19ceee2d724249
artifacts/datasets/gold-v1-source-aware.json,dcd8d90081973b7b9a05ee6ef41623756a06232727f3718268945d71a207310a,348,train,9fecbe5a-9fb2-4002-a088-8a2810db938e,participacion_social_regional,participacion_social_regional,0.44800686836242676,outputs/experiments/beto-u1/beto-lr2e5,4fea08ebf3da420a8ef1b04b151822b32c7f4869408335ab0c5885eb7945ef1f,74f80917f6b245d718c201d58e0d3599f2e4b3e0,3e526e42b4e15ac004fccdac9469530267cba6790a77fc6ff1b340f9dfc22008
artifacts/datasets/gold-v1-source-aware.json,dcd8d90081973b7b9a05ee6ef41623756a06232727f3718268945d71a207310a,349,train,9fecbe5a-9fb2-4002-a088-8a2810db938e,no_relevante,no_relevante,0.31818005442619324,outputs/experiments/beto-u1/beto-lr2e5,4fea08ebf3da420a8ef1b04b151822b32c7f4869408335ab0c5885eb7945ef1f,74f80917f6b245d718c201d58e0d3599f2e4b3e0,fb7e76833be4e4cc45b5c0a8eade27a154564f91c565a1a21cae0e7dc11ff894
artifacts/datasets/gold-v1-source-aware.json,dcd8d90081973b7b9a05ee6ef41623756a06232727f3718268945d71a207310a,350,test,15e52806-3d75-4117-937d-7c7eda594579,crisis_ideas_emancipadoras,crisis_ideas_emancipadoras,0.3461063802242279,outputs/experiments/beto-u1/beto-lr2e5,4fea08ebf3da420a8ef1b04b151822b32c7f4869408335ab0c5885eb7945ef1f,74f80917f6b245d718c201d58e0d3599f2e4b3e0,37b54c5111fd0875a6f374479116cc4e1c74927b009708c1b8df646e0ec4924e
artifacts/datasets/gold-v1-source-aware.json,dcd8d90081973b7b9a05ee6ef41623756a06232727f3718268945d71a207310a,351,train,9fecbe5a-9fb2-4002-a088-8a2810db938e,participacion_social_regional,participacion_social_regional,0.4343770444393158,outputs/experiments/beto-u1/beto-lr2e5,4fea08ebf3da420a8ef1b04b151822b32c7f4869408335ab0c5885eb7945ef1f,74f80917f6b245d718c201d58e0d3599f2e4b3e0,ef2c2dcbb4bacb3d57c78833199c768fde97115af8f0e33616319e114152f6bd
artifacts/datasets/gold-v1-source-aware.json,dcd8d90081973b7b9a05ee6ef41623756a06232727f3718268945d71a207310a,352,train,9fecbe5a-9fb2-4002-a088-8a2810db938e,no_relevante,no_relevante,0.846902072429657,outputs/experiments/beto-u1/beto-lr2e5,4fea08ebf3da420a8ef1b04b151822b32c7f4869408335ab0c5885eb7945ef1f,74f80917f6b245d718c201d58e0d3599f2e4b3e0,e0b3eadc14d75fe12fbb327b5fdd7eacd131908323ce2ad6e3161b37beac8f29
artifacts/datasets/gold-v1-source-aware.json,dcd8d90081973b7b9a05ee6ef41623756a06232727f3718268945d71a207310a,353,train,9fecbe5a-9fb2-4002-a088-8a2810db938e,contexto_colonial_antecedentes,contexto_colonial_antecedentes,0.37926357984542847,outputs/experiments/beto-u1/beto-lr2e5,4fea08ebf3da420a8ef1b04b151822b32c7f4869408335ab0c5885eb7945ef1f,74f80917f6b245d718c201d58e0d3599f2e4b3e0,99574febb34332fe9baec5606640071d705cea80b212c95d1d4049bc7808060d
artifacts/datasets/gold-v1-source-aware.json,dcd8d90081973b7b9a05ee6ef41623756a06232727f3718268945d71a207310a,354,train,9fecbe5a-9fb2-4002-a088-8a2810db938e,participacion_social_regional,campanias_conflictos_militares,0.6808200478553772,outputs/experiments/beto-u1/beto-lr2e5,4fea08ebf3da420a8ef1b04b151822b32c7f4869408335ab0c5885eb7945ef1f,74f80917f6b245d718c201d58e0d3599f2e4b3e0,1d945040df600b0831851a5adf4ab923025289dbeb7914302fe59bd88d28bcc5
artifacts/datasets/gold-v1-source-aware.json,dcd8d90081973b7b9a05ee6ef41623756a06232727f3718268945d71a207310a,355,train,9fecbe5a-9fb2-4002-a088-8a2810db938e,participacion_social_regional,participacion_social_regional,0.5187113285064697,outputs/experiments/beto-u1/beto-lr2e5,4fea08ebf3da420a8ef1b04b151822b32c7f4869408335ab0c5885eb7945ef1f,74f80917f6b245d718c201d58e0d3599f2e4b3e0,027ea92442a7ae8843eb10d0795d7590145ae062f434c277a6e53b05af05acb8
artifacts/datasets/gold-v1-source-aware.json,dcd8d90081973b7b9a05ee6ef41623756a06232727f3718268945d71a207310a,356,train,0ea45102-057d-4bff-b527-f36326f66d33,participacion_social_regional,participacion_social_regional,0.39156779646873474,outputs/experiments/beto-u1/beto-lr2e5,4fea08ebf3da420a8ef1b04b151822b32c7f4869408335ab0c5885eb7945ef1f,74f80917f6b245d718c201d58e0d3599f2e4b3e0,879b004783ce39df60a4bab08611780fb2402bd207805f5047d294c1eea9b5ae
artifacts/datasets/gold-v1-source-aware.json,dcd8d90081973b7b9a05ee6ef41623756a06232727f3718268945d71a207310a,357,train,514f190e-5d01-497a-a6ef-648601cd8bdb,no_relevante,no_relevante,0.5949797630310059,outputs/experiments/beto-u1/beto-lr2e5,4fea08ebf3da420a8ef1b04b151822b32c7f4869408335ab0c5885eb7945ef1f,74f80917f6b245d718c201d58e0d3599f2e4b3e0,2857248f39eed1d1dad7292633b35190adf34426f111ede001b6390eafe58966
artifacts/datasets/gold-v1-source-aware.json,dcd8d90081973b7b9a05ee6ef41623756a06232727f3718268945d71a207310a,358,train,9fecbe5a-9fb2-4002-a088-8a2810db938e,participacion_social_regional,participacion_social_regional,0.33363550901412964,outputs/experiments/beto-u1/beto-lr2e5,4fea08ebf3da420a8ef1b04b151822b32c7f4869408335ab0c5885eb7945ef1f,74f80917f6b245d718c201d58e0d3599f2e4b3e0,8ece1e902260899f5d8c60ea780164652ec302d4de46d1f2f9f22a59f8974179
artifacts/datasets/gold-v1-source-aware.json,dcd8d90081973b7b9a05ee6ef41623756a06232727f3718268945d71a207310a,359,train,0ea45102-057d-4bff-b527-f36326f66d33,crisis_ideas_emancipadoras,crisis_ideas_emancipadoras,0.38609257340431213,outputs/experiments/beto-u1/beto-lr2e5,4fea08ebf3da420a8ef1b04b151822b32c7f4869408335ab0c5885eb7945ef1f,74f80917f6b245d718c201d58e0d3599f2e4b3e0,dcf8a99fee42add47057d08beef8be82a91faa511d250393a81de9954a25e367
artifacts/datasets/gold-v1-source-aware.json,dcd8d90081973b7b9a05ee6ef41623756a06232727f3718268945d71a207310a,360,train,0ea45102-057d-4bff-b527-f36326f66d33,crisis_ideas_emancipadoras,participacion_social_regional,0.2621956467628479,outputs/experiments/beto-u1/beto-lr2e5,4fea08ebf3da420a8ef1b04b151822b32c7f4869408335ab0c5885eb7945ef1f,74f80917f6b245d718c201d58e0d3599f2e4b3e0,7c52fef6f0080f67200d9f6e9b5838982c4128c51ef1734a09df2b50f12b74de
artifacts/datasets/gold-v1-source-aware.json,dcd8d90081973b7b9a05ee6ef41623756a06232727f3718268945d71a207310a,361,train,0ea45102-057d-4bff-b527-f36326f66d33,participacion_social_regional,participacion_social_regional,0.3664422035217285,outputs/experiments/beto-u1/beto-lr2e5,4fea08ebf3da420a8ef1b04b151822b32c7f4869408335ab0c5885eb7945ef1f,74f80917f6b245d718c201d58e0d3599f2e4b3e0,9b09408f37fc0c429191f02a4a00efc7729574fe9a4b407095df70e9e46c6c2d
artifacts/datasets/gold-v1-source-aware.json,dcd8d90081973b7b9a05ee6ef41623756a06232727f3718268945d71a207310a,362,train,9fecbe5a-9fb2-4002-a088-8a2810db938e,no_relevante,no_relevante,0.8140302896499634,outputs/experiments/beto-u1/beto-lr2e5,4fea08ebf3da420a8ef1b04b151822b32c7f4869408335ab0c5885eb7945ef1f,74f80917f6b245d718c201d58e0d3599f2e4b3e0,ca5de4e9f906c6e07e98c0e1758bbedbeab0f6ded16147e762bf2ef822ae7a0e
artifacts/datasets/gold-v1-source-aware.json,dcd8d90081973b7b9a05ee6ef41623756a06232727f3718268945d71a207310a,363,train,0ea45102-057d-4bff-b527-f36326f66d33,campanias_conflictos_militares,participacion_social_regional,0.3343653976917267,outputs/experiments/beto-u1/beto-lr2e5,4fea08ebf3da420a8ef1b04b151822b32c7f4869408335ab0c5885eb7945ef1f,74f80917f6b245d718c201d58e0d3599f2e4b3e0,626a645f97fb6e7960694c8d7310c3a8649d09988f81004a4747d3ba8b3d88cf
artifacts/datasets/gold-v1-source-aware.json,dcd8d90081973b7b9a05ee6ef41623756a06232727f3718268945d71a207310a,364,train,0ea45102-057d-4bff-b527-f36326f66d33,liderazgos_diplomacia_proyectos,participacion_social_regional,0.25475937128067017,outputs/experiments/beto-u1/beto-lr2e5,4fea08ebf3da420a8ef1b04b151822b32c7f4869408335ab0c5885eb7945ef1f,74f80917f6b245d718c201d58e0d3599f2e4b3e0,ae5ad843f904568084a67982e461a90314180e48d990810a39fbd7ae90acd586
artifacts/datasets/gold-v1-source-aware.json,dcd8d90081973b7b9a05ee6ef41623756a06232727f3718268945d71a207310a,365,train,0ea45102-057d-4bff-b527-f36326f66d33,no_relevante,no_relevante,0.8801881670951843,outputs/experiments/beto-u1/beto-lr2e5,4fea08ebf3da420a8ef1b04b151822b32c7f4869408335ab0c5885eb7945ef1f,74f80917f6b245d718c201d58e0d3599f2e4b3e0,80ef1826d0615a87b0170fb9c2241e7e07f2c2a22b3582632effc19587e85379
artifacts/datasets/gold-v1-source-aware.json,dcd8d90081973b7b9a05ee6ef41623756a06232727f3718268945d71a207310a,366,train,0ea45102-057d-4bff-b527-f36326f66d33,participacion_social_regional,crisis_ideas_emancipadoras,0.3070541322231293,outputs/experiments/beto-u1/beto-lr2e5,4fea08ebf3da420a8ef1b04b151822b32c7f4869408335ab0c5885eb7945ef1f,74f80917f6b245d718c201d58e0d3599f2e4b3e0,fc52e29f89d168a8aaae6292f1c5f4bf478f9b7baccdaeb5b952abe4d86f83b3
artifacts/datasets/gold-v1-source-aware.json,dcd8d90081973b7b9a05ee6ef41623756a06232727f3718268945d71a207310a,367,train,0ea45102-057d-4bff-b527-f36326f66d33,liderazgos_diplomacia_proyectos,liderazgos_diplomacia_proyectos,0.3517065644264221,outputs/experiments/beto-u1/beto-lr2e5,4fea08ebf3da420a8ef1b04b151822b32c7f4869408335ab0c5885eb7945ef1f,74f80917f6b245d718c201d58e0d3599f2e4b3e0,3f70462721479056b712dcfdf33213a007b09b909b9bcfaf9a513f54b5915ddf
artifacts/datasets/gold-v1-source-aware.json,dcd8d90081973b7b9a05ee6ef41623756a06232727f3718268945d71a207310a,368,train,0ea45102-057d-4bff-b527-f36326f66d33,liderazgos_diplomacia_proyectos,liderazgos_diplomacia_proyectos,0.2660246193408966,outputs/experiments/beto-u1/beto-lr2e5,4fea08ebf3da420a8ef1b04b151822b32c7f4869408335ab0c5885eb7945ef1f,74f80917f6b245d718c201d58e0d3599f2e4b3e0,4b7b49a99cdb51c8811ebe4fabe721cd4651a1241ab0196c25bcb910a7687f1a
artifacts/datasets/gold-v1-source-aware.json,dcd8d90081973b7b9a05ee6ef41623756a06232727f3718268945d71a207310a,369,test,15e52806-3d75-4117-937d-7c7eda594579,crisis_ideas_emancipadoras,crisis_ideas_emancipadoras,0.37420690059661865,outputs/experiments/beto-u1/beto-lr2e5,4fea08ebf3da420a8ef1b04b151822b32c7f4869408335ab0c5885eb7945ef1f,74f80917f6b245d718c201d58e0d3599f2e4b3e0,e831d8b866da6f1a953c0775456e6f56ece4be8070433ac2b15e1ad5b9e13546
artifacts/datasets/gold-v1-source-aware.json,dcd8d90081973b7b9a05ee6ef41623756a06232727f3718268945d71a207310a,370,test,4ca9c84a-627b-4027-8216-fdc07c506727,liderazgos_diplomacia_proyectos,campanias_conflictos_militares,0.31487396359443665,outputs/experiments/beto-u1/beto-lr2e5,4fea08ebf3da420a8ef1b04b151822b32c7f4869408335ab0c5885eb7945ef1f,74f80917f6b245d718c201d58e0d3599f2e4b3e0,0d2e570fc6bbecb12f5638829ccd0828a26d1b414ba5675023c492bd9b43fe79
artifacts/datasets/gold-v1-source-aware.json,dcd8d90081973b7b9a05ee6ef41623756a06232727f3718268945d71a207310a,371,val,b23a4bf1-b9f4-4c08-bb89-a4cf4a67e004,organizacion_consecuencias_republicanas,participacion_social_regional,0.3335699737071991,outputs/experiments/beto-u1/beto-lr2e5,4fea08ebf3da420a8ef1b04b151822b32c7f4869408335ab0c5885eb7945ef1f,74f80917f6b245d718c201d58e0d3599f2e4b3e0,60584413349e4125d6e60b7c77367e32fcd6a9fd1941959fefd0ca5ecf2441bb
artifacts/datasets/gold-v1-source-aware.json,dcd8d90081973b7b9a05ee6ef41623756a06232727f3718268945d71a207310a,372,val,b23a4bf1-b9f4-4c08-bb89-a4cf4a67e004,no_relevante,no_relevante,0.8357875347137451,outputs/experiments/beto-u1/beto-lr2e5,4fea08ebf3da420a8ef1b04b151822b32c7f4869408335ab0c5885eb7945ef1f,74f80917f6b245d718c201d58e0d3599f2e4b3e0,83f3652cd09af1a49c66cdde3f2c4dc8871a8b21747a968ef81390e4d7a0d01e
artifacts/datasets/gold-v1-source-aware.json,dcd8d90081973b7b9a05ee6ef41623756a06232727f3718268945d71a207310a,373,val,b23a4bf1-b9f4-4c08-bb89-a4cf4a67e004,no_relevante,no_relevante,0.2339325249195099,outputs/experiments/beto-u1/beto-lr2e5,4fea08ebf3da420a8ef1b04b151822b32c7f4869408335ab0c5885eb7945ef1f,74f80917f6b245d718c201d58e0d3599f2e4b3e0,5c82bcd8230fc6ab19ddb1fd40aafe432f10002c8894710b57afeb2b918496b4
artifacts/datasets/gold-v1-source-aware.json,dcd8d90081973b7b9a05ee6ef41623756a06232727f3718268945d71a207310a,374,val,b23a4bf1-b9f4-4c08-bb89-a4cf4a67e004,no_relevante,no_relevante,0.838973879814148,outputs/experiments/beto-u1/beto-lr2e5,4fea08ebf3da420a8ef1b04b151822b32c7f4869408335ab0c5885eb7945ef1f,74f80917f6b245d718c201d58e0d3599f2e4b3e0,28fbc641b7d4f94e23cbb4095c4a8dfb3473329bfe8cbfd50d5cf192baa0f3ca
artifacts/datasets/gold-v1-source-aware.json,dcd8d90081973b7b9a05ee6ef41623756a06232727f3718268945d71a207310a,375,test,4ca9c84a-627b-4027-8216-fdc07c506727,liderazgos_diplomacia_proyectos,campanias_conflictos_militares,0.29122060537338257,outputs/experiments/beto-u1/beto-lr2e5,4fea08ebf3da420a8ef1b04b151822b32c7f4869408335ab0c5885eb7945ef1f,74f80917f6b245d718c201d58e0d3599f2e4b3e0,ff463ea24f3997826032fa8ff8cb90fbdb96008ad3a2fd768601e6988757968f
artifacts/datasets/gold-v1-source-aware.json,dcd8d90081973b7b9a05ee6ef41623756a06232727f3718268945d71a207310a,376,test,4ca9c84a-627b-4027-8216-fdc07c506727,liderazgos_diplomacia_proyectos,campanias_conflictos_militares,0.4601544737815857,outputs/experiments/beto-u1/beto-lr2e5,4fea08ebf3da420a8ef1b04b151822b32c7f4869408335ab0c5885eb7945ef1f,74f80917f6b245d718c201d58e0d3599f2e4b3e0,a8af70177affa01a655d21011b8056d21ba81acb55913d6c0ef79f3c77d40793
artifacts/datasets/gold-v1-source-aware.json,dcd8d90081973b7b9a05ee6ef41623756a06232727f3718268945d71a207310a,377,test,4ca9c84a-627b-4027-8216-fdc07c506727,liderazgos_diplomacia_proyectos,participacion_social_regional,0.304318368434906,outputs/experiments/beto-u1/beto-lr2e5,4fea08ebf3da420a8ef1b04b151822b32c7f4869408335ab0c5885eb7945ef1f,74f80917f6b245d718c201d58e0d3599f2e4b3e0,7bad099601050b96e78ce02dd0dacf72970700f3447252af3bc6e8a5867942e3
artifacts/datasets/gold-v1-source-aware.json,dcd8d90081973b7b9a05ee6ef41623756a06232727f3718268945d71a207310a,378,test,4ca9c84a-627b-4027-8216-fdc07c506727,organizacion_consecuencias_republicanas,participacion_social_regional,0.2645319700241089,outputs/experiments/beto-u1/beto-lr2e5,4fea08ebf3da420a8ef1b04b151822b32c7f4869408335ab0c5885eb7945ef1f,74f80917f6b245d718c201d58e0d3599f2e4b3e0,cf977dc53ff5698c494d4ccc37e285ed5e4d684cde67a534baea81d522e5932c
artifacts/datasets/gold-v1-source-aware.json,dcd8d90081973b7b9a05ee6ef41623756a06232727f3718268945d71a207310a,379,test,4ca9c84a-627b-4027-8216-fdc07c506727,organizacion_consecuencias_republicanas,liderazgos_diplomacia_proyectos,0.2938217222690582,outputs/experiments/beto-u1/beto-lr2e5,4fea08ebf3da420a8ef1b04b151822b32c7f4869408335ab0c5885eb7945ef1f,74f80917f6b245d718c201d58e0d3599f2e4b3e0,c89417010108d545f355ae392cc4eb21c1e4aab5fda859efdd775b2ecfdbdb79
artifacts/datasets/gold-v1-source-aware.json,dcd8d90081973b7b9a05ee6ef41623756a06232727f3718268945d71a207310a,380,test,4ca9c84a-627b-4027-8216-fdc07c506727,no_relevante,no_relevante,0.3879658877849579,outputs/experiments/beto-u1/beto-lr2e5,4fea08ebf3da420a8ef1b04b151822b32c7f4869408335ab0c5885eb7945ef1f,74f80917f6b245d718c201d58e0d3599f2e4b3e0,53ac26d65dd46181094287a41ee25e6ffde5599347f7cf25e3f54b45c0592b86
artifacts/datasets/gold-v1-source-aware.json,dcd8d90081973b7b9a05ee6ef41623756a06232727f3718268945d71a207310a,381,test,4ca9c84a-627b-4027-8216-fdc07c506727,no_relevante,campanias_conflictos_militares,0.6757789254188538,outputs/experiments/beto-u1/beto-lr2e5,4fea08ebf3da420a8ef1b04b151822b32c7f4869408335ab0c5885eb7945ef1f,74f80917f6b245d718c201d58e0d3599f2e4b3e0,8163d9375d86d68cb35930cdf54404d180a87061393ede82021991d8d16bedcb
artifacts/datasets/gold-v1-source-aware.json,dcd8d90081973b7b9a05ee6ef41623756a06232727f3718268945d71a207310a,382,test,4ca9c84a-627b-4027-8216-fdc07c506727,no_relevante,participacion_social_regional,0.36214378476142883,outputs/experiments/beto-u1/beto-lr2e5,4fea08ebf3da420a8ef1b04b151822b32c7f4869408335ab0c5885eb7945ef1f,74f80917f6b245d718c201d58e0d3599f2e4b3e0,5ecb4910817f4958107ce62ade5c45f9bb8ccbc07076e6a92632ec9ed48216f2
artifacts/datasets/gold-v1-source-aware.json,dcd8d90081973b7b9a05ee6ef41623756a06232727f3718268945d71a207310a,383,test,4ca9c84a-627b-4027-8216-fdc07c506727,crisis_ideas_emancipadoras,campanias_conflictos_militares,0.3208722770214081,outputs/experiments/beto-u1/beto-lr2e5,4fea08ebf3da420a8ef1b04b151822b32c7f4869408335ab0c5885eb7945ef1f,74f80917f6b245d718c201d58e0d3599f2e4b3e0,f7b738c2a775ff4b0965b166b8340aea8da2685ef05e7aab360738b2e3fcfa91
artifacts/datasets/gold-v1-source-aware.json,dcd8d90081973b7b9a05ee6ef41623756a06232727f3718268945d71a207310a,384,test,4ca9c84a-627b-4027-8216-fdc07c506727,liderazgos_diplomacia_proyectos,campanias_conflictos_militares,0.39243000745773315,outputs/experiments/beto-u1/beto-lr2e5,4fea08ebf3da420a8ef1b04b151822b32c7f4869408335ab0c5885eb7945ef1f,74f80917f6b245d718c201d58e0d3599f2e4b3e0,702ca4cc8d549dbf9e7dfa6bfd2bbe69d222955ca38a750322a10ca88f76cec8
artifacts/datasets/gold-v1-source-aware.json,dcd8d90081973b7b9a05ee6ef41623756a06232727f3718268945d71a207310a,385,test,4ca9c84a-627b-4027-8216-fdc07c506727,liderazgos_diplomacia_proyectos,participacion_social_regional,0.2377389669418335,outputs/experiments/beto-u1/beto-lr2e5,4fea08ebf3da420a8ef1b04b151822b32c7f4869408335ab0c5885eb7945ef1f,74f80917f6b245d718c201d58e0d3599f2e4b3e0,58328377d9bef36b00d392c0d33df1a815b9612cc120d07c48dd73e4387b2d56
artifacts/datasets/gold-v1-source-aware.json,dcd8d90081973b7b9a05ee6ef41623756a06232727f3718268945d71a207310a,386,train,747ca90f-92fc-4d19-aec4-6dfc34c2917e,organizacion_consecuencias_republicanas,organizacion_consecuencias_republicanas,0.39355093240737915,outputs/experiments/beto-u1/beto-lr2e5,4fea08ebf3da420a8ef1b04b151822b32c7f4869408335ab0c5885eb7945ef1f,74f80917f6b245d718c201d58e0d3599f2e4b3e0,7be82955735576aaef2c3136660de6d188957a00bf6d4ea11f3d7caf8c563019
artifacts/datasets/gold-v1-source-aware.json,dcd8d90081973b7b9a05ee6ef41623756a06232727f3718268945d71a207310a,387,test,4ca9c84a-627b-4027-8216-fdc07c506727,liderazgos_diplomacia_proyectos,participacion_social_regional,0.2736242413520813,outputs/experiments/beto-u1/beto-lr2e5,4fea08ebf3da420a8ef1b04b151822b32c7f4869408335ab0c5885eb7945ef1f,74f80917f6b245d718c201d58e0d3599f2e4b3e0,64adbf6072ee61430d56b3433aa1ec1bd3731c29c7b76bca3080dae5ea94a85d
artifacts/datasets/gold-v1-source-aware.json,dcd8d90081973b7b9a05ee6ef41623756a06232727f3718268945d71a207310a,388,test,4ca9c84a-627b-4027-8216-fdc07c506727,organizacion_consecuencias_republicanas,campanias_conflictos_militares,0.2731437683105469,outputs/experiments/beto-u1/beto-lr2e5,4fea08ebf3da420a8ef1b04b151822b32c7f4869408335ab0c5885eb7945ef1f,74f80917f6b245d718c201d58e0d3599f2e4b3e0,4326509c2811bdf4078aa68e5a0daf6a0dc6fb1c1dd804edf929a41bd2332681
artifacts/datasets/gold-v1-source-aware.json,dcd8d90081973b7b9a05ee6ef41623756a06232727f3718268945d71a207310a,389,test,4ca9c84a-627b-4027-8216-fdc07c506727,organizacion_consecuencias_republicanas,participacion_social_regional,0.27033931016921997,outputs/experiments/beto-u1/beto-lr2e5,4fea08ebf3da420a8ef1b04b151822b32c7f4869408335ab0c5885eb7945ef1f,74f80917f6b245d718c201d58e0d3599f2e4b3e0,4aea55b7e70b2f04d41ac6f02c739e63063c5258eafc8f945feac1e87d995981
artifacts/datasets/gold-v1-source-aware.json,dcd8d90081973b7b9a05ee6ef41623756a06232727f3718268945d71a207310a,390,test,4ca9c84a-627b-4027-8216-fdc07c506727,organizacion_consecuencias_republicanas,participacion_social_regional,0.23318317532539368,outputs/experiments/beto-u1/beto-lr2e5,4fea08ebf3da420a8ef1b04b151822b32c7f4869408335ab0c5885eb7945ef1f,74f80917f6b245d718c201d58e0d3599f2e4b3e0,50391eaef881a12abd1a2071caad1202dd0dcfa6a4372366ed9dde378ac93e25
artifacts/datasets/gold-v1-source-aware.json,dcd8d90081973b7b9a05ee6ef41623756a06232727f3718268945d71a207310a,391,test,4ca9c84a-627b-4027-8216-fdc07c506727,organizacion_consecuencias_republicanas,campanias_conflictos_militares,0.5320108532905579,outputs/experiments/beto-u1/beto-lr2e5,4fea08ebf3da420a8ef1b04b151822b32c7f4869408335ab0c5885eb7945ef1f,74f80917f6b245d718c201d58e0d3599f2e4b3e0,acbf0eaf6472ab6b38439cddbccaaa98439414baca1040f57c8e517b1af4205a
artifacts/datasets/gold-v1-source-aware.json,dcd8d90081973b7b9a05ee6ef41623756a06232727f3718268945d71a207310a,392,train,514f190e-5d01-497a-a6ef-648601cd8bdb,crisis_ideas_emancipadoras,crisis_ideas_emancipadoras,0.444753497838974,outputs/experiments/beto-u1/beto-lr2e5,4fea08ebf3da420a8ef1b04b151822b32c7f4869408335ab0c5885eb7945ef1f,74f80917f6b245d718c201d58e0d3599f2e4b3e0,05a9deccfd0fd28f3d03b593d0a70b7d328578d0ebe8c71a70ec5a8569ef095a
artifacts/datasets/gold-v1-source-aware.json,dcd8d90081973b7b9a05ee6ef41623756a06232727f3718268945d71a207310a,393,test,4ca9c84a-627b-4027-8216-fdc07c506727,organizacion_consecuencias_republicanas,campanias_conflictos_militares,0.29362159967422485,outputs/experiments/beto-u1/beto-lr2e5,4fea08ebf3da420a8ef1b04b151822b32c7f4869408335ab0c5885eb7945ef1f,74f80917f6b245d718c201d58e0d3599f2e4b3e0,b4126a3cd6501f41181be0d43fabf13da04dbd1e0273505f4f51f475d4ea90ca
artifacts/datasets/gold-v1-source-aware.json,dcd8d90081973b7b9a05ee6ef41623756a06232727f3718268945d71a207310a,394,test,4ca9c84a-627b-4027-8216-fdc07c506727,no_relevante,participacion_social_regional,0.23437069356441498,outputs/experiments/beto-u1/beto-lr2e5,4fea08ebf3da420a8ef1b04b151822b32c7f4869408335ab0c5885eb7945ef1f,74f80917f6b245d718c201d58e0d3599f2e4b3e0,23f05908da412fcfd64a79c07a966dc5c227ed01f757394ce07fa008b2e5365c
artifacts/datasets/gold-v1-source-aware.json,dcd8d90081973b7b9a05ee6ef41623756a06232727f3718268945d71a207310a,395,test,4ca9c84a-627b-4027-8216-fdc07c506727,liderazgos_diplomacia_proyectos,participacion_social_regional,0.29775235056877136,outputs/experiments/beto-u1/beto-lr2e5,4fea08ebf3da420a8ef1b04b151822b32c7f4869408335ab0c5885eb7945ef1f,74f80917f6b245d718c201d58e0d3599f2e4b3e0,1c5861feba28ecb78e6ef3f43bbd6c2644fe8a8491e45395410b69e131b6a9fc
artifacts/datasets/gold-v1-source-aware.json,dcd8d90081973b7b9a05ee6ef41623756a06232727f3718268945d71a207310a,396,test,4ca9c84a-627b-4027-8216-fdc07c506727,liderazgos_diplomacia_proyectos,liderazgos_diplomacia_proyectos,0.2542853057384491,outputs/experiments/beto-u1/beto-lr2e5,4fea08ebf3da420a8ef1b04b151822b32c7f4869408335ab0c5885eb7945ef1f,74f80917f6b245d718c201d58e0d3599f2e4b3e0,552f2763b47051ee14937b7bdb4de2b34a7f35ef63f424367193d4dccd3115d3
artifacts/datasets/gold-v1-source-aware.json,dcd8d90081973b7b9a05ee6ef41623756a06232727f3718268945d71a207310a,397,test,4ca9c84a-627b-4027-8216-fdc07c506727,no_relevante,no_relevante,0.8287168741226196,outputs/experiments/beto-u1/beto-lr2e5,4fea08ebf3da420a8ef1b04b151822b32c7f4869408335ab0c5885eb7945ef1f,74f80917f6b245d718c201d58e0d3599f2e4b3e0,a7672c452c7e55e82878ce19d806fe16812a4a031038c80dd225d4afb5e30143
artifacts/datasets/gold-v1-source-aware.json,dcd8d90081973b7b9a05ee6ef41623756a06232727f3718268945d71a207310a,398,test,4ca9c84a-627b-4027-8216-fdc07c506727,no_relevante,no_relevante,0.8328545093536377,outputs/experiments/beto-u1/beto-lr2e5,4fea08ebf3da420a8ef1b04b151822b32c7f4869408335ab0c5885eb7945ef1f,74f80917f6b245d718c201d58e0d3599f2e4b3e0,57fa71ccfcda9662eb0f04db4e9cf03fb7d56c924aab049357b4e73e86ade72e
artifacts/datasets/gold-v1-source-aware.json,dcd8d90081973b7b9a05ee6ef41623756a06232727f3718268945d71a207310a,399,test,4ca9c84a-627b-4027-8216-fdc07c506727,no_relevante,no_relevante,0.8149183392524719,outputs/experiments/beto-u1/beto-lr2e5,4fea08ebf3da420a8ef1b04b151822b32c7f4869408335ab0c5885eb7945ef1f,74f80917f6b245d718c201d58e0d3599f2e4b3e0,74f3016b115d2224bde91e9cfaf394d88956ca876c56086fef602b60fd9bc723
artifacts/datasets/gold-v1-source-aware.json,dcd8d90081973b7b9a05ee6ef41623756a06232727f3718268945d71a207310a,400,test,4ca9c84a-627b-4027-8216-fdc07c506727,no_relevante,no_relevante,0.8514834642410278,outputs/experiments/beto-u1/beto-lr2e5,4fea08ebf3da420a8ef1b04b151822b32c7f4869408335ab0c5885eb7945ef1f,74f80917f6b245d718c201d58e0d3599f2e4b3e0,5e92a7664d9ec262b8e31403e98bcab52ef5ec9723560662309d9ec6ffb6f15b
artifacts/datasets/gold-v1-source-aware.json,dcd8d90081973b7b9a05ee6ef41623756a06232727f3718268945d71a207310a,401,train,514f190e-5d01-497a-a6ef-648601cd8bdb,no_relevante,no_relevante,0.608971118927002,outputs/experiments/beto-u1/beto-lr2e5,4fea08ebf3da420a8ef1b04b151822b32c7f4869408335ab0c5885eb7945ef1f,74f80917f6b245d718c201d58e0d3599f2e4b3e0,a7bd8a4ea3d5ec2ed297d78a78611431966248dfc21bd1632f88a59cdaa77ff1
artifacts/datasets/gold-v1-source-aware.json,dcd8d90081973b7b9a05ee6ef41623756a06232727f3718268945d71a207310a,402,test,4ca9c84a-627b-4027-8216-fdc07c506727,no_relevante,no_relevante,0.7703453302383423,outputs/experiments/beto-u1/beto-lr2e5,4fea08ebf3da420a8ef1b04b151822b32c7f4869408335ab0c5885eb7945ef1f,74f80917f6b245d718c201d58e0d3599f2e4b3e0,e01da2e5b1895c4fb46daed5063068a9aa793ddc7b1dc43365019bef409fa8b7
artifacts/datasets/gold-v1-source-aware.json,dcd8d90081973b7b9a05ee6ef41623756a06232727f3718268945d71a207310a,403,test,4ca9c84a-627b-4027-8216-fdc07c506727,no_relevante,no_relevante,0.8094567060470581,outputs/experiments/beto-u1/beto-lr2e5,4fea08ebf3da420a8ef1b04b151822b32c7f4869408335ab0c5885eb7945ef1f,74f80917f6b245d718c201d58e0d3599f2e4b3e0,6af687e87205f999daad0dd2de8cc56a25e749e30eb6fe4601a73be45f27e67b
artifacts/datasets/gold-v1-source-aware.json,dcd8d90081973b7b9a05ee6ef41623756a06232727f3718268945d71a207310a,404,train,514f190e-5d01-497a-a6ef-648601cd8bdb,crisis_ideas_emancipadoras,crisis_ideas_emancipadoras,0.5213305354118347,outputs/experiments/beto-u1/beto-lr2e5,4fea08ebf3da420a8ef1b04b151822b32c7f4869408335ab0c5885eb7945ef1f,74f80917f6b245d718c201d58e0d3599f2e4b3e0,f967357d2f1a114e34c3e185aab4a7d950a5e0a3ff24077cec1eb7a909b96dcd
artifacts/datasets/gold-v1-source-aware.json,dcd8d90081973b7b9a05ee6ef41623756a06232727f3718268945d71a207310a,405,train,514f190e-5d01-497a-a6ef-648601cd8bdb,crisis_ideas_emancipadoras,crisis_ideas_emancipadoras,0.49096423387527466,outputs/experiments/beto-u1/beto-lr2e5,4fea08ebf3da420a8ef1b04b151822b32c7f4869408335ab0c5885eb7945ef1f,74f80917f6b245d718c201d58e0d3599f2e4b3e0,e73c13b93ad6c530b2bc7a091d80c25baa7b1d8eb9da84e9029abab99c39f482
artifacts/datasets/gold-v1-source-aware.json,dcd8d90081973b7b9a05ee6ef41623756a06232727f3718268945d71a207310a,406,train,514f190e-5d01-497a-a6ef-648601cd8bdb,crisis_ideas_emancipadoras,crisis_ideas_emancipadoras,0.4470083713531494,outputs/experiments/beto-u1/beto-lr2e5,4fea08ebf3da420a8ef1b04b151822b32c7f4869408335ab0c5885eb7945ef1f,74f80917f6b245d718c201d58e0d3599f2e4b3e0,5a3c096b34ec13c4e2f2ae5a83c47b7399a034e6682138fdaa86674266345d66
artifacts/datasets/gold-v1-source-aware.json,dcd8d90081973b7b9a05ee6ef41623756a06232727f3718268945d71a207310a,407,train,514f190e-5d01-497a-a6ef-648601cd8bdb,crisis_ideas_emancipadoras,crisis_ideas_emancipadoras,0.40120548009872437,outputs/experiments/beto-u1/beto-lr2e5,4fea08ebf3da420a8ef1b04b151822b32c7f4869408335ab0c5885eb7945ef1f,74f80917f6b245d718c201d58e0d3599f2e4b3e0,f28abb2f6163a45d5e9cfe5e1fb5e514976c0585e2093ca9f1e58fc94054433a
artifacts/datasets/gold-v1-source-aware.json,dcd8d90081973b7b9a05ee6ef41623756a06232727f3718268945d71a207310a,408,train,514f190e-5d01-497a-a6ef-648601cd8bdb,crisis_ideas_emancipadoras,crisis_ideas_emancipadoras,0.4358096420764923,outputs/experiments/beto-u1/beto-lr2e5,4fea08ebf3da420a8ef1b04b151822b32c7f4869408335ab0c5885eb7945ef1f,74f80917f6b245d718c201d58e0d3599f2e4b3e0,350014b4a522703a6c360c06893278828f56036e5643e9f8c2091b2e9a0ced0b
artifacts/datasets/gold-v1-source-aware.json,dcd8d90081973b7b9a05ee6ef41623756a06232727f3718268945d71a207310a,409,train,514f190e-5d01-497a-a6ef-648601cd8bdb,no_relevante,no_relevante,0.6339210271835327,outputs/experiments/beto-u1/beto-lr2e5,4fea08ebf3da420a8ef1b04b151822b32c7f4869408335ab0c5885eb7945ef1f,74f80917f6b245d718c201d58e0d3599f2e4b3e0,a09597cf267ae1441859d63f6dfdfd17c13a64f5e70394bda7e7b571f4581404
artifacts/datasets/gold-v1-source-aware.json,dcd8d90081973b7b9a05ee6ef41623756a06232727f3718268945d71a207310a,410,train,514f190e-5d01-497a-a6ef-648601cd8bdb,no_relevante,no_relevante,0.5758360624313354,outputs/experiments/beto-u1/beto-lr2e5,4fea08ebf3da420a8ef1b04b151822b32c7f4869408335ab0c5885eb7945ef1f,74f80917f6b245d718c201d58e0d3599f2e4b3e0,0c1b4c8adf59945bb1e0165f0ac194358be6c1c13bf0102462a9c2271daee784
artifacts/datasets/gold-v1-source-aware.json,dcd8d90081973b7b9a05ee6ef41623756a06232727f3718268945d71a207310a,411,train,514f190e-5d01-497a-a6ef-648601cd8bdb,no_relevante,no_relevante,0.6286191344261169,outputs/experiments/beto-u1/beto-lr2e5,4fea08ebf3da420a8ef1b04b151822b32c7f4869408335ab0c5885eb7945ef1f,74f80917f6b245d718c201d58e0d3599f2e4b3e0,9614e5338a6388057990e6528e8ff2fa6d33118dfefc4718b053efbb6105ecf4
artifacts/datasets/gold-v1-source-aware.json,dcd8d90081973b7b9a05ee6ef41623756a06232727f3718268945d71a207310a,412,train,514f190e-5d01-497a-a6ef-648601cd8bdb,crisis_ideas_emancipadoras,crisis_ideas_emancipadoras,0.35725128650665283,outputs/experiments/beto-u1/beto-lr2e5,4fea08ebf3da420a8ef1b04b151822b32c7f4869408335ab0c5885eb7945ef1f,74f80917f6b245d718c201d58e0d3599f2e4b3e0,cd07f9417f4fa59a997db7562098cb7da42035ce4a16b0bb7ee9aa92fc908665
artifacts/datasets/gold-v1-source-aware.json,dcd8d90081973b7b9a05ee6ef41623756a06232727f3718268945d71a207310a,413,train,514f190e-5d01-497a-a6ef-648601cd8bdb,participacion_social_regional,crisis_ideas_emancipadoras,0.4664018154144287,outputs/experiments/beto-u1/beto-lr2e5,4fea08ebf3da420a8ef1b04b151822b32c7f4869408335ab0c5885eb7945ef1f,74f80917f6b245d718c201d58e0d3599f2e4b3e0,8e6818682097648a3ea17ddc563cb99cb78e3601273c4839a0101d87064be98a
artifacts/datasets/gold-v1-source-aware.json,dcd8d90081973b7b9a05ee6ef41623756a06232727f3718268945d71a207310a,414,train,514f190e-5d01-497a-a6ef-648601cd8bdb,liderazgos_diplomacia_proyectos,liderazgos_diplomacia_proyectos,0.27637365460395813,outputs/experiments/beto-u1/beto-lr2e5,4fea08ebf3da420a8ef1b04b151822b32c7f4869408335ab0c5885eb7945ef1f,74f80917f6b245d718c201d58e0d3599f2e4b3e0,2b4a56d5ccd1cf5a14f3a447c3e90702096abb4e8f28ffb06f28100d736f4ad3
artifacts/datasets/gold-v1-source-aware.json,dcd8d90081973b7b9a05ee6ef41623756a06232727f3718268945d71a207310a,415,train,514f190e-5d01-497a-a6ef-648601cd8bdb,liderazgos_diplomacia_proyectos,crisis_ideas_emancipadoras,0.29467207193374634,outputs/experiments/beto-u1/beto-lr2e5,4fea08ebf3da420a8ef1b04b151822b32c7f4869408335ab0c5885eb7945ef1f,74f80917f6b245d718c201d58e0d3599f2e4b3e0,41c0e8ac3aee713050214b72b50dc1de2127a98cb1a2a88a9ac16449287fcbae
artifacts/datasets/gold-v1-source-aware.json,dcd8d90081973b7b9a05ee6ef41623756a06232727f3718268945d71a207310a,416,train,747ca90f-92fc-4d19-aec4-6dfc34c2917e,contexto_colonial_antecedentes,participacion_social_regional,0.2515549659729004,outputs/experiments/beto-u1/beto-lr2e5,4fea08ebf3da420a8ef1b04b151822b32c7f4869408335ab0c5885eb7945ef1f,74f80917f6b245d718c201d58e0d3599f2e4b3e0,6d1b00d3c76b86c3a1303c5a0199692306bcf4bfaf9bbd4eb34425037870c22d
artifacts/datasets/gold-v1-source-aware.json,dcd8d90081973b7b9a05ee6ef41623756a06232727f3718268945d71a207310a,417,train,514f190e-5d01-497a-a6ef-648601cd8bdb,liderazgos_diplomacia_proyectos,liderazgos_diplomacia_proyectos,0.41447046399116516,outputs/experiments/beto-u1/beto-lr2e5,4fea08ebf3da420a8ef1b04b151822b32c7f4869408335ab0c5885eb7945ef1f,74f80917f6b245d718c201d58e0d3599f2e4b3e0,a42e24111f197229ac1f7aeb527e857eb1fc336a25bbf77ac7fdd7fc5c09743f
artifacts/datasets/gold-v1-source-aware.json,dcd8d90081973b7b9a05ee6ef41623756a06232727f3718268945d71a207310a,418,train,514f190e-5d01-497a-a6ef-648601cd8bdb,liderazgos_diplomacia_proyectos,liderazgos_diplomacia_proyectos,0.28848761320114136,outputs/experiments/beto-u1/beto-lr2e5,4fea08ebf3da420a8ef1b04b151822b32c7f4869408335ab0c5885eb7945ef1f,74f80917f6b245d718c201d58e0d3599f2e4b3e0,25753eef495a1031c8885c0bbc70a0f414cc17eaf2af822a2499209ec3724bff
artifacts/datasets/gold-v1-source-aware.json,dcd8d90081973b7b9a05ee6ef41623756a06232727f3718268945d71a207310a,419,train,514f190e-5d01-497a-a6ef-648601cd8bdb,organizacion_consecuencias_republicanas,crisis_ideas_emancipadoras,0.27378150820732117,outputs/experiments/beto-u1/beto-lr2e5,4fea08ebf3da420a8ef1b04b151822b32c7f4869408335ab0c5885eb7945ef1f,74f80917f6b245d718c201d58e0d3599f2e4b3e0,82f7529c8069bf251345fb2c55a56643951a41c5ac5e628795452b72c275333d
artifacts/datasets/gold-v1-source-aware.json,dcd8d90081973b7b9a05ee6ef41623756a06232727f3718268945d71a207310a,420,train,514f190e-5d01-497a-a6ef-648601cd8bdb,no_relevante,no_relevante,0.43206992745399475,outputs/experiments/beto-u1/beto-lr2e5,4fea08ebf3da420a8ef1b04b151822b32c7f4869408335ab0c5885eb7945ef1f,74f80917f6b245d718c201d58e0d3599f2e4b3e0,7f85da687571bafb2aa59053cc5ea72f15c296b7e774b816407e7e5520ac93cb
artifacts/datasets/gold-v1-source-aware.json,dcd8d90081973b7b9a05ee6ef41623756a06232727f3718268945d71a207310a,421,train,514f190e-5d01-497a-a6ef-648601cd8bdb,no_relevante,no_relevante,0.3756439983844757,outputs/experiments/beto-u1/beto-lr2e5,4fea08ebf3da420a8ef1b04b151822b32c7f4869408335ab0c5885eb7945ef1f,74f80917f6b245d718c201d58e0d3599f2e4b3e0,f5bed5ffed9bd3f70d11859b9791a81e089cace74cbd5cc2d473adbf976ac480
artifacts/datasets/gold-v1-source-aware.json,dcd8d90081973b7b9a05ee6ef41623756a06232727f3718268945d71a207310a,422,train,514f190e-5d01-497a-a6ef-648601cd8bdb,no_relevante,no_relevante,0.4139869809150696,outputs/experiments/beto-u1/beto-lr2e5,4fea08ebf3da420a8ef1b04b151822b32c7f4869408335ab0c5885eb7945ef1f,74f80917f6b245d718c201d58e0d3599f2e4b3e0,1405f6ded294991e0b98eca6e997b2bbf849df9963788f4ffd76e41580a3360b
artifacts/datasets/gold-v1-source-aware.json,dcd8d90081973b7b9a05ee6ef41623756a06232727f3718268945d71a207310a,423,train,514f190e-5d01-497a-a6ef-648601cd8bdb,no_relevante,no_relevante,0.7228643298149109,outputs/experiments/beto-u1/beto-lr2e5,4fea08ebf3da420a8ef1b04b151822b32c7f4869408335ab0c5885eb7945ef1f,74f80917f6b245d718c201d58e0d3599f2e4b3e0,9a3daf42050b1a34c12c1ffde62d952d8b80eb719f93587ac64f44f5b92fafe8
artifacts/datasets/gold-v1-source-aware.json,dcd8d90081973b7b9a05ee6ef41623756a06232727f3718268945d71a207310a,424,train,514f190e-5d01-497a-a6ef-648601cd8bdb,no_relevante,no_relevante,0.6327541470527649,outputs/experiments/beto-u1/beto-lr2e5,4fea08ebf3da420a8ef1b04b151822b32c7f4869408335ab0c5885eb7945ef1f,74f80917f6b245d718c201d58e0d3599f2e4b3e0,5a8ee077ecf96203b99a0c05d645efd0d3267fee95130b9acb6877695abea0a0
artifacts/datasets/gold-v1-source-aware.json,dcd8d90081973b7b9a05ee6ef41623756a06232727f3718268945d71a207310a,425,train,514f190e-5d01-497a-a6ef-648601cd8bdb,no_relevante,no_relevante,0.5266614556312561,outputs/experiments/beto-u1/beto-lr2e5,4fea08ebf3da420a8ef1b04b151822b32c7f4869408335ab0c5885eb7945ef1f,74f80917f6b245d718c201d58e0d3599f2e4b3e0,0aa4b98b4030be838dd6573c266467f745670542430cd1b82e42344acce160aa
artifacts/datasets/gold-v1-source-aware.json,dcd8d90081973b7b9a05ee6ef41623756a06232727f3718268945d71a207310a,426,train,514f190e-5d01-497a-a6ef-648601cd8bdb,crisis_ideas_emancipadoras,crisis_ideas_emancipadoras,0.3437609076499939,outputs/experiments/beto-u1/beto-lr2e5,4fea08ebf3da420a8ef1b04b151822b32c7f4869408335ab0c5885eb7945ef1f,74f80917f6b245d718c201d58e0d3599f2e4b3e0,ce038c55b9f6f57069dcc2ed649e1dcf554b8137ff46e887e708a7df25507eb5
artifacts/datasets/gold-v1-source-aware.json,dcd8d90081973b7b9a05ee6ef41623756a06232727f3718268945d71a207310a,427,train,514f190e-5d01-497a-a6ef-648601cd8bdb,crisis_ideas_emancipadoras,no_relevante,0.5885652899742126,outputs/experiments/beto-u1/beto-lr2e5,4fea08ebf3da420a8ef1b04b151822b32c7f4869408335ab0c5885eb7945ef1f,74f80917f6b245d718c201d58e0d3599f2e4b3e0,41bd2fee3f14acd3993ef78e9012ea4ef5ba63d1f92258c2683aa5cfb5a23aee
artifacts/datasets/gold-v1-source-aware.json,dcd8d90081973b7b9a05ee6ef41623756a06232727f3718268945d71a207310a,428,train,514f190e-5d01-497a-a6ef-648601cd8bdb,crisis_ideas_emancipadoras,crisis_ideas_emancipadoras,0.43316295742988586,outputs/experiments/beto-u1/beto-lr2e5,4fea08ebf3da420a8ef1b04b151822b32c7f4869408335ab0c5885eb7945ef1f,74f80917f6b245d718c201d58e0d3599f2e4b3e0,df227b96dfb821bb53155db73ff4d5a9e285e95b98380e6b6ea29483777eb2cc
artifacts/datasets/gold-v1-source-aware.json,dcd8d90081973b7b9a05ee6ef41623756a06232727f3718268945d71a207310a,429,train,514f190e-5d01-497a-a6ef-648601cd8bdb,liderazgos_diplomacia_proyectos,crisis_ideas_emancipadoras,0.3823094666004181,outputs/experiments/beto-u1/beto-lr2e5,4fea08ebf3da420a8ef1b04b151822b32c7f4869408335ab0c5885eb7945ef1f,74f80917f6b245d718c201d58e0d3599f2e4b3e0,ec2b5b7172a0808f21131a2e09814e48cdf95d68a2b5d7446e04a6f4171331e3
artifacts/datasets/gold-v1-source-aware.json,dcd8d90081973b7b9a05ee6ef41623756a06232727f3718268945d71a207310a,430,train,514f190e-5d01-497a-a6ef-648601cd8bdb,liderazgos_diplomacia_proyectos,liderazgos_diplomacia_proyectos,0.3955448269844055,outputs/experiments/beto-u1/beto-lr2e5,4fea08ebf3da420a8ef1b04b151822b32c7f4869408335ab0c5885eb7945ef1f,74f80917f6b245d718c201d58e0d3599f2e4b3e0,847f496d3d70998b430583354d5b81b47a47e4944a870622450b8bfa147262e0
artifacts/datasets/gold-v1-source-aware.json,dcd8d90081973b7b9a05ee6ef41623756a06232727f3718268945d71a207310a,431,train,514f190e-5d01-497a-a6ef-648601cd8bdb,organizacion_consecuencias_republicanas,liderazgos_diplomacia_proyectos,0.28304505348205566,outputs/experiments/beto-u1/beto-lr2e5,4fea08ebf3da420a8ef1b04b151822b32c7f4869408335ab0c5885eb7945ef1f,74f80917f6b245d718c201d58e0d3599f2e4b3e0,7b00769a48c0e488f0f5b59cab6b969735845333d15b0889def8fd3cef791e23
artifacts/datasets/gold-v1-source-aware.json,dcd8d90081973b7b9a05ee6ef41623756a06232727f3718268945d71a207310a,432,train,514f190e-5d01-497a-a6ef-648601cd8bdb,organizacion_consecuencias_republicanas,crisis_ideas_emancipadoras,0.338476300239563,outputs/experiments/beto-u1/beto-lr2e5,4fea08ebf3da420a8ef1b04b151822b32c7f4869408335ab0c5885eb7945ef1f,74f80917f6b245d718c201d58e0d3599f2e4b3e0,9a5b4b11950da13df7ed70a8e5ba6932ad963fc37997ecefbfe81c3e25e6ebf3
artifacts/datasets/gold-v1-source-aware.json,dcd8d90081973b7b9a05ee6ef41623756a06232727f3718268945d71a207310a,433,train,514f190e-5d01-497a-a6ef-648601cd8bdb,no_relevante,no_relevante,0.635943591594696,outputs/experiments/beto-u1/beto-lr2e5,4fea08ebf3da420a8ef1b04b151822b32c7f4869408335ab0c5885eb7945ef1f,74f80917f6b245d718c201d58e0d3599f2e4b3e0,bcd9e9f5e9f6350f36cbc0c3a5b9693c65d819eb8feaa5dc525878bc9b65054c
artifacts/datasets/gold-v1-source-aware.json,dcd8d90081973b7b9a05ee6ef41623756a06232727f3718268945d71a207310a,434,train,514f190e-5d01-497a-a6ef-648601cd8bdb,no_relevante,crisis_ideas_emancipadoras,0.38665738701820374,outputs/experiments/beto-u1/beto-lr2e5,4fea08ebf3da420a8ef1b04b151822b32c7f4869408335ab0c5885eb7945ef1f,74f80917f6b245d718c201d58e0d3599f2e4b3e0,786e818e7cd4fca7ff3ba0f214dade6a43ab5934d537a34922861eca06fe1aac
artifacts/datasets/gold-v1-source-aware.json,dcd8d90081973b7b9a05ee6ef41623756a06232727f3718268945d71a207310a,435,train,514f190e-5d01-497a-a6ef-648601cd8bdb,no_relevante,no_relevante,0.36653605103492737,outputs/experiments/beto-u1/beto-lr2e5,4fea08ebf3da420a8ef1b04b151822b32c7f4869408335ab0c5885eb7945ef1f,74f80917f6b245d718c201d58e0d3599f2e4b3e0,a14df04dc9c78678f14ac6c5aff362bc7a920b9df05e3aa980f1d51eaca42463
artifacts/datasets/gold-v1-source-aware.json,dcd8d90081973b7b9a05ee6ef41623756a06232727f3718268945d71a207310a,436,train,514f190e-5d01-497a-a6ef-648601cd8bdb,no_relevante,no_relevante,0.6912844181060791,outputs/experiments/beto-u1/beto-lr2e5,4fea08ebf3da420a8ef1b04b151822b32c7f4869408335ab0c5885eb7945ef1f,74f80917f6b245d718c201d58e0d3599f2e4b3e0,ce6a906b0ffdb6fcba9a6b952a69b5703fad33dd038ee8de141552d195b96ec6
artifacts/datasets/gold-v1-source-aware.json,dcd8d90081973b7b9a05ee6ef41623756a06232727f3718268945d71a207310a,437,train,747ca90f-92fc-4d19-aec4-6dfc34c2917e,liderazgos_diplomacia_proyectos,campanias_conflictos_militares,0.7561664581298828,outputs/experiments/beto-u1/beto-lr2e5,4fea08ebf3da420a8ef1b04b151822b32c7f4869408335ab0c5885eb7945ef1f,74f80917f6b245d718c201d58e0d3599f2e4b3e0,3002d21e1f715fcbce8188b653184f44c0c6547880348831ae4083f7b2c416f1
artifacts/datasets/gold-v1-source-aware.json,dcd8d90081973b7b9a05ee6ef41623756a06232727f3718268945d71a207310a,438,train,747ca90f-92fc-4d19-aec4-6dfc34c2917e,liderazgos_diplomacia_proyectos,liderazgos_diplomacia_proyectos,0.35409602522850037,outputs/experiments/beto-u1/beto-lr2e5,4fea08ebf3da420a8ef1b04b151822b32c7f4869408335ab0c5885eb7945ef1f,74f80917f6b245d718c201d58e0d3599f2e4b3e0,a6750d07dcb5ea40c37696561ebcbe0e11ea69cd57645a2c896934eed5537834
artifacts/datasets/gold-v1-source-aware.json,dcd8d90081973b7b9a05ee6ef41623756a06232727f3718268945d71a207310a,439,train,747ca90f-92fc-4d19-aec4-6dfc34c2917e,liderazgos_diplomacia_proyectos,organizacion_consecuencias_republicanas,0.2780277729034424,outputs/experiments/beto-u1/beto-lr2e5,4fea08ebf3da420a8ef1b04b151822b32c7f4869408335ab0c5885eb7945ef1f,74f80917f6b245d718c201d58e0d3599f2e4b3e0,b80f69dd3cc158622e055921b4c96e6833abb072b133314af21597865ac4fd45
artifacts/datasets/gold-v1-source-aware.json,dcd8d90081973b7b9a05ee6ef41623756a06232727f3718268945d71a207310a,440,train,747ca90f-92fc-4d19-aec4-6dfc34c2917e,liderazgos_diplomacia_proyectos,contexto_colonial_antecedentes,0.3083069622516632,outputs/experiments/beto-u1/beto-lr2e5,4fea08ebf3da420a8ef1b04b151822b32c7f4869408335ab0c5885eb7945ef1f,74f80917f6b245d718c201d58e0d3599f2e4b3e0,f3dd345dbbff1caf472674035f4c2e798e5f3769070bc1453c61660642b9947a
artifacts/datasets/gold-v1-source-aware.json,dcd8d90081973b7b9a05ee6ef41623756a06232727f3718268945d71a207310a,441,train,747ca90f-92fc-4d19-aec4-6dfc34c2917e,liderazgos_diplomacia_proyectos,liderazgos_diplomacia_proyectos,0.4634566903114319,outputs/experiments/beto-u1/beto-lr2e5,4fea08ebf3da420a8ef1b04b151822b32c7f4869408335ab0c5885eb7945ef1f,74f80917f6b245d718c201d58e0d3599f2e4b3e0,91de4cf790e6aea36d75ee817106b7f0bf18bd7ba96438179ef902f1ea69a324
artifacts/datasets/gold-v1-source-aware.json,dcd8d90081973b7b9a05ee6ef41623756a06232727f3718268945d71a207310a,442,train,747ca90f-92fc-4d19-aec4-6dfc34c2917e,liderazgos_diplomacia_proyectos,campanias_conflictos_militares,0.602124810218811,outputs/experiments/beto-u1/beto-lr2e5,4fea08ebf3da420a8ef1b04b151822b32c7f4869408335ab0c5885eb7945ef1f,74f80917f6b245d718c201d58e0d3599f2e4b3e0,1541c0146ebdd9ae4f225c6648cdeaef4d2bcddd43a4ccc2a43bd6a6a66707ee
artifacts/datasets/gold-v1-source-aware.json,dcd8d90081973b7b9a05ee6ef41623756a06232727f3718268945d71a207310a,443,train,747ca90f-92fc-4d19-aec4-6dfc34c2917e,organizacion_consecuencias_republicanas,organizacion_consecuencias_republicanas,0.34692007303237915,outputs/experiments/beto-u1/beto-lr2e5,4fea08ebf3da420a8ef1b04b151822b32c7f4869408335ab0c5885eb7945ef1f,74f80917f6b245d718c201d58e0d3599f2e4b3e0,24b2e9d28a2d456541fcfbb31e12089f7173e86b4ae461736f3ec0cff4beabd6
artifacts/datasets/gold-v1-source-aware.json,dcd8d90081973b7b9a05ee6ef41623756a06232727f3718268945d71a207310a,444,train,747ca90f-92fc-4d19-aec4-6dfc34c2917e,organizacion_consecuencias_republicanas,campanias_conflictos_militares,0.38059860467910767,outputs/experiments/beto-u1/beto-lr2e5,4fea08ebf3da420a8ef1b04b151822b32c7f4869408335ab0c5885eb7945ef1f,74f80917f6b245d718c201d58e0d3599f2e4b3e0,e0a026bbaa4ed2c82b44b0aad17722cd2335f7c665adb5d0120a61b15b47f8c1
artifacts/datasets/gold-v1-source-aware.json,dcd8d90081973b7b9a05ee6ef41623756a06232727f3718268945d71a207310a,445,train,747ca90f-92fc-4d19-aec4-6dfc34c2917e,organizacion_consecuencias_republicanas,contexto_colonial_antecedentes,0.3563960790634155,outputs/experiments/beto-u1/beto-lr2e5,4fea08ebf3da420a8ef1b04b151822b32c7f4869408335ab0c5885eb7945ef1f,74f80917f6b245d718c201d58e0d3599f2e4b3e0,2bf75b05220a41579f0c85edb4e0f4f358cb6bc1b02a1e56700bf466a6bdb59a
artifacts/datasets/gold-v1-source-aware.json,dcd8d90081973b7b9a05ee6ef41623756a06232727f3718268945d71a207310a,446,train,747ca90f-92fc-4d19-aec4-6dfc34c2917e,organizacion_consecuencias_republicanas,contexto_colonial_antecedentes,0.26593801379203796,outputs/experiments/beto-u1/beto-lr2e5,4fea08ebf3da420a8ef1b04b151822b32c7f4869408335ab0c5885eb7945ef1f,74f80917f6b245d718c201d58e0d3599f2e4b3e0,0b085cab7ffa53051028c4d75e7b50bee78f64283b4af532b583555d2a5a1edf
artifacts/datasets/gold-v1-source-aware.json,dcd8d90081973b7b9a05ee6ef41623756a06232727f3718268945d71a207310a,447,train,747ca90f-92fc-4d19-aec4-6dfc34c2917e,organizacion_consecuencias_republicanas,organizacion_consecuencias_republicanas,0.3513769209384918,outputs/experiments/beto-u1/beto-lr2e5,4fea08ebf3da420a8ef1b04b151822b32c7f4869408335ab0c5885eb7945ef1f,74f80917f6b245d718c201d58e0d3599f2e4b3e0,86070254b6ee4fb13a7c4f03110b876f76ba42e4c2c1e9059ff1f82dcbfae8dd
artifacts/datasets/gold-v1-source-aware.json,dcd8d90081973b7b9a05ee6ef41623756a06232727f3718268945d71a207310a,448,train,747ca90f-92fc-4d19-aec4-6dfc34c2917e,organizacion_consecuencias_republicanas,organizacion_consecuencias_republicanas,0.36096951365470886,outputs/experiments/beto-u1/beto-lr2e5,4fea08ebf3da420a8ef1b04b151822b32c7f4869408335ab0c5885eb7945ef1f,74f80917f6b245d718c201d58e0d3599f2e4b3e0,a201e42fea56b78bf8b5bc0771d030d57d0ddf91da7c2f7470e6e6b6d434c74d
artifacts/datasets/gold-v1-source-aware.json,dcd8d90081973b7b9a05ee6ef41623756a06232727f3718268945d71a207310a,449,train,747ca90f-92fc-4d19-aec4-6dfc34c2917e,organizacion_consecuencias_republicanas,contexto_colonial_antecedentes,0.32032814621925354,outputs/experiments/beto-u1/beto-lr2e5,4fea08ebf3da420a8ef1b04b151822b32c7f4869408335ab0c5885eb7945ef1f,74f80917f6b245d718c201d58e0d3599f2e4b3e0,0bf62307a710879dbf9069ee9479cb600a4610bf7a7ecdc21c74cb4ba7262e96
artifacts/datasets/gold-v1-source-aware.json,dcd8d90081973b7b9a05ee6ef41623756a06232727f3718268945d71a207310a,450,train,747ca90f-92fc-4d19-aec4-6dfc34c2917e,organizacion_consecuencias_republicanas,organizacion_consecuencias_republicanas,0.2362205684185028,outputs/experiments/beto-u1/beto-lr2e5,4fea08ebf3da420a8ef1b04b151822b32c7f4869408335ab0c5885eb7945ef1f,74f80917f6b245d718c201d58e0d3599f2e4b3e0,adfa0f02e65f8ff226f0f41d2bb7af41a0b85b19d9e8229c3cc2dbe8a9b6db82
artifacts/datasets/gold-v1-source-aware.json,dcd8d90081973b7b9a05ee6ef41623756a06232727f3718268945d71a207310a,451,train,747ca90f-92fc-4d19-aec4-6dfc34c2917e,no_relevante,no_relevante,0.6648455858230591,outputs/experiments/beto-u1/beto-lr2e5,4fea08ebf3da420a8ef1b04b151822b32c7f4869408335ab0c5885eb7945ef1f,74f80917f6b245d718c201d58e0d3599f2e4b3e0,0fd0865b6b49980faf6a75f7f6c2d137502b641b96e7472f7b224d485f2f5272
artifacts/datasets/gold-v1-source-aware.json,dcd8d90081973b7b9a05ee6ef41623756a06232727f3718268945d71a207310a,452,train,747ca90f-92fc-4d19-aec4-6dfc34c2917e,no_relevante,no_relevante,0.2771308422088623,outputs/experiments/beto-u1/beto-lr2e5,4fea08ebf3da420a8ef1b04b151822b32c7f4869408335ab0c5885eb7945ef1f,74f80917f6b245d718c201d58e0d3599f2e4b3e0,b5edbc7f4a76d4249a76536c4a69f8c1c224acdac82635c91ba6786d2008341b
artifacts/datasets/gold-v1-source-aware.json,dcd8d90081973b7b9a05ee6ef41623756a06232727f3718268945d71a207310a,453,train,747ca90f-92fc-4d19-aec4-6dfc34c2917e,campanias_conflictos_militares,campanias_conflictos_militares,0.7666024565696716,outputs/experiments/beto-u1/beto-lr2e5,4fea08ebf3da420a8ef1b04b151822b32c7f4869408335ab0c5885eb7945ef1f,74f80917f6b245d718c201d58e0d3599f2e4b3e0,eb8046052a804233aea9d5e9b2e199604f56a92dd60ec52aca40c513ece8015a
artifacts/datasets/gold-v1-source-aware.json,dcd8d90081973b7b9a05ee6ef41623756a06232727f3718268945d71a207310a,454,train,747ca90f-92fc-4d19-aec4-6dfc34c2917e,campanias_conflictos_militares,campanias_conflictos_militares,0.7663851380348206,outputs/experiments/beto-u1/beto-lr2e5,4fea08ebf3da420a8ef1b04b151822b32c7f4869408335ab0c5885eb7945ef1f,74f80917f6b245d718c201d58e0d3599f2e4b3e0,449a8e58d45f095fb81032233ddced7e1fd5830941fc5ae392b6d960de0e4162
artifacts/datasets/gold-v1-source-aware.json,dcd8d90081973b7b9a05ee6ef41623756a06232727f3718268945d71a207310a,455,train,747ca90f-92fc-4d19-aec4-6dfc34c2917e,liderazgos_diplomacia_proyectos,campanias_conflictos_militares,0.4006553292274475,outputs/experiments/beto-u1/beto-lr2e5,4fea08ebf3da420a8ef1b04b151822b32c7f4869408335ab0c5885eb7945ef1f,74f80917f6b245d718c201d58e0d3599f2e4b3e0,59cf4bd7a87b363cfc1e11d8bd1613fa97b85e9188a49adddb4b432472e7e3e1
artifacts/datasets/gold-v1-source-aware.json,dcd8d90081973b7b9a05ee6ef41623756a06232727f3718268945d71a207310a,456,train,747ca90f-92fc-4d19-aec4-6dfc34c2917e,liderazgos_diplomacia_proyectos,liderazgos_diplomacia_proyectos,0.37652331590652466,outputs/experiments/beto-u1/beto-lr2e5,4fea08ebf3da420a8ef1b04b151822b32c7f4869408335ab0c5885eb7945ef1f,74f80917f6b245d718c201d58e0d3599f2e4b3e0,b5f71382c0f439d0f41d5b1b15009905aff9744f929e53ca72f540c07cb3141b
artifacts/datasets/gold-v1-source-aware.json,dcd8d90081973b7b9a05ee6ef41623756a06232727f3718268945d71a207310a,457,train,747ca90f-92fc-4d19-aec4-6dfc34c2917e,liderazgos_diplomacia_proyectos,liderazgos_diplomacia_proyectos,0.42835766077041626,outputs/experiments/beto-u1/beto-lr2e5,4fea08ebf3da420a8ef1b04b151822b32c7f4869408335ab0c5885eb7945ef1f,74f80917f6b245d718c201d58e0d3599f2e4b3e0,2055825b654e17977444b8af10477b622554a9aa08170729a6f7b2c73d4c3b18
artifacts/datasets/gold-v1-source-aware.json,dcd8d90081973b7b9a05ee6ef41623756a06232727f3718268945d71a207310a,458,train,747ca90f-92fc-4d19-aec4-6dfc34c2917e,liderazgos_diplomacia_proyectos,liderazgos_diplomacia_proyectos,0.40875518321990967,outputs/experiments/beto-u1/beto-lr2e5,4fea08ebf3da420a8ef1b04b151822b32c7f4869408335ab0c5885eb7945ef1f,74f80917f6b245d718c201d58e0d3599f2e4b3e0,beb907025c1589f3f7a047218c5cb84205cf27524e0cf8f50be175d1accea67b
artifacts/datasets/gold-v1-source-aware.json,dcd8d90081973b7b9a05ee6ef41623756a06232727f3718268945d71a207310a,459,train,747ca90f-92fc-4d19-aec4-6dfc34c2917e,organizacion_consecuencias_republicanas,organizacion_consecuencias_republicanas,0.4070545434951782,outputs/experiments/beto-u1/beto-lr2e5,4fea08ebf3da420a8ef1b04b151822b32c7f4869408335ab0c5885eb7945ef1f,74f80917f6b245d718c201d58e0d3599f2e4b3e0,42067bbee664e0e392a9aca1bd0a211183b56886d40bf28c1cdaf90644f446fa
artifacts/datasets/gold-v1-source-aware.json,dcd8d90081973b7b9a05ee6ef41623756a06232727f3718268945d71a207310a,460,train,747ca90f-92fc-4d19-aec4-6dfc34c2917e,organizacion_consecuencias_republicanas,organizacion_consecuencias_republicanas,0.45599088072776794,outputs/experiments/beto-u1/beto-lr2e5,4fea08ebf3da420a8ef1b04b151822b32c7f4869408335ab0c5885eb7945ef1f,74f80917f6b245d718c201d58e0d3599f2e4b3e0,1bdb5d20aac681a14e46176f6d8dc55404d18676303a730b3554bffa733894b4
artifacts/datasets/gold-v1-source-aware.json,dcd8d90081973b7b9a05ee6ef41623756a06232727f3718268945d71a207310a,461,train,747ca90f-92fc-4d19-aec4-6dfc34c2917e,organizacion_consecuencias_republicanas,organizacion_consecuencias_republicanas,0.4578901529312134,outputs/experiments/beto-u1/beto-lr2e5,4fea08ebf3da420a8ef1b04b151822b32c7f4869408335ab0c5885eb7945ef1f,74f80917f6b245d718c201d58e0d3599f2e4b3e0,2b1dd816065e21942ab351bcd9b2803f2aedb4f89ac24b02fad424196c5d3b29
artifacts/datasets/gold-v1-source-aware.json,dcd8d90081973b7b9a05ee6ef41623756a06232727f3718268945d71a207310a,462,train,747ca90f-92fc-4d19-aec4-6dfc34c2917e,organizacion_consecuencias_republicanas,organizacion_consecuencias_republicanas,0.4397839605808258,outputs/experiments/beto-u1/beto-lr2e5,4fea08ebf3da420a8ef1b04b151822b32c7f4869408335ab0c5885eb7945ef1f,74f80917f6b245d718c201d58e0d3599f2e4b3e0,dbf023d8d411c5ce2f8ca5a7e7b85b49cde0a51fcaacecd6230e7a981c07d741
artifacts/datasets/gold-v1-source-aware.json,dcd8d90081973b7b9a05ee6ef41623756a06232727f3718268945d71a207310a,463,train,747ca90f-92fc-4d19-aec4-6dfc34c2917e,organizacion_consecuencias_republicanas,organizacion_consecuencias_republicanas,0.3475954830646515,outputs/experiments/beto-u1/beto-lr2e5,4fea08ebf3da420a8ef1b04b151822b32c7f4869408335ab0c5885eb7945ef1f,74f80917f6b245d718c201d58e0d3599f2e4b3e0,805401eeeb6569c8edf82a024fc01861818aeef0520e94439c2c24eb12f0829a
artifacts/datasets/gold-v1-source-aware.json,dcd8d90081973b7b9a05ee6ef41623756a06232727f3718268945d71a207310a,464,train,747ca90f-92fc-4d19-aec4-6dfc34c2917e,organizacion_consecuencias_republicanas,organizacion_consecuencias_republicanas,0.47323834896087646,outputs/experiments/beto-u1/beto-lr2e5,4fea08ebf3da420a8ef1b04b151822b32c7f4869408335ab0c5885eb7945ef1f,74f80917f6b245d718c201d58e0d3599f2e4b3e0,246ef87859fd6ff8dbd06f6364c41f6e3f651b01ed809a3e2b5121a53f609b1d
artifacts/datasets/gold-v1-source-aware.json,dcd8d90081973b7b9a05ee6ef41623756a06232727f3718268945d71a207310a,465,train,747ca90f-92fc-4d19-aec4-6dfc34c2917e,organizacion_consecuencias_republicanas,organizacion_consecuencias_republicanas,0.4362508952617645,outputs/experiments/beto-u1/beto-lr2e5,4fea08ebf3da420a8ef1b04b151822b32c7f4869408335ab0c5885eb7945ef1f,74f80917f6b245d718c201d58e0d3599f2e4b3e0,cf2efeb6151d498b5276377730e21693c8b90e596539f5e90fb41b8668243b46
artifacts/datasets/gold-v1-source-aware.json,dcd8d90081973b7b9a05ee6ef41623756a06232727f3718268945d71a207310a,466,train,747ca90f-92fc-4d19-aec4-6dfc34c2917e,organizacion_consecuencias_republicanas,participacion_social_regional,0.2651098072528839,outputs/experiments/beto-u1/beto-lr2e5,4fea08ebf3da420a8ef1b04b151822b32c7f4869408335ab0c5885eb7945ef1f,74f80917f6b245d718c201d58e0d3599f2e4b3e0,40563e5b8fa00feccb218baada12636ada36a85c7716913bfb4103d9288e9404
artifacts/datasets/gold-v1-source-aware.json,dcd8d90081973b7b9a05ee6ef41623756a06232727f3718268945d71a207310a,467,train,747ca90f-92fc-4d19-aec4-6dfc34c2917e,no_relevante,no_relevante,0.7307606339454651,outputs/experiments/beto-u1/beto-lr2e5,4fea08ebf3da420a8ef1b04b151822b32c7f4869408335ab0c5885eb7945ef1f,74f80917f6b245d718c201d58e0d3599f2e4b3e0,390aa7bc68c4a3836288dbd6f978cd24290dd44d4cfca7768fbadd27dc2d7191
artifacts/datasets/gold-v1-source-aware.json,dcd8d90081973b7b9a05ee6ef41623756a06232727f3718268945d71a207310a,468,train,747ca90f-92fc-4d19-aec4-6dfc34c2917e,crisis_ideas_emancipadoras,organizacion_consecuencias_republicanas,0.28519612550735474,outputs/experiments/beto-u1/beto-lr2e5,4fea08ebf3da420a8ef1b04b151822b32c7f4869408335ab0c5885eb7945ef1f,74f80917f6b245d718c201d58e0d3599f2e4b3e0,773f4eab39fdd221edbe4470777e8085cbad94aade99ebc4f81572b4b9c17d91
artifacts/datasets/gold-v1-source-aware.json,dcd8d90081973b7b9a05ee6ef41623756a06232727f3718268945d71a207310a,469,train,747ca90f-92fc-4d19-aec4-6dfc34c2917e,campanias_conflictos_militares,campanias_conflictos_militares,0.7876860499382019,outputs/experiments/beto-u1/beto-lr2e5,4fea08ebf3da420a8ef1b04b151822b32c7f4869408335ab0c5885eb7945ef1f,74f80917f6b245d718c201d58e0d3599f2e4b3e0,7d28505c66d5ef217746f6afece6e891ae8c03db92ca0d87a4faae8d92fb8586
artifacts/datasets/gold-v1-source-aware.json,dcd8d90081973b7b9a05ee6ef41623756a06232727f3718268945d71a207310a,470,train,747ca90f-92fc-4d19-aec4-6dfc34c2917e,liderazgos_diplomacia_proyectos,liderazgos_diplomacia_proyectos,0.41567113995552063,outputs/experiments/beto-u1/beto-lr2e5,4fea08ebf3da420a8ef1b04b151822b32c7f4869408335ab0c5885eb7945ef1f,74f80917f6b245d718c201d58e0d3599f2e4b3e0,4c5639cd8b8d58080121fac91ce017adc33c02a866601f6b503d4f34418dadc1
artifacts/datasets/gold-v1-source-aware.json,dcd8d90081973b7b9a05ee6ef41623756a06232727f3718268945d71a207310a,471,train,747ca90f-92fc-4d19-aec4-6dfc34c2917e,liderazgos_diplomacia_proyectos,liderazgos_diplomacia_proyectos,0.3974372148513794,outputs/experiments/beto-u1/beto-lr2e5,4fea08ebf3da420a8ef1b04b151822b32c7f4869408335ab0c5885eb7945ef1f,74f80917f6b245d718c201d58e0d3599f2e4b3e0,93c474c48359e3eec807d7b4614b566084d57836b6b0c22192bbb99b60f1149d
artifacts/datasets/gold-v1-source-aware.json,dcd8d90081973b7b9a05ee6ef41623756a06232727f3718268945d71a207310a,472,train,747ca90f-92fc-4d19-aec4-6dfc34c2917e,liderazgos_diplomacia_proyectos,liderazgos_diplomacia_proyectos,0.4020138680934906,outputs/experiments/beto-u1/beto-lr2e5,4fea08ebf3da420a8ef1b04b151822b32c7f4869408335ab0c5885eb7945ef1f,74f80917f6b245d718c201d58e0d3599f2e4b3e0,70489c96aa6a2233a0bef7d7091136e917db8af3026a95ff2dc9432b3b417c65
artifacts/datasets/gold-v1-source-aware.json,dcd8d90081973b7b9a05ee6ef41623756a06232727f3718268945d71a207310a,473,train,747ca90f-92fc-4d19-aec4-6dfc34c2917e,liderazgos_diplomacia_proyectos,liderazgos_diplomacia_proyectos,0.4275296926498413,outputs/experiments/beto-u1/beto-lr2e5,4fea08ebf3da420a8ef1b04b151822b32c7f4869408335ab0c5885eb7945ef1f,74f80917f6b245d718c201d58e0d3599f2e4b3e0,6a5005f894b8f8e93585a2ca92a60e37520970bdaf12e74b4b6b3f2c9607ba04
artifacts/datasets/gold-v1-source-aware.json,dcd8d90081973b7b9a05ee6ef41623756a06232727f3718268945d71a207310a,474,train,747ca90f-92fc-4d19-aec4-6dfc34c2917e,liderazgos_diplomacia_proyectos,campanias_conflictos_militares,0.34114861488342285,outputs/experiments/beto-u1/beto-lr2e5,4fea08ebf3da420a8ef1b04b151822b32c7f4869408335ab0c5885eb7945ef1f,74f80917f6b245d718c201d58e0d3599f2e4b3e0,cc38f5ae7d586f39759c9f7756260337ce0faa3009a5c55ef08754d66b1f34c9
artifacts/datasets/gold-v1-source-aware.json,dcd8d90081973b7b9a05ee6ef41623756a06232727f3718268945d71a207310a,475,train,747ca90f-92fc-4d19-aec4-6dfc34c2917e,organizacion_consecuencias_republicanas,organizacion_consecuencias_republicanas,0.4245705008506775,outputs/experiments/beto-u1/beto-lr2e5,4fea08ebf3da420a8ef1b04b151822b32c7f4869408335ab0c5885eb7945ef1f,74f80917f6b245d718c201d58e0d3599f2e4b3e0,40283484ef5d7430691724dbca24279bf54cab927837dbf6f0737d8b187428d0
artifacts/datasets/gold-v1-source-aware.json,dcd8d90081973b7b9a05ee6ef41623756a06232727f3718268945d71a207310a,476,train,747ca90f-92fc-4d19-aec4-6dfc34c2917e,organizacion_consecuencias_republicanas,crisis_ideas_emancipadoras,0.2074883133172989,outputs/experiments/beto-u1/beto-lr2e5,4fea08ebf3da420a8ef1b04b151822b32c7f4869408335ab0c5885eb7945ef1f,74f80917f6b245d718c201d58e0d3599f2e4b3e0,07857bf3b42c3594c5b1178b0435e4b2ee3d38467a8f8216a574667998bac8bc
artifacts/datasets/gold-v1-source-aware.json,dcd8d90081973b7b9a05ee6ef41623756a06232727f3718268945d71a207310a,477,train,747ca90f-92fc-4d19-aec4-6dfc34c2917e,organizacion_consecuencias_republicanas,organizacion_consecuencias_republicanas,0.39339005947113037,outputs/experiments/beto-u1/beto-lr2e5,4fea08ebf3da420a8ef1b04b151822b32c7f4869408335ab0c5885eb7945ef1f,74f80917f6b245d718c201d58e0d3599f2e4b3e0,131612b4c143dba7e282fbb7f7f9550fe49bafd36e01f2d2f545dd9b1401a81c
artifacts/datasets/gold-v1-source-aware.json,dcd8d90081973b7b9a05ee6ef41623756a06232727f3718268945d71a207310a,478,train,747ca90f-92fc-4d19-aec4-6dfc34c2917e,organizacion_consecuencias_republicanas,organizacion_consecuencias_republicanas,0.37248340249061584,outputs/experiments/beto-u1/beto-lr2e5,4fea08ebf3da420a8ef1b04b151822b32c7f4869408335ab0c5885eb7945ef1f,74f80917f6b245d718c201d58e0d3599f2e4b3e0,51c31ca0e7d4a201b15ef2b083c756759336fd70c77dbbc0c823780db5f9fff6
artifacts/datasets/gold-v1-source-aware.json,dcd8d90081973b7b9a05ee6ef41623756a06232727f3718268945d71a207310a,479,train,747ca90f-92fc-4d19-aec4-6dfc34c2917e,liderazgos_diplomacia_proyectos,liderazgos_diplomacia_proyectos,0.363350510597229,outputs/experiments/beto-u1/beto-lr2e5,4fea08ebf3da420a8ef1b04b151822b32c7f4869408335ab0c5885eb7945ef1f,74f80917f6b245d718c201d58e0d3599f2e4b3e0,2251e5d5ed5ccedbf05b9e49a39b1a7a4e12eb0f731bb73bf15a9b31a579e1a6
artifacts/datasets/gold-v1-source-aware.json,dcd8d90081973b7b9a05ee6ef41623756a06232727f3718268945d71a207310a,480,train,747ca90f-92fc-4d19-aec4-6dfc34c2917e,crisis_ideas_emancipadoras,organizacion_consecuencias_republicanas,0.18811465799808502,outputs/experiments/beto-u1/beto-lr2e5,4fea08ebf3da420a8ef1b04b151822b32c7f4869408335ab0c5885eb7945ef1f,74f80917f6b245d718c201d58e0d3599f2e4b3e0,23a98773e035fbcbe88bfe77b9745c54738d563cf3fdaa3ebe7ea11b7e58b54e
artifacts/datasets/gold-v1-source-aware.json,dcd8d90081973b7b9a05ee6ef41623756a06232727f3718268945d71a207310a,481,train,747ca90f-92fc-4d19-aec4-6dfc34c2917e,campanias_conflictos_militares,campanias_conflictos_militares,0.7646112442016602,outputs/experiments/beto-u1/beto-lr2e5,4fea08ebf3da420a8ef1b04b151822b32c7f4869408335ab0c5885eb7945ef1f,74f80917f6b245d718c201d58e0d3599f2e4b3e0,b0947ffb72099c1a425a15d882459e66f7a0823e568a03020404d3e996dc45bc
artifacts/datasets/gold-v1-source-aware.json,dcd8d90081973b7b9a05ee6ef41623756a06232727f3718268945d71a207310a,482,train,747ca90f-92fc-4d19-aec4-6dfc34c2917e,campanias_conflictos_militares,campanias_conflictos_militares,0.7860910296440125,outputs/experiments/beto-u1/beto-lr2e5,4fea08ebf3da420a8ef1b04b151822b32c7f4869408335ab0c5885eb7945ef1f,74f80917f6b245d718c201d58e0d3599f2e4b3e0,46386f1f322561cb7a0a88721ca739d3d612825e1ef3fb6b6fb87d0b8556dc70
artifacts/datasets/gold-v1-source-aware.json,dcd8d90081973b7b9a05ee6ef41623756a06232727f3718268945d71a207310a,483,train,747ca90f-92fc-4d19-aec4-6dfc34c2917e,liderazgos_diplomacia_proyectos,liderazgos_diplomacia_proyectos,0.4183620810508728,outputs/experiments/beto-u1/beto-lr2e5,4fea08ebf3da420a8ef1b04b151822b32c7f4869408335ab0c5885eb7945ef1f,74f80917f6b245d718c201d58e0d3599f2e4b3e0,2c0d489db17737f393cf23992c38f7bcef092bfb5e699e99abc76b5e58ccf915
artifacts/datasets/gold-v1-source-aware.json,dcd8d90081973b7b9a05ee6ef41623756a06232727f3718268945d71a207310a,484,train,747ca90f-92fc-4d19-aec4-6dfc34c2917e,organizacion_consecuencias_republicanas,organizacion_consecuencias_republicanas,0.2874884009361267,outputs/experiments/beto-u1/beto-lr2e5,4fea08ebf3da420a8ef1b04b151822b32c7f4869408335ab0c5885eb7945ef1f,74f80917f6b245d718c201d58e0d3599f2e4b3e0,ce1cd97b02012ce90d1f3aa6f725bfca9002e7a09457d77ea297bb3b9e0ff13c
artifacts/datasets/gold-v1-source-aware.json,dcd8d90081973b7b9a05ee6ef41623756a06232727f3718268945d71a207310a,485,train,747ca90f-92fc-4d19-aec4-6dfc34c2917e,organizacion_consecuencias_republicanas,organizacion_consecuencias_republicanas,0.4572051465511322,outputs/experiments/beto-u1/beto-lr2e5,4fea08ebf3da420a8ef1b04b151822b32c7f4869408335ab0c5885eb7945ef1f,74f80917f6b245d718c201d58e0d3599f2e4b3e0,fbd6c287ebc20089a8fecd5a73fc75f83df2baa7fac1749cbdbc114488c8b7c5
artifacts/datasets/gold-v1-source-aware.json,dcd8d90081973b7b9a05ee6ef41623756a06232727f3718268945d71a207310a,486,train,747ca90f-92fc-4d19-aec4-6dfc34c2917e,organizacion_consecuencias_republicanas,campanias_conflictos_militares,0.5528597831726074,outputs/experiments/beto-u1/beto-lr2e5,4fea08ebf3da420a8ef1b04b151822b32c7f4869408335ab0c5885eb7945ef1f,74f80917f6b245d718c201d58e0d3599f2e4b3e0,d71f254ab4ced579b5a501f78f4ce4df1f630498f05ea9f0a808dc5cc783b49c
artifacts/datasets/gold-v1-source-aware.json,dcd8d90081973b7b9a05ee6ef41623756a06232727f3718268945d71a207310a,487,train,747ca90f-92fc-4d19-aec4-6dfc34c2917e,organizacion_consecuencias_republicanas,organizacion_consecuencias_republicanas,0.4405697286128998,outputs/experiments/beto-u1/beto-lr2e5,4fea08ebf3da420a8ef1b04b151822b32c7f4869408335ab0c5885eb7945ef1f,74f80917f6b245d718c201d58e0d3599f2e4b3e0,6a427d4f24b6b17bd540544350993b7c2aa2f83c3be78ff87564b2fe588043bf
artifacts/datasets/gold-v1-source-aware.json,dcd8d90081973b7b9a05ee6ef41623756a06232727f3718268945d71a207310a,488,train,747ca90f-92fc-4d19-aec4-6dfc34c2917e,no_relevante,liderazgos_diplomacia_proyectos,0.21170568466186523,outputs/experiments/beto-u1/beto-lr2e5,4fea08ebf3da420a8ef1b04b151822b32c7f4869408335ab0c5885eb7945ef1f,74f80917f6b245d718c201d58e0d3599f2e4b3e0,285e1f02f98c30993824ab8f91b31f4d753445775f36bfe3239be82ec199581d
artifacts/datasets/gold-v1-source-aware.json,dcd8d90081973b7b9a05ee6ef41623756a06232727f3718268945d71a207310a,489,train,747ca90f-92fc-4d19-aec4-6dfc34c2917e,no_relevante,no_relevante,0.393893837928772,outputs/experiments/beto-u1/beto-lr2e5,4fea08ebf3da420a8ef1b04b151822b32c7f4869408335ab0c5885eb7945ef1f,74f80917f6b245d718c201d58e0d3599f2e4b3e0,fec7dc16d0936849282a2d1ae55448ba16e55a6f3e37406696a0b5b7fa99ff16
artifacts/datasets/gold-v1-source-aware.json,dcd8d90081973b7b9a05ee6ef41623756a06232727f3718268945d71a207310a,490,train,747ca90f-92fc-4d19-aec4-6dfc34c2917e,organizacion_consecuencias_republicanas,organizacion_consecuencias_republicanas,0.5062269568443298,outputs/experiments/beto-u1/beto-lr2e5,4fea08ebf3da420a8ef1b04b151822b32c7f4869408335ab0c5885eb7945ef1f,74f80917f6b245d718c201d58e0d3599f2e4b3e0,530f4b48c723584cf43825668b89975a18bfa4b0f66234793bd1a80c4a570363
artifacts/datasets/gold-v1-source-aware.json,dcd8d90081973b7b9a05ee6ef41623756a06232727f3718268945d71a207310a,491,train,747ca90f-92fc-4d19-aec4-6dfc34c2917e,organizacion_consecuencias_republicanas,campanias_conflictos_militares,0.3340549170970917,outputs/experiments/beto-u1/beto-lr2e5,4fea08ebf3da420a8ef1b04b151822b32c7f4869408335ab0c5885eb7945ef1f,74f80917f6b245d718c201d58e0d3599f2e4b3e0,2dfb8bf15311f64ba9088fe332e836cc314e19022a761dd3773eec3f1ea1d622
artifacts/datasets/gold-v1-source-aware.json,dcd8d90081973b7b9a05ee6ef41623756a06232727f3718268945d71a207310a,492,train,747ca90f-92fc-4d19-aec4-6dfc34c2917e,organizacion_consecuencias_republicanas,organizacion_consecuencias_republicanas,0.4583171010017395,outputs/experiments/beto-u1/beto-lr2e5,4fea08ebf3da420a8ef1b04b151822b32c7f4869408335ab0c5885eb7945ef1f,74f80917f6b245d718c201d58e0d3599f2e4b3e0,3201c3c904d77877e23dde0cf26b3ec1462b3edcc7aa5be8e485cdb0c2e95434
artifacts/datasets/gold-v1-source-aware.json,dcd8d90081973b7b9a05ee6ef41623756a06232727f3718268945d71a207310a,493,train,747ca90f-92fc-4d19-aec4-6dfc34c2917e,liderazgos_diplomacia_proyectos,campanias_conflictos_militares,0.5713505148887634,outputs/experiments/beto-u1/beto-lr2e5,4fea08ebf3da420a8ef1b04b151822b32c7f4869408335ab0c5885eb7945ef1f,74f80917f6b245d718c201d58e0d3599f2e4b3e0,658a54fa8f3d3517fe55641dd1fb9b78609933b8cee68e72842875cc0ba7c04e
artifacts/datasets/gold-v1-source-aware.json,dcd8d90081973b7b9a05ee6ef41623756a06232727f3718268945d71a207310a,494,train,747ca90f-92fc-4d19-aec4-6dfc34c2917e,liderazgos_diplomacia_proyectos,liderazgos_diplomacia_proyectos,0.39250388741493225,outputs/experiments/beto-u1/beto-lr2e5,4fea08ebf3da420a8ef1b04b151822b32c7f4869408335ab0c5885eb7945ef1f,74f80917f6b245d718c201d58e0d3599f2e4b3e0,026052c5f89511fc3921d9dc8196db19f80e4e93585367a30cf1c31cb9ee1fde
artifacts/datasets/gold-v1-source-aware.json,dcd8d90081973b7b9a05ee6ef41623756a06232727f3718268945d71a207310a,495,train,747ca90f-92fc-4d19-aec4-6dfc34c2917e,liderazgos_diplomacia_proyectos,liderazgos_diplomacia_proyectos,0.22367936372756958,outputs/experiments/beto-u1/beto-lr2e5,4fea08ebf3da420a8ef1b04b151822b32c7f4869408335ab0c5885eb7945ef1f,74f80917f6b245d718c201d58e0d3599f2e4b3e0,95a09fdb2ff5f7eaca6e184b5307139e9d9aed51ca7ea45e7d098c54b3c1b3c1
artifacts/datasets/gold-v1-source-aware.json,dcd8d90081973b7b9a05ee6ef41623756a06232727f3718268945d71a207310a,496,train,747ca90f-92fc-4d19-aec4-6dfc34c2917e,liderazgos_diplomacia_proyectos,liderazgos_diplomacia_proyectos,0.4424441456794739,outputs/experiments/beto-u1/beto-lr2e5,4fea08ebf3da420a8ef1b04b151822b32c7f4869408335ab0c5885eb7945ef1f,74f80917f6b245d718c201d58e0d3599f2e4b3e0,da4ffdc33e2e1c35b5da9ad7062b55d909d92cef07c869edefe802b1cc3cdb6b
artifacts/datasets/gold-v1-source-aware.json,dcd8d90081973b7b9a05ee6ef41623756a06232727f3718268945d71a207310a,497,train,747ca90f-92fc-4d19-aec4-6dfc34c2917e,liderazgos_diplomacia_proyectos,liderazgos_diplomacia_proyectos,0.36345842480659485,outputs/experiments/beto-u1/beto-lr2e5,4fea08ebf3da420a8ef1b04b151822b32c7f4869408335ab0c5885eb7945ef1f,74f80917f6b245d718c201d58e0d3599f2e4b3e0,a46b1a35131bac21cb6fc27bc8bc8b581ed0228c3893df665a254a60033208d3
artifacts/datasets/gold-v1-source-aware.json,dcd8d90081973b7b9a05ee6ef41623756a06232727f3718268945d71a207310a,498,train,747ca90f-92fc-4d19-aec4-6dfc34c2917e,liderazgos_diplomacia_proyectos,liderazgos_diplomacia_proyectos,0.4579269587993622,outputs/experiments/beto-u1/beto-lr2e5,4fea08ebf3da420a8ef1b04b151822b32c7f4869408335ab0c5885eb7945ef1f,74f80917f6b245d718c201d58e0d3599f2e4b3e0,c328bb505f2bb4007c43a9b1675e421d233ea21f8671b7d4662a6b7471b0a204
artifacts/datasets/gold-v1-source-aware.json,dcd8d90081973b7b9a05ee6ef41623756a06232727f3718268945d71a207310a,499,train,747ca90f-92fc-4d19-aec4-6dfc34c2917e,liderazgos_diplomacia_proyectos,liderazgos_diplomacia_proyectos,0.471705824136734,outputs/experiments/beto-u1/beto-lr2e5,4fea08ebf3da420a8ef1b04b151822b32c7f4869408335ab0c5885eb7945ef1f,74f80917f6b245d718c201d58e0d3599f2e4b3e0,540ab429bac823a7d3d56e32793d3e87c2266b87d4a4bb831fb5d7f67c060eb1
artifacts/datasets/gold-v1-source-aware.json,dcd8d90081973b7b9a05ee6ef41623756a06232727f3718268945d71a207310a,500,train,747ca90f-92fc-4d19-aec4-6dfc34c2917e,campanias_conflictos_militares,campanias_conflictos_militares,0.5519470572471619,outputs/experiments/beto-u1/beto-lr2e5,4fea08ebf3da420a8ef1b04b151822b32c7f4869408335ab0c5885eb7945ef1f,74f80917f6b245d718c201d58e0d3599f2e4b3e0,c93ca35714e3aa99ec72b25cbe69538032af34c0300bc3403c4de8e4b321c992
artifacts/datasets/gold-v1-source-aware.json,dcd8d90081973b7b9a05ee6ef41623756a06232727f3718268945d71a207310a,501,train,747ca90f-92fc-4d19-aec4-6dfc34c2917e,no_relevante,no_relevante,0.6317288279533386,outputs/experiments/beto-u1/beto-lr2e5,4fea08ebf3da420a8ef1b04b151822b32c7f4869408335ab0c5885eb7945ef1f,74f80917f6b245d718c201d58e0d3599f2e4b3e0,2a197e5449bde2fd436b57adcf65e8a7aeb8afbee701d791478ee3508021bab8
artifacts/datasets/gold-v1-source-aware.json,dcd8d90081973b7b9a05ee6ef41623756a06232727f3718268945d71a207310a,502,train,747ca90f-92fc-4d19-aec4-6dfc34c2917e,no_relevante,no_relevante,0.31724026799201965,outputs/experiments/beto-u1/beto-lr2e5,4fea08ebf3da420a8ef1b04b151822b32c7f4869408335ab0c5885eb7945ef1f,74f80917f6b245d718c201d58e0d3599f2e4b3e0,1c5b997d9ae784ce310af22b727482d8eb73af00572c57fa0bf0a4510d07a484
artifacts/datasets/gold-v1-source-aware.json,dcd8d90081973b7b9a05ee6ef41623756a06232727f3718268945d71a207310a,503,train,747ca90f-92fc-4d19-aec4-6dfc34c2917e,liderazgos_diplomacia_proyectos,campanias_conflictos_militares,0.6331380009651184,outputs/experiments/beto-u1/beto-lr2e5,4fea08ebf3da420a8ef1b04b151822b32c7f4869408335ab0c5885eb7945ef1f,74f80917f6b245d718c201d58e0d3599f2e4b3e0,f7243baf76a6697ba3238d6837ac660ec47467d0f88861c827383800969f75b0
artifacts/datasets/gold-v1-source-aware.json,dcd8d90081973b7b9a05ee6ef41623756a06232727f3718268945d71a207310a,504,train,747ca90f-92fc-4d19-aec4-6dfc34c2917e,organizacion_consecuencias_republicanas,campanias_conflictos_militares,0.6078208088874817,outputs/experiments/beto-u1/beto-lr2e5,4fea08ebf3da420a8ef1b04b151822b32c7f4869408335ab0c5885eb7945ef1f,74f80917f6b245d718c201d58e0d3599f2e4b3e0,0c6682be1b31584e6d5f6e8a12bcc2ddb276027a4989ee337d5cbb5b19f6cbc1
artifacts/datasets/gold-v1-source-aware.json,dcd8d90081973b7b9a05ee6ef41623756a06232727f3718268945d71a207310a,505,train,747ca90f-92fc-4d19-aec4-6dfc34c2917e,organizacion_consecuencias_republicanas,liderazgos_diplomacia_proyectos,0.305514395236969,outputs/experiments/beto-u1/beto-lr2e5,4fea08ebf3da420a8ef1b04b151822b32c7f4869408335ab0c5885eb7945ef1f,74f80917f6b245d718c201d58e0d3599f2e4b3e0,b3917c585505a9102d26895537fcfabac23bf9340455b21976b6338fc7525269
artifacts/datasets/gold-v1-source-aware.json,dcd8d90081973b7b9a05ee6ef41623756a06232727f3718268945d71a207310a,506,train,747ca90f-92fc-4d19-aec4-6dfc34c2917e,organizacion_consecuencias_republicanas,campanias_conflictos_militares,0.4020395278930664,outputs/experiments/beto-u1/beto-lr2e5,4fea08ebf3da420a8ef1b04b151822b32c7f4869408335ab0c5885eb7945ef1f,74f80917f6b245d718c201d58e0d3599f2e4b3e0,64323b612ce8674286be96b646ec1a14af65e3a01cb05af88810e9c4fb2b9d6a
artifacts/datasets/gold-v1-source-aware.json,dcd8d90081973b7b9a05ee6ef41623756a06232727f3718268945d71a207310a,507,train,747ca90f-92fc-4d19-aec4-6dfc34c2917e,campanias_conflictos_militares,campanias_conflictos_militares,0.8003387451171875,outputs/experiments/beto-u1/beto-lr2e5,4fea08ebf3da420a8ef1b04b151822b32c7f4869408335ab0c5885eb7945ef1f,74f80917f6b245d718c201d58e0d3599f2e4b3e0,f7075dfec01be5d18c0a438b38132703eba26068faf4684ffd50f040885ab05e
artifacts/datasets/gold-v1-source-aware.json,dcd8d90081973b7b9a05ee6ef41623756a06232727f3718268945d71a207310a,508,train,747ca90f-92fc-4d19-aec4-6dfc34c2917e,organizacion_consecuencias_republicanas,organizacion_consecuencias_republicanas,0.46906381845474243,outputs/experiments/beto-u1/beto-lr2e5,4fea08ebf3da420a8ef1b04b151822b32c7f4869408335ab0c5885eb7945ef1f,74f80917f6b245d718c201d58e0d3599f2e4b3e0,fe79240347f17125c962e8e4102c79d8234488e3e5bd7b9caa01bd5fd3c6b151
artifacts/datasets/gold-v1-source-aware.json,dcd8d90081973b7b9a05ee6ef41623756a06232727f3718268945d71a207310a,509,train,747ca90f-92fc-4d19-aec4-6dfc34c2917e,organizacion_consecuencias_republicanas,organizacion_consecuencias_republicanas,0.3716559410095215,outputs/experiments/beto-u1/beto-lr2e5,4fea08ebf3da420a8ef1b04b151822b32c7f4869408335ab0c5885eb7945ef1f,74f80917f6b245d718c201d58e0d3599f2e4b3e0,c993f9d149446640700b2cc71d3128de5e6a982875f244a467147bd90fdd71e0
artifacts/datasets/gold-v1-source-aware.json,dcd8d90081973b7b9a05ee6ef41623756a06232727f3718268945d71a207310a,510,train,747ca90f-92fc-4d19-aec4-6dfc34c2917e,liderazgos_diplomacia_proyectos,liderazgos_diplomacia_proyectos,0.330076664686203,outputs/experiments/beto-u1/beto-lr2e5,4fea08ebf3da420a8ef1b04b151822b32c7f4869408335ab0c5885eb7945ef1f,74f80917f6b245d718c201d58e0d3599f2e4b3e0,5b7514a3d9e3c285a8153d4fe783325d66e3a48fae89b033c19a19b654a7a8a5
artifacts/datasets/gold-v1-source-aware.json,dcd8d90081973b7b9a05ee6ef41623756a06232727f3718268945d71a207310a,511,train,747ca90f-92fc-4d19-aec4-6dfc34c2917e,liderazgos_diplomacia_proyectos,campanias_conflictos_militares,0.5143992304801941,outputs/experiments/beto-u1/beto-lr2e5,4fea08ebf3da420a8ef1b04b151822b32c7f4869408335ab0c5885eb7945ef1f,74f80917f6b245d718c201d58e0d3599f2e4b3e0,7edb2d034ae339fc064c480f879416d256f514e92947b79f9c6f86c324334dbd
artifacts/datasets/gold-v1-source-aware.json,dcd8d90081973b7b9a05ee6ef41623756a06232727f3718268945d71a207310a,512,train,747ca90f-92fc-4d19-aec4-6dfc34c2917e,liderazgos_diplomacia_proyectos,liderazgos_diplomacia_proyectos,0.3330977261066437,outputs/experiments/beto-u1/beto-lr2e5,4fea08ebf3da420a8ef1b04b151822b32c7f4869408335ab0c5885eb7945ef1f,74f80917f6b245d718c201d58e0d3599f2e4b3e0,1f61bb55177054ce3a35e09ad6133b3edaaa56930ca620c358bf64fb47e3bdbc
artifacts/datasets/gold-v1-source-aware.json,dcd8d90081973b7b9a05ee6ef41623756a06232727f3718268945d71a207310a,513,train,747ca90f-92fc-4d19-aec4-6dfc34c2917e,campanias_conflictos_militares,campanias_conflictos_militares,0.7751989960670471,outputs/experiments/beto-u1/beto-lr2e5,4fea08ebf3da420a8ef1b04b151822b32c7f4869408335ab0c5885eb7945ef1f,74f80917f6b245d718c201d58e0d3599f2e4b3e0,4ee3dccf22bc279b50fcd5109b7a92b9a44cf3bfe2bc1381078dac080322aaa4
artifacts/datasets/gold-v1-source-aware.json,dcd8d90081973b7b9a05ee6ef41623756a06232727f3718268945d71a207310a,514,train,747ca90f-92fc-4d19-aec4-6dfc34c2917e,no_relevante,no_relevante,0.21003872156143188,outputs/experiments/beto-u1/beto-lr2e5,4fea08ebf3da420a8ef1b04b151822b32c7f4869408335ab0c5885eb7945ef1f,74f80917f6b245d718c201d58e0d3599f2e4b3e0,8a5c97d5e794b65d920f1beeb1e3518558b5f98495dabb231e6b751da1d6df5f
artifacts/datasets/gold-v1-source-aware.json,dcd8d90081973b7b9a05ee6ef41623756a06232727f3718268945d71a207310a,515,train,747ca90f-92fc-4d19-aec4-6dfc34c2917e,no_relevante,no_relevante,0.3878825306892395,outputs/experiments/beto-u1/beto-lr2e5,4fea08ebf3da420a8ef1b04b151822b32c7f4869408335ab0c5885eb7945ef1f,74f80917f6b245d718c201d58e0d3599f2e4b3e0,c7cf3a6aa5a46cc702addbef0aa6475883c8c1a1887e86d1b3b065c2b25f8ac1
artifacts/datasets/gold-v1-source-aware.json,dcd8d90081973b7b9a05ee6ef41623756a06232727f3718268945d71a207310a,516,train,747ca90f-92fc-4d19-aec4-6dfc34c2917e,no_relevante,liderazgos_diplomacia_proyectos,0.311911404132843,outputs/experiments/beto-u1/beto-lr2e5,4fea08ebf3da420a8ef1b04b151822b32c7f4869408335ab0c5885eb7945ef1f,74f80917f6b245d718c201d58e0d3599f2e4b3e0,c556fac3443655523e808db800b2dcf9da680ae666087db65bfc5cdcf3c9088a
artifacts/datasets/gold-v1-source-aware.json,dcd8d90081973b7b9a05ee6ef41623756a06232727f3718268945d71a207310a,517,train,747ca90f-92fc-4d19-aec4-6dfc34c2917e,no_relevante,no_relevante,0.6576330065727234,outputs/experiments/beto-u1/beto-lr2e5,4fea08ebf3da420a8ef1b04b151822b32c7f4869408335ab0c5885eb7945ef1f,74f80917f6b245d718c201d58e0d3599f2e4b3e0,3560668247280a47d58de07c2753f86b63eb11e31e9a4f45ae844d3c819568d7
artifacts/datasets/gold-v1-source-aware.json,dcd8d90081973b7b9a05ee6ef41623756a06232727f3718268945d71a207310a,518,train,747ca90f-92fc-4d19-aec4-6dfc34c2917e,organizacion_consecuencias_republicanas,organizacion_consecuencias_republicanas,0.34715011715888977,outputs/experiments/beto-u1/beto-lr2e5,4fea08ebf3da420a8ef1b04b151822b32c7f4869408335ab0c5885eb7945ef1f,74f80917f6b245d718c201d58e0d3599f2e4b3e0,e60231419169fea21926ff251c8ec6f4818d3e7717ea65c75f5985d731eddfc0
artifacts/datasets/gold-v1-source-aware.json,dcd8d90081973b7b9a05ee6ef41623756a06232727f3718268945d71a207310a,519,train,747ca90f-92fc-4d19-aec4-6dfc34c2917e,organizacion_consecuencias_republicanas,organizacion_consecuencias_republicanas,0.4160606563091278,outputs/experiments/beto-u1/beto-lr2e5,4fea08ebf3da420a8ef1b04b151822b32c7f4869408335ab0c5885eb7945ef1f,74f80917f6b245d718c201d58e0d3599f2e4b3e0,316774312de50e8deac262ae130f30d86d56f444c1ecc29a7e5f9ab2981a05eb
artifacts/datasets/gold-v1-source-aware.json,dcd8d90081973b7b9a05ee6ef41623756a06232727f3718268945d71a207310a,520,train,747ca90f-92fc-4d19-aec4-6dfc34c2917e,liderazgos_diplomacia_proyectos,campanias_conflictos_militares,0.6061989665031433,outputs/experiments/beto-u1/beto-lr2e5,4fea08ebf3da420a8ef1b04b151822b32c7f4869408335ab0c5885eb7945ef1f,74f80917f6b245d718c201d58e0d3599f2e4b3e0,b400ee5a0f1428e5a00c88dcb88964224eb3e472c2aef623f3d3103127f3ff74
artifacts/datasets/gold-v1-source-aware.json,dcd8d90081973b7b9a05ee6ef41623756a06232727f3718268945d71a207310a,521,train,747ca90f-92fc-4d19-aec4-6dfc34c2917e,campanias_conflictos_militares,campanias_conflictos_militares,0.48538315296173096,outputs/experiments/beto-u1/beto-lr2e5,4fea08ebf3da420a8ef1b04b151822b32c7f4869408335ab0c5885eb7945ef1f,74f80917f6b245d718c201d58e0d3599f2e4b3e0,31b0df6f36aed017ed36e692d39c9840c51c842365787e91a2b39956672a7af1
artifacts/datasets/gold-v1-source-aware.json,dcd8d90081973b7b9a05ee6ef41623756a06232727f3718268945d71a207310a,522,train,747ca90f-92fc-4d19-aec4-6dfc34c2917e,campanias_conflictos_militares,campanias_conflictos_militares,0.734575629234314,outputs/experiments/beto-u1/beto-lr2e5,4fea08ebf3da420a8ef1b04b151822b32c7f4869408335ab0c5885eb7945ef1f,74f80917f6b245d718c201d58e0d3599f2e4b3e0,2827bc7cf7e8506935eb7ce7dbd51f3059ba0244fabd9298a60d85daf3612e13
artifacts/datasets/gold-v1-source-aware.json,dcd8d90081973b7b9a05ee6ef41623756a06232727f3718268945d71a207310a,523,train,747ca90f-92fc-4d19-aec4-6dfc34c2917e,campanias_conflictos_militares,campanias_conflictos_militares,0.6642336249351501,outputs/experiments/beto-u1/beto-lr2e5,4fea08ebf3da420a8ef1b04b151822b32c7f4869408335ab0c5885eb7945ef1f,74f80917f6b245d718c201d58e0d3599f2e4b3e0,73ab60f87ebc5bd15b18f5f8aacfee608948c25f17c625b61bc0affa910a7a43
artifacts/datasets/gold-v1-source-aware.json,dcd8d90081973b7b9a05ee6ef41623756a06232727f3718268945d71a207310a,524,train,747ca90f-92fc-4d19-aec4-6dfc34c2917e,campanias_conflictos_militares,campanias_conflictos_militares,0.6818088293075562,outputs/experiments/beto-u1/beto-lr2e5,4fea08ebf3da420a8ef1b04b151822b32c7f4869408335ab0c5885eb7945ef1f,74f80917f6b245d718c201d58e0d3599f2e4b3e0,b89d6f0efff94f39cba99c414194f034793c0078896ad66a06a96e5e62f1c8bd
artifacts/datasets/gold-v1-source-aware.json,dcd8d90081973b7b9a05ee6ef41623756a06232727f3718268945d71a207310a,525,train,747ca90f-92fc-4d19-aec4-6dfc34c2917e,campanias_conflictos_militares,campanias_conflictos_militares,0.7460452318191528,outputs/experiments/beto-u1/beto-lr2e5,4fea08ebf3da420a8ef1b04b151822b32c7f4869408335ab0c5885eb7945ef1f,74f80917f6b245d718c201d58e0d3599f2e4b3e0,4606eba730e5eda6a368026fd072731d0940a4cf4265be616e4ee53fcbb8b909
artifacts/datasets/gold-v1-source-aware.json,dcd8d90081973b7b9a05ee6ef41623756a06232727f3718268945d71a207310a,526,train,747ca90f-92fc-4d19-aec4-6dfc34c2917e,campanias_conflictos_militares,campanias_conflictos_militares,0.7921363115310669,outputs/experiments/beto-u1/beto-lr2e5,4fea08ebf3da420a8ef1b04b151822b32c7f4869408335ab0c5885eb7945ef1f,74f80917f6b245d718c201d58e0d3599f2e4b3e0,284f25de9b4314a316c1de5d3c3e7295ab2a53c399579169f15a9f1ede3a848c
artifacts/datasets/gold-v1-source-aware.json,dcd8d90081973b7b9a05ee6ef41623756a06232727f3718268945d71a207310a,527,train,747ca90f-92fc-4d19-aec4-6dfc34c2917e,campanias_conflictos_militares,campanias_conflictos_militares,0.5007402300834656,outputs/experiments/beto-u1/beto-lr2e5,4fea08ebf3da420a8ef1b04b151822b32c7f4869408335ab0c5885eb7945ef1f,74f80917f6b245d718c201d58e0d3599f2e4b3e0,9c33f291f8ad40f11057551174726cc5ed83accaf5f3a942aee2634ee6dc9561
artifacts/datasets/gold-v1-source-aware.json,dcd8d90081973b7b9a05ee6ef41623756a06232727f3718268945d71a207310a,528,train,747ca90f-92fc-4d19-aec4-6dfc34c2917e,campanias_conflictos_militares,campanias_conflictos_militares,0.7755962014198303,outputs/experiments/beto-u1/beto-lr2e5,4fea08ebf3da420a8ef1b04b151822b32c7f4869408335ab0c5885eb7945ef1f,74f80917f6b245d718c201d58e0d3599f2e4b3e0,6b7d529da84551093179b3c9a41b9ef24e8678c69a0c40a779c9df39e8b3f00a
artifacts/datasets/gold-v1-source-aware.json,dcd8d90081973b7b9a05ee6ef41623756a06232727f3718268945d71a207310a,529,train,747ca90f-92fc-4d19-aec4-6dfc34c2917e,campanias_conflictos_militares,campanias_conflictos_militares,0.7166932821273804,outputs/experiments/beto-u1/beto-lr2e5,4fea08ebf3da420a8ef1b04b151822b32c7f4869408335ab0c5885eb7945ef1f,74f80917f6b245d718c201d58e0d3599f2e4b3e0,3022940bcae26b7907febf45716f7657c2be6cb499801906c5b619170de64a2d
artifacts/datasets/gold-v1-source-aware.json,dcd8d90081973b7b9a05ee6ef41623756a06232727f3718268945d71a207310a,530,train,747ca90f-92fc-4d19-aec4-6dfc34c2917e,contexto_colonial_antecedentes,contexto_colonial_antecedentes,0.31820976734161377,outputs/experiments/beto-u1/beto-lr2e5,4fea08ebf3da420a8ef1b04b151822b32c7f4869408335ab0c5885eb7945ef1f,74f80917f6b245d718c201d58e0d3599f2e4b3e0,d97573fe7022dddc72fd23e5d43dd64f0a31828ed0dc32884218b820d297d461
artifacts/datasets/gold-v1-source-aware.json,dcd8d90081973b7b9a05ee6ef41623756a06232727f3718268945d71a207310a,531,train,747ca90f-92fc-4d19-aec4-6dfc34c2917e,contexto_colonial_antecedentes,contexto_colonial_antecedentes,0.42357149720191956,outputs/experiments/beto-u1/beto-lr2e5,4fea08ebf3da420a8ef1b04b151822b32c7f4869408335ab0c5885eb7945ef1f,74f80917f6b245d718c201d58e0d3599f2e4b3e0,1f456aaaa7151ff5744004e952c30dbec8ff13e62bbafd4ff51a638a2a666972
artifacts/datasets/gold-v1-source-aware.json,dcd8d90081973b7b9a05ee6ef41623756a06232727f3718268945d71a207310a,532,train,747ca90f-92fc-4d19-aec4-6dfc34c2917e,campanias_conflictos_militares,campanias_conflictos_militares,0.6777700781822205,outputs/experiments/beto-u1/beto-lr2e5,4fea08ebf3da420a8ef1b04b151822b32c7f4869408335ab0c5885eb7945ef1f,74f80917f6b245d718c201d58e0d3599f2e4b3e0,65c545486ea1c1d983ca094f678502fdb93cc575491c73c5eee89b292b55111c
artifacts/datasets/gold-v1-source-aware.json,dcd8d90081973b7b9a05ee6ef41623756a06232727f3718268945d71a207310a,533,train,747ca90f-92fc-4d19-aec4-6dfc34c2917e,contexto_colonial_antecedentes,organizacion_consecuencias_republicanas,0.2951037883758545,outputs/experiments/beto-u1/beto-lr2e5,4fea08ebf3da420a8ef1b04b151822b32c7f4869408335ab0c5885eb7945ef1f,74f80917f6b245d718c201d58e0d3599f2e4b3e0,f054dfac9bcee5b11b87c9a5b07c0c2cacdf81fac1d03a87881dd520560fde3e
artifacts/datasets/gold-v1-source-aware.json,dcd8d90081973b7b9a05ee6ef41623756a06232727f3718268945d71a207310a,534,train,747ca90f-92fc-4d19-aec4-6dfc34c2917e,campanias_conflictos_militares,campanias_conflictos_militares,0.48499178886413574,outputs/experiments/beto-u1/beto-lr2e5,4fea08ebf3da420a8ef1b04b151822b32c7f4869408335ab0c5885eb7945ef1f,74f80917f6b245d718c201d58e0d3599f2e4b3e0,bb3bc5ca5f914cf30a2734de53467e60798e54ccb2648808a753067808410a4f
artifacts/datasets/gold-v1-source-aware.json,dcd8d90081973b7b9a05ee6ef41623756a06232727f3718268945d71a207310a,535,train,747ca90f-92fc-4d19-aec4-6dfc34c2917e,campanias_conflictos_militares,campanias_conflictos_militares,0.7610534429550171,outputs/experiments/beto-u1/beto-lr2e5,4fea08ebf3da420a8ef1b04b151822b32c7f4869408335ab0c5885eb7945ef1f,74f80917f6b245d718c201d58e0d3599f2e4b3e0,4b183943c50383d9a8845fe89cd08c2515d2f4e1881f00a00d01106a317913cf
artifacts/datasets/gold-v1-source-aware.json,dcd8d90081973b7b9a05ee6ef41623756a06232727f3718268945d71a207310a,536,train,747ca90f-92fc-4d19-aec4-6dfc34c2917e,campanias_conflictos_militares,campanias_conflictos_militares,0.7393103241920471,outputs/experiments/beto-u1/beto-lr2e5,4fea08ebf3da420a8ef1b04b151822b32c7f4869408335ab0c5885eb7945ef1f,74f80917f6b245d718c201d58e0d3599f2e4b3e0,240e925116ec7e3e7206484f7ac45eed37babd3ef0460d446724ca1a511d55f7
artifacts/datasets/gold-v1-source-aware.json,dcd8d90081973b7b9a05ee6ef41623756a06232727f3718268945d71a207310a,537,train,747ca90f-92fc-4d19-aec4-6dfc34c2917e,contexto_colonial_antecedentes,organizacion_consecuencias_republicanas,0.28315722942352295,outputs/experiments/beto-u1/beto-lr2e5,4fea08ebf3da420a8ef1b04b151822b32c7f4869408335ab0c5885eb7945ef1f,74f80917f6b245d718c201d58e0d3599f2e4b3e0,963a29c0939e95ae15f9e6dd14f46b7a92d5a65e1849ab909c5888d586e14aed
artifacts/datasets/gold-v1-source-aware.json,dcd8d90081973b7b9a05ee6ef41623756a06232727f3718268945d71a207310a,538,train,747ca90f-92fc-4d19-aec4-6dfc34c2917e,contexto_colonial_antecedentes,contexto_colonial_antecedentes,0.3565300405025482,outputs/experiments/beto-u1/beto-lr2e5,4fea08ebf3da420a8ef1b04b151822b32c7f4869408335ab0c5885eb7945ef1f,74f80917f6b245d718c201d58e0d3599f2e4b3e0,526a216c0600742c51c4671833637fd21bb9f5d196ec852662728eb669d69594
artifacts/datasets/gold-v1-source-aware.json,dcd8d90081973b7b9a05ee6ef41623756a06232727f3718268945d71a207310a,539,train,0ea45102-057d-4bff-b527-f36326f66d33,no_relevante,no_relevante,0.6119738817214966,outputs/experiments/beto-u1/beto-lr2e5,4fea08ebf3da420a8ef1b04b151822b32c7f4869408335ab0c5885eb7945ef1f,74f80917f6b245d718c201d58e0d3599f2e4b3e0,3928d3880bc2adc75600900e8e8fd016e41d5a63d7fec45d0eac9a31d29e89b8
artifacts/datasets/gold-v1-source-aware.json,dcd8d90081973b7b9a05ee6ef41623756a06232727f3718268945d71a207310a,540,train,747ca90f-92fc-4d19-aec4-6dfc34c2917e,contexto_colonial_antecedentes,participacion_social_regional,0.3229723274707794,outputs/experiments/beto-u1/beto-lr2e5,4fea08ebf3da420a8ef1b04b151822b32c7f4869408335ab0c5885eb7945ef1f,74f80917f6b245d718c201d58e0d3599f2e4b3e0,26706f67837b6edd8da16dfc31212792db2f2ed762bb291fd26d3f631de8ace6
artifacts/datasets/gold-v1-source-aware.json,dcd8d90081973b7b9a05ee6ef41623756a06232727f3718268945d71a207310a,541,train,747ca90f-92fc-4d19-aec4-6dfc34c2917e,contexto_colonial_antecedentes,contexto_colonial_antecedentes,0.3374064862728119,outputs/experiments/beto-u1/beto-lr2e5,4fea08ebf3da420a8ef1b04b151822b32c7f4869408335ab0c5885eb7945ef1f,74f80917f6b245d718c201d58e0d3599f2e4b3e0,c4a963d8d412bbd4c9c5e487166ce904ed55d09fa5949cc6489d6c6cd0d0bece
artifacts/datasets/gold-v1-source-aware.json,dcd8d90081973b7b9a05ee6ef41623756a06232727f3718268945d71a207310a,542,train,747ca90f-92fc-4d19-aec4-6dfc34c2917e,contexto_colonial_antecedentes,contexto_colonial_antecedentes,0.28407710790634155,outputs/experiments/beto-u1/beto-lr2e5,4fea08ebf3da420a8ef1b04b151822b32c7f4869408335ab0c5885eb7945ef1f,74f80917f6b245d718c201d58e0d3599f2e4b3e0,d32ada17d6391c625b551e2eb547bf7115c63e03cfaa1fdc91ec0cb052acc0e1
artifacts/datasets/gold-v1-source-aware.json,dcd8d90081973b7b9a05ee6ef41623756a06232727f3718268945d71a207310a,543,train,747ca90f-92fc-4d19-aec4-6dfc34c2917e,contexto_colonial_antecedentes,contexto_colonial_antecedentes,0.40393388271331787,outputs/experiments/beto-u1/beto-lr2e5,4fea08ebf3da420a8ef1b04b151822b32c7f4869408335ab0c5885eb7945ef1f,74f80917f6b245d718c201d58e0d3599f2e4b3e0,a95a0f44d117506715807f8a2263a4d3bd70e80b048c2ec597b33e88f02ad4cb
artifacts/datasets/gold-v1-source-aware.json,dcd8d90081973b7b9a05ee6ef41623756a06232727f3718268945d71a207310a,544,train,747ca90f-92fc-4d19-aec4-6dfc34c2917e,contexto_colonial_antecedentes,contexto_colonial_antecedentes,0.22424902021884918,outputs/experiments/beto-u1/beto-lr2e5,4fea08ebf3da420a8ef1b04b151822b32c7f4869408335ab0c5885eb7945ef1f,74f80917f6b245d718c201d58e0d3599f2e4b3e0,c2f96622941f116351c7bf50fbf9491c85a2ebbb14dbc57cb361243a8210cb1b
artifacts/datasets/gold-v1-source-aware.json,dcd8d90081973b7b9a05ee6ef41623756a06232727f3718268945d71a207310a,545,test,15e52806-3d75-4117-937d-7c7eda594579,crisis_ideas_emancipadoras,crisis_ideas_emancipadoras,0.30953118205070496,outputs/experiments/beto-u1/beto-lr2e5,4fea08ebf3da420a8ef1b04b151822b32c7f4869408335ab0c5885eb7945ef1f,74f80917f6b245d718c201d58e0d3599f2e4b3e0,7dc16af7d40be98384ea0524649d7d2562043babb418b4c0fa99c2e9b5798b0c
artifacts/datasets/gold-v1-source-aware.json,dcd8d90081973b7b9a05ee6ef41623756a06232727f3718268945d71a207310a,546,train,747ca90f-92fc-4d19-aec4-6dfc34c2917e,contexto_colonial_antecedentes,contexto_colonial_antecedentes,0.3490452766418457,outputs/experiments/beto-u1/beto-lr2e5,4fea08ebf3da420a8ef1b04b151822b32c7f4869408335ab0c5885eb7945ef1f,74f80917f6b245d718c201d58e0d3599f2e4b3e0,3c66cf4b534b4c806144f1942a5af5bb1c5e95e8295a6ac22645672365698ed1
artifacts/datasets/gold-v1-source-aware.json,dcd8d90081973b7b9a05ee6ef41623756a06232727f3718268945d71a207310a,547,train,747ca90f-92fc-4d19-aec4-6dfc34c2917e,contexto_colonial_antecedentes,contexto_colonial_antecedentes,0.3296268582344055,outputs/experiments/beto-u1/beto-lr2e5,4fea08ebf3da420a8ef1b04b151822b32c7f4869408335ab0c5885eb7945ef1f,74f80917f6b245d718c201d58e0d3599f2e4b3e0,fb6343f2f15c3435ab4eaa20895b6488c968bea5f11de4cad1b3afa93f3764d1
artifacts/datasets/gold-v1-source-aware.json,dcd8d90081973b7b9a05ee6ef41623756a06232727f3718268945d71a207310a,548,train,747ca90f-92fc-4d19-aec4-6dfc34c2917e,campanias_conflictos_militares,campanias_conflictos_militares,0.7306501269340515,outputs/experiments/beto-u1/beto-lr2e5,4fea08ebf3da420a8ef1b04b151822b32c7f4869408335ab0c5885eb7945ef1f,74f80917f6b245d718c201d58e0d3599f2e4b3e0,67a63ab9ef850688c3dc4c394a4839eaa24762a1cdee8ab5958231c5101d5e42
artifacts/datasets/gold-v1-source-aware.json,dcd8d90081973b7b9a05ee6ef41623756a06232727f3718268945d71a207310a,549,train,747ca90f-92fc-4d19-aec4-6dfc34c2917e,campanias_conflictos_militares,campanias_conflictos_militares,0.740982174873352,outputs/experiments/beto-u1/beto-lr2e5,4fea08ebf3da420a8ef1b04b151822b32c7f4869408335ab0c5885eb7945ef1f,74f80917f6b245d718c201d58e0d3599f2e4b3e0,9885f582cdfa030386de5e3fd24e1e87fb4a29b77c24833af54355491b79025f
artifacts/datasets/gold-v1-source-aware.json,dcd8d90081973b7b9a05ee6ef41623756a06232727f3718268945d71a207310a,550,train,747ca90f-92fc-4d19-aec4-6dfc34c2917e,campanias_conflictos_militares,campanias_conflictos_militares,0.7724823951721191,outputs/experiments/beto-u1/beto-lr2e5,4fea08ebf3da420a8ef1b04b151822b32c7f4869408335ab0c5885eb7945ef1f,74f80917f6b245d718c201d58e0d3599f2e4b3e0,c4d94082b20640ef846aec37c29bacf50f5ec13f32a7bc931719cdb00ea5054c
artifacts/datasets/gold-v1-source-aware.json,dcd8d90081973b7b9a05ee6ef41623756a06232727f3718268945d71a207310a,551,train,747ca90f-92fc-4d19-aec4-6dfc34c2917e,campanias_conflictos_militares,campanias_conflictos_militares,0.7456976771354675,outputs/experiments/beto-u1/beto-lr2e5,4fea08ebf3da420a8ef1b04b151822b32c7f4869408335ab0c5885eb7945ef1f,74f80917f6b245d718c201d58e0d3599f2e4b3e0,c35ca5578bd34bedab5d4e402bdeb2d6f99651646355ce9721317fe9476beb65
artifacts/datasets/gold-v1-source-aware.json,dcd8d90081973b7b9a05ee6ef41623756a06232727f3718268945d71a207310a,552,train,747ca90f-92fc-4d19-aec4-6dfc34c2917e,campanias_conflictos_militares,campanias_conflictos_militares,0.7630360722541809,outputs/experiments/beto-u1/beto-lr2e5,4fea08ebf3da420a8ef1b04b151822b32c7f4869408335ab0c5885eb7945ef1f,74f80917f6b245d718c201d58e0d3599f2e4b3e0,9410e4bb7509cd9ccce238595527c7ff95a552e10b853784b71266764eef4f00
artifacts/datasets/gold-v1-source-aware.json,dcd8d90081973b7b9a05ee6ef41623756a06232727f3718268945d71a207310a,553,train,747ca90f-92fc-4d19-aec4-6dfc34c2917e,campanias_conflictos_militares,campanias_conflictos_militares,0.7684131860733032,outputs/experiments/beto-u1/beto-lr2e5,4fea08ebf3da420a8ef1b04b151822b32c7f4869408335ab0c5885eb7945ef1f,74f80917f6b245d718c201d58e0d3599f2e4b3e0,be87821515549719bc6ff57427195ec532f1049d0752147aa4345eae4814b08a
artifacts/datasets/gold-v1-source-aware.json,dcd8d90081973b7b9a05ee6ef41623756a06232727f3718268945d71a207310a,554,train,747ca90f-92fc-4d19-aec4-6dfc34c2917e,campanias_conflictos_militares,campanias_conflictos_militares,0.7674326300621033,outputs/experiments/beto-u1/beto-lr2e5,4fea08ebf3da420a8ef1b04b151822b32c7f4869408335ab0c5885eb7945ef1f,74f80917f6b245d718c201d58e0d3599f2e4b3e0,a90ce9459d08826641324faaf4824bd407b31409bf8093be1814eab47dd0820c
artifacts/datasets/gold-v1-source-aware.json,dcd8d90081973b7b9a05ee6ef41623756a06232727f3718268945d71a207310a,555,train,747ca90f-92fc-4d19-aec4-6dfc34c2917e,campanias_conflictos_militares,campanias_conflictos_militares,0.7862614989280701,outputs/experiments/beto-u1/beto-lr2e5,4fea08ebf3da420a8ef1b04b151822b32c7f4869408335ab0c5885eb7945ef1f,74f80917f6b245d718c201d58e0d3599f2e4b3e0,1af025c6822b3aaee24593222bd195a109882746d63640d34bc0de6230601924
artifacts/datasets/gold-v1-source-aware.json,dcd8d90081973b7b9a05ee6ef41623756a06232727f3718268945d71a207310a,556,train,747ca90f-92fc-4d19-aec4-6dfc34c2917e,campanias_conflictos_militares,campanias_conflictos_militares,0.7882875800132751,outputs/experiments/beto-u1/beto-lr2e5,4fea08ebf3da420a8ef1b04b151822b32c7f4869408335ab0c5885eb7945ef1f,74f80917f6b245d718c201d58e0d3599f2e4b3e0,0a89e9bdef8288aa875c46b275e71dcab4d43b32d7bd99d878754ea9e5ee1893
artifacts/datasets/gold-v1-source-aware.json,dcd8d90081973b7b9a05ee6ef41623756a06232727f3718268945d71a207310a,557,train,747ca90f-92fc-4d19-aec4-6dfc34c2917e,contexto_colonial_antecedentes,contexto_colonial_antecedentes,0.28707417845726013,outputs/experiments/beto-u1/beto-lr2e5,4fea08ebf3da420a8ef1b04b151822b32c7f4869408335ab0c5885eb7945ef1f,74f80917f6b245d718c201d58e0d3599f2e4b3e0,12542503d58aa8d1367dbc9a23c4bbbf1c00a02e7cf81cd53c19332f9c0e8c5f
artifacts/datasets/gold-v1-source-aware.json,dcd8d90081973b7b9a05ee6ef41623756a06232727f3718268945d71a207310a,558,train,747ca90f-92fc-4d19-aec4-6dfc34c2917e,contexto_colonial_antecedentes,contexto_colonial_antecedentes,0.4829460680484772,outputs/experiments/beto-u1/beto-lr2e5,4fea08ebf3da420a8ef1b04b151822b32c7f4869408335ab0c5885eb7945ef1f,74f80917f6b245d718c201d58e0d3599f2e4b3e0,fb32523878ee3fd81ba48d861f2fcc43afb846b40a6026eb9c974e40f9ebad49
artifacts/datasets/gold-v1-source-aware.json,dcd8d90081973b7b9a05ee6ef41623756a06232727f3718268945d71a207310a,559,train,747ca90f-92fc-4d19-aec4-6dfc34c2917e,contexto_colonial_antecedentes,contexto_colonial_antecedentes,0.3863031268119812,outputs/experiments/beto-u1/beto-lr2e5,4fea08ebf3da420a8ef1b04b151822b32c7f4869408335ab0c5885eb7945ef1f,74f80917f6b245d718c201d58e0d3599f2e4b3e0,a795b1943e5c1cfa448ed0ee5be971de90250ff7aeeb1deea42e139895342f7c
artifacts/datasets/gold-v1-source-aware.json,dcd8d90081973b7b9a05ee6ef41623756a06232727f3718268945d71a207310a,560,train,747ca90f-92fc-4d19-aec4-6dfc34c2917e,contexto_colonial_antecedentes,contexto_colonial_antecedentes,0.36950352787971497,outputs/experiments/beto-u1/beto-lr2e5,4fea08ebf3da420a8ef1b04b151822b32c7f4869408335ab0c5885eb7945ef1f,74f80917f6b245d718c201d58e0d3599f2e4b3e0,9baea3614d8fb2266e8ac402283466bd9718e6c23465153f357f795e3663d999
artifacts/datasets/gold-v1-source-aware.json,dcd8d90081973b7b9a05ee6ef41623756a06232727f3718268945d71a207310a,561,train,747ca90f-92fc-4d19-aec4-6dfc34c2917e,contexto_colonial_antecedentes,contexto_colonial_antecedentes,0.23647774755954742,outputs/experiments/beto-u1/beto-lr2e5,4fea08ebf3da420a8ef1b04b151822b32c7f4869408335ab0c5885eb7945ef1f,74f80917f6b245d718c201d58e0d3599f2e4b3e0,df74c847171cc10d356a740d6ea1f4d1d3079f7871e438bfada1f0c97c2d3f2d
artifacts/datasets/gold-v1-source-aware.json,dcd8d90081973b7b9a05ee6ef41623756a06232727f3718268945d71a207310a,562,train,747ca90f-92fc-4d19-aec4-6dfc34c2917e,contexto_colonial_antecedentes,contexto_colonial_antecedentes,0.42071983218193054,outputs/experiments/beto-u1/beto-lr2e5,4fea08ebf3da420a8ef1b04b151822b32c7f4869408335ab0c5885eb7945ef1f,74f80917f6b245d718c201d58e0d3599f2e4b3e0,5a73965ccddbc57854da447e661eda4e9d9e6145bfe697da8faa2a737c098493
artifacts/datasets/gold-v1-source-aware.json,dcd8d90081973b7b9a05ee6ef41623756a06232727f3718268945d71a207310a,563,train,747ca90f-92fc-4d19-aec4-6dfc34c2917e,contexto_colonial_antecedentes,organizacion_consecuencias_republicanas,0.25946635007858276,outputs/experiments/beto-u1/beto-lr2e5,4fea08ebf3da420a8ef1b04b151822b32c7f4869408335ab0c5885eb7945ef1f,74f80917f6b245d718c201d58e0d3599f2e4b3e0,6db507d067e02e4d780dd24d81b4dff37c6e8ef75b6a786f0a7ea1a34a533bcb
artifacts/datasets/gold-v1-source-aware.json,dcd8d90081973b7b9a05ee6ef41623756a06232727f3718268945d71a207310a,564,train,747ca90f-92fc-4d19-aec4-6dfc34c2917e,contexto_colonial_antecedentes,contexto_colonial_antecedentes,0.3386966586112976,outputs/experiments/beto-u1/beto-lr2e5,4fea08ebf3da420a8ef1b04b151822b32c7f4869408335ab0c5885eb7945ef1f,74f80917f6b245d718c201d58e0d3599f2e4b3e0,9a4f897b780c31033e8e3e18781ed488c7de32fc845cda9438d868a165a39098
artifacts/datasets/gold-v1-source-aware.json,dcd8d90081973b7b9a05ee6ef41623756a06232727f3718268945d71a207310a,565,train,747ca90f-92fc-4d19-aec4-6dfc34c2917e,contexto_colonial_antecedentes,campanias_conflictos_militares,0.35927608609199524,outputs/experiments/beto-u1/beto-lr2e5,4fea08ebf3da420a8ef1b04b151822b32c7f4869408335ab0c5885eb7945ef1f,74f80917f6b245d718c201d58e0d3599f2e4b3e0,46bc644ad134060a9be20c7892917461490da9e25e2c2b1bc7b934a5e87af673
artifacts/datasets/gold-v1-source-aware.json,dcd8d90081973b7b9a05ee6ef41623756a06232727f3718268945d71a207310a,566,train,747ca90f-92fc-4d19-aec4-6dfc34c2917e,contexto_colonial_antecedentes,contexto_colonial_antecedentes,0.41843920946121216,outputs/experiments/beto-u1/beto-lr2e5,4fea08ebf3da420a8ef1b04b151822b32c7f4869408335ab0c5885eb7945ef1f,74f80917f6b245d718c201d58e0d3599f2e4b3e0,dd76e1eada969cd783b21d089bdd5207344fec6b526a01f2f08c8ce126eacc37
artifacts/datasets/gold-v1-source-aware.json,dcd8d90081973b7b9a05ee6ef41623756a06232727f3718268945d71a207310a,567,train,747ca90f-92fc-4d19-aec4-6dfc34c2917e,contexto_colonial_antecedentes,contexto_colonial_antecedentes,0.3653327226638794,outputs/experiments/beto-u1/beto-lr2e5,4fea08ebf3da420a8ef1b04b151822b32c7f4869408335ab0c5885eb7945ef1f,74f80917f6b245d718c201d58e0d3599f2e4b3e0,ac8c5e666bea01b8bf8dfad6247b6ca6fdca949cb1d233711f7b2948baff20a3
artifacts/datasets/gold-v1-source-aware.json,dcd8d90081973b7b9a05ee6ef41623756a06232727f3718268945d71a207310a,568,train,747ca90f-92fc-4d19-aec4-6dfc34c2917e,contexto_colonial_antecedentes,organizacion_consecuencias_republicanas,0.31055986881256104,outputs/experiments/beto-u1/beto-lr2e5,4fea08ebf3da420a8ef1b04b151822b32c7f4869408335ab0c5885eb7945ef1f,74f80917f6b245d718c201d58e0d3599f2e4b3e0,c054cd528de5f4bf38b6422c646a206e6e76cb67e5fa0005c24855d7162b547c
artifacts/datasets/gold-v1-source-aware.json,dcd8d90081973b7b9a05ee6ef41623756a06232727f3718268945d71a207310a,569,train,747ca90f-92fc-4d19-aec4-6dfc34c2917e,contexto_colonial_antecedentes,participacion_social_regional,0.34988972544670105,outputs/experiments/beto-u1/beto-lr2e5,4fea08ebf3da420a8ef1b04b151822b32c7f4869408335ab0c5885eb7945ef1f,74f80917f6b245d718c201d58e0d3599f2e4b3e0,4b4bacfa916ca6c23799f5ac72d897148fdac8aaea9fc80c845759a2d811bf89
artifacts/datasets/gold-v1-source-aware.json,dcd8d90081973b7b9a05ee6ef41623756a06232727f3718268945d71a207310a,570,train,747ca90f-92fc-4d19-aec4-6dfc34c2917e,contexto_colonial_antecedentes,contexto_colonial_antecedentes,0.27713075280189514,outputs/experiments/beto-u1/beto-lr2e5,4fea08ebf3da420a8ef1b04b151822b32c7f4869408335ab0c5885eb7945ef1f,74f80917f6b245d718c201d58e0d3599f2e4b3e0,7d48a771113fdc4ebfd979bf86a38aada3ef080fcf0cae433d08c1a1152412e9
artifacts/datasets/gold-v1-source-aware.json,dcd8d90081973b7b9a05ee6ef41623756a06232727f3718268945d71a207310a,571,train,747ca90f-92fc-4d19-aec4-6dfc34c2917e,contexto_colonial_antecedentes,organizacion_consecuencias_republicanas,0.3552281856536865,outputs/experiments/beto-u1/beto-lr2e5,4fea08ebf3da420a8ef1b04b151822b32c7f4869408335ab0c5885eb7945ef1f,74f80917f6b245d718c201d58e0d3599f2e4b3e0,5262c43c87ff50b924aad275d71fb4dcc4fef23f4b95878a52f76b7a47ba0acb
artifacts/datasets/gold-v1-source-aware.json,dcd8d90081973b7b9a05ee6ef41623756a06232727f3718268945d71a207310a,572,train,747ca90f-92fc-4d19-aec4-6dfc34c2917e,contexto_colonial_antecedentes,contexto_colonial_antecedentes,0.24667228758335114,outputs/experiments/beto-u1/beto-lr2e5,4fea08ebf3da420a8ef1b04b151822b32c7f4869408335ab0c5885eb7945ef1f,74f80917f6b245d718c201d58e0d3599f2e4b3e0,9e810d72458659be739a67460b08143cfea479af866e24c4894cbbba6d752258
artifacts/datasets/gold-v1-source-aware.json,dcd8d90081973b7b9a05ee6ef41623756a06232727f3718268945d71a207310a,573,train,747ca90f-92fc-4d19-aec4-6dfc34c2917e,contexto_colonial_antecedentes,organizacion_consecuencias_republicanas,0.3170700669288635,outputs/experiments/beto-u1/beto-lr2e5,4fea08ebf3da420a8ef1b04b151822b32c7f4869408335ab0c5885eb7945ef1f,74f80917f6b245d718c201d58e0d3599f2e4b3e0,bbd414f14b7cb2368d518fa78b64ff682e05ab54ec91e85483c95a99ba0de92f
artifacts/datasets/gold-v1-source-aware.json,dcd8d90081973b7b9a05ee6ef41623756a06232727f3718268945d71a207310a,574,train,747ca90f-92fc-4d19-aec4-6dfc34c2917e,contexto_colonial_antecedentes,participacion_social_regional,0.2808975875377655,outputs/experiments/beto-u1/beto-lr2e5,4fea08ebf3da420a8ef1b04b151822b32c7f4869408335ab0c5885eb7945ef1f,74f80917f6b245d718c201d58e0d3599f2e4b3e0,dc41346881bd5b7201f577152a62aefc120b343c0914e0b6ba7ee947903aa945
artifacts/datasets/gold-v1-source-aware.json,dcd8d90081973b7b9a05ee6ef41623756a06232727f3718268945d71a207310a,575,train,747ca90f-92fc-4d19-aec4-6dfc34c2917e,liderazgos_diplomacia_proyectos,campanias_conflictos_militares,0.4814727306365967,outputs/experiments/beto-u1/beto-lr2e5,4fea08ebf3da420a8ef1b04b151822b32c7f4869408335ab0c5885eb7945ef1f,74f80917f6b245d718c201d58e0d3599f2e4b3e0,5a8d1abdb07fdfca811a60c77e40c7cded85bd42e4b20be5eee274736e45afed
artifacts/datasets/gold-v1-source-aware.json,dcd8d90081973b7b9a05ee6ef41623756a06232727f3718268945d71a207310a,576,train,747ca90f-92fc-4d19-aec4-6dfc34c2917e,organizacion_consecuencias_republicanas,campanias_conflictos_militares,0.7419850826263428,outputs/experiments/beto-u1/beto-lr2e5,4fea08ebf3da420a8ef1b04b151822b32c7f4869408335ab0c5885eb7945ef1f,74f80917f6b245d718c201d58e0d3599f2e4b3e0,e81555e1d20911f1f3bf5a01f746cf30f58517ebfb2c84bab1876854389158ae
artifacts/datasets/gold-v1-source-aware.json,dcd8d90081973b7b9a05ee6ef41623756a06232727f3718268945d71a207310a,577,train,747ca90f-92fc-4d19-aec4-6dfc34c2917e,crisis_ideas_emancipadoras,contexto_colonial_antecedentes,0.31053829193115234,outputs/experiments/beto-u1/beto-lr2e5,4fea08ebf3da420a8ef1b04b151822b32c7f4869408335ab0c5885eb7945ef1f,74f80917f6b245d718c201d58e0d3599f2e4b3e0,2c823c888db197a27d56b344d5d122cc19c0f1e7913b2a9f6ee369c23bd1cf79
artifacts/datasets/gold-v1-source-aware.json,dcd8d90081973b7b9a05ee6ef41623756a06232727f3718268945d71a207310a,578,test,4ca9c84a-627b-4027-8216-fdc07c506727,crisis_ideas_emancipadoras,participacion_social_regional,0.3820781409740448,outputs/experiments/beto-u1/beto-lr2e5,4fea08ebf3da420a8ef1b04b151822b32c7f4869408335ab0c5885eb7945ef1f,74f80917f6b245d718c201d58e0d3599f2e4b3e0,117e852142133fc2ffbcb3688d68265a3c383d45be2ff7f958fbb56796b5aa7c
artifacts/datasets/gold-v1-source-aware.json,dcd8d90081973b7b9a05ee6ef41623756a06232727f3718268945d71a207310a,579,train,747ca90f-92fc-4d19-aec4-6dfc34c2917e,no_relevante,liderazgos_diplomacia_proyectos,0.23919647932052612,outputs/experiments/beto-u1/beto-lr2e5,4fea08ebf3da420a8ef1b04b151822b32c7f4869408335ab0c5885eb7945ef1f,74f80917f6b245d718c201d58e0d3599f2e4b3e0,904674a0c602c7bfd6913068f2e3237cfdb9d5111867172e23c6f4ccef837a98
artifacts/datasets/gold-v1-source-aware.json,dcd8d90081973b7b9a05ee6ef41623756a06232727f3718268945d71a207310a,580,test,15e52806-3d75-4117-937d-7c7eda594579,participacion_social_regional,crisis_ideas_emancipadoras,0.32765993475914,outputs/experiments/beto-u1/beto-lr2e5,4fea08ebf3da420a8ef1b04b151822b32c7f4869408335ab0c5885eb7945ef1f,74f80917f6b245d718c201d58e0d3599f2e4b3e0,0a3cd8561716f17a705a4758a4d2e1be5d2a7418f0f7445690a01d989218a007
artifacts/datasets/gold-v1-source-aware.json,dcd8d90081973b7b9a05ee6ef41623756a06232727f3718268945d71a207310a,581,train,9fecbe5a-9fb2-4002-a088-8a2810db938e,participacion_social_regional,participacion_social_regional,0.37624391913414,outputs/experiments/beto-u1/beto-lr2e5,4fea08ebf3da420a8ef1b04b151822b32c7f4869408335ab0c5885eb7945ef1f,74f80917f6b245d718c201d58e0d3599f2e4b3e0,3bfdf71f0ec2fa1ce3d6298d7659f7e57a4a821a0c3d0bc60e6810b0d950bdc3
artifacts/datasets/gold-v1-source-aware.json,dcd8d90081973b7b9a05ee6ef41623756a06232727f3718268945d71a207310a,582,train,9f60a031-0183-478c-a1f8-a3bdd37d7b0b,organizacion_consecuencias_republicanas,participacion_social_regional,0.27154603600502014,outputs/experiments/beto-u1/beto-lr2e5,4fea08ebf3da420a8ef1b04b151822b32c7f4869408335ab0c5885eb7945ef1f,74f80917f6b245d718c201d58e0d3599f2e4b3e0,46e5f9d0a288d67e451e8bf01b8490774430146b8ea93aa2401ed25c347be214
artifacts/datasets/gold-v1-source-aware.json,dcd8d90081973b7b9a05ee6ef41623756a06232727f3718268945d71a207310a,583,train,747ca90f-92fc-4d19-aec4-6dfc34c2917e,organizacion_consecuencias_republicanas,organizacion_consecuencias_republicanas,0.33010607957839966,outputs/experiments/beto-u1/beto-lr2e5,4fea08ebf3da420a8ef1b04b151822b32c7f4869408335ab0c5885eb7945ef1f,74f80917f6b245d718c201d58e0d3599f2e4b3e0,41469bbc6e03c68de78fc78120c42f2ff0acdeb0c9b4ae11706e6c5878ee0167
artifacts/datasets/gold-v1-source-aware.json,dcd8d90081973b7b9a05ee6ef41623756a06232727f3718268945d71a207310a,584,train,9fecbe5a-9fb2-4002-a088-8a2810db938e,participacion_social_regional,liderazgos_diplomacia_proyectos,0.23920945823192596,outputs/experiments/beto-u1/beto-lr2e5,4fea08ebf3da420a8ef1b04b151822b32c7f4869408335ab0c5885eb7945ef1f,74f80917f6b245d718c201d58e0d3599f2e4b3e0,590771039c76fabeb30701392a787af8acbff3078f38cbb405c0c04d8bfbd64e
artifacts/datasets/gold-v1-source-aware.json,dcd8d90081973b7b9a05ee6ef41623756a06232727f3718268945d71a207310a,585,train,747ca90f-92fc-4d19-aec4-6dfc34c2917e,organizacion_consecuencias_republicanas,campanias_conflictos_militares,0.4433441162109375,outputs/experiments/beto-u1/beto-lr2e5,4fea08ebf3da420a8ef1b04b151822b32c7f4869408335ab0c5885eb7945ef1f,74f80917f6b245d718c201d58e0d3599f2e4b3e0,1f67091288d2dd1936d28e4a921d5ac294e24534828442ed556fd6be6418cbb4
artifacts/datasets/gold-v1-source-aware.json,dcd8d90081973b7b9a05ee6ef41623756a06232727f3718268945d71a207310a,586,train,9f60a031-0183-478c-a1f8-a3bdd37d7b0b,organizacion_consecuencias_republicanas,participacion_social_regional,0.23484955728054047,outputs/experiments/beto-u1/beto-lr2e5,4fea08ebf3da420a8ef1b04b151822b32c7f4869408335ab0c5885eb7945ef1f,74f80917f6b245d718c201d58e0d3599f2e4b3e0,aa019a364c3580ce2aabb5c6dc5cadcc01792b576c5cf42ff61481e898312cd0
artifacts/datasets/gold-v1-source-aware.json,dcd8d90081973b7b9a05ee6ef41623756a06232727f3718268945d71a207310a,587,train,747ca90f-92fc-4d19-aec4-6dfc34c2917e,contexto_colonial_antecedentes,contexto_colonial_antecedentes,0.3073629140853882,outputs/experiments/beto-u1/beto-lr2e5,4fea08ebf3da420a8ef1b04b151822b32c7f4869408335ab0c5885eb7945ef1f,74f80917f6b245d718c201d58e0d3599f2e4b3e0,ec1c6b300002b4f41370b1d5fdf3e6f9ab15dcf79768160f708b4c87d36152a2
artifacts/datasets/gold-v1-source-aware.json,dcd8d90081973b7b9a05ee6ef41623756a06232727f3718268945d71a207310a,588,train,747ca90f-92fc-4d19-aec4-6dfc34c2917e,campanias_conflictos_militares,campanias_conflictos_militares,0.7287699580192566,outputs/experiments/beto-u1/beto-lr2e5,4fea08ebf3da420a8ef1b04b151822b32c7f4869408335ab0c5885eb7945ef1f,74f80917f6b245d718c201d58e0d3599f2e4b3e0,c24d30f277455c6aeeae4921f622ffe417b1e70a411b24c50006177490ce1525
artifacts/datasets/gold-v1-source-aware.json,dcd8d90081973b7b9a05ee6ef41623756a06232727f3718268945d71a207310a,589,train,747ca90f-92fc-4d19-aec4-6dfc34c2917e,campanias_conflictos_militares,campanias_conflictos_militares,0.6825557947158813,outputs/experiments/beto-u1/beto-lr2e5,4fea08ebf3da420a8ef1b04b151822b32c7f4869408335ab0c5885eb7945ef1f,74f80917f6b245d718c201d58e0d3599f2e4b3e0,c7e0f06901091fbb688cc21b178fe3abe340deb1524949969a7d20a0f1ae2ea8
artifacts/datasets/gold-v1-source-aware.json,dcd8d90081973b7b9a05ee6ef41623756a06232727f3718268945d71a207310a,590,train,514f190e-5d01-497a-a6ef-648601cd8bdb,organizacion_consecuencias_republicanas,crisis_ideas_emancipadoras,0.415174663066864,outputs/experiments/beto-u1/beto-lr2e5,4fea08ebf3da420a8ef1b04b151822b32c7f4869408335ab0c5885eb7945ef1f,74f80917f6b245d718c201d58e0d3599f2e4b3e0,ddbe464b0417399cc3014b8d6c4006a8dcc47b18261e982a082322dda1ea27a0
artifacts/datasets/gold-v1-source-aware.json,dcd8d90081973b7b9a05ee6ef41623756a06232727f3718268945d71a207310a,591,train,514f190e-5d01-497a-a6ef-648601cd8bdb,crisis_ideas_emancipadoras,crisis_ideas_emancipadoras,0.5027520656585693,outputs/experiments/beto-u1/beto-lr2e5,4fea08ebf3da420a8ef1b04b151822b32c7f4869408335ab0c5885eb7945ef1f,74f80917f6b245d718c201d58e0d3599f2e4b3e0,147d73cc821356a251d67aeee1aee10682a44ccf08d9fb607747a2389d7532c2
artifacts/datasets/gold-v1-source-aware.json,dcd8d90081973b7b9a05ee6ef41623756a06232727f3718268945d71a207310a,592,train,9fecbe5a-9fb2-4002-a088-8a2810db938e,no_relevante,no_relevante,0.8516669869422913,outputs/experiments/beto-u1/beto-lr2e5,4fea08ebf3da420a8ef1b04b151822b32c7f4869408335ab0c5885eb7945ef1f,74f80917f6b245d718c201d58e0d3599f2e4b3e0,de3d4f1cf7daf68473e04e5b2609c434df6126cdc461b9d002a8c2d4dc6479f1
artifacts/datasets/gold-v1-source-aware.json,dcd8d90081973b7b9a05ee6ef41623756a06232727f3718268945d71a207310a,593,test,15e52806-3d75-4117-937d-7c7eda594579,no_relevante,no_relevante,0.5247651934623718,outputs/experiments/beto-u1/beto-lr2e5,4fea08ebf3da420a8ef1b04b151822b32c7f4869408335ab0c5885eb7945ef1f,74f80917f6b245d718c201d58e0d3599f2e4b3e0,eae0558049f8347a0ea6e445cc5ee681ac8650d16c479603c86584b604ba9922
artifacts/datasets/gold-v1-source-aware.json,dcd8d90081973b7b9a05ee6ef41623756a06232727f3718268945d71a207310a,594,test,15e52806-3d75-4117-937d-7c7eda594579,contexto_colonial_antecedentes,crisis_ideas_emancipadoras,0.30993762612342834,outputs/experiments/beto-u1/beto-lr2e5,4fea08ebf3da420a8ef1b04b151822b32c7f4869408335ab0c5885eb7945ef1f,74f80917f6b245d718c201d58e0d3599f2e4b3e0,582e3ac989436fa5d070ba8595d897dfccbf7a99e8ec40ab6d1b7ec6490633b2
artifacts/datasets/gold-v1-source-aware.json,dcd8d90081973b7b9a05ee6ef41623756a06232727f3718268945d71a207310a,595,test,15e52806-3d75-4117-937d-7c7eda594579,campanias_conflictos_militares,liderazgos_diplomacia_proyectos,0.24716682732105255,outputs/experiments/beto-u1/beto-lr2e5,4fea08ebf3da420a8ef1b04b151822b32c7f4869408335ab0c5885eb7945ef1f,74f80917f6b245d718c201d58e0d3599f2e4b3e0,8a5ca9ab1bbcf68f0db2e6e7e1b78e59b5e5e8787eebec4b5b76c15fbb1d109c
artifacts/datasets/gold-v1-source-aware.json,dcd8d90081973b7b9a05ee6ef41623756a06232727f3718268945d71a207310a,596,test,15e52806-3d75-4117-937d-7c7eda594579,liderazgos_diplomacia_proyectos,no_relevante,0.31660982966423035,outputs/experiments/beto-u1/beto-lr2e5,4fea08ebf3da420a8ef1b04b151822b32c7f4869408335ab0c5885eb7945ef1f,74f80917f6b245d718c201d58e0d3599f2e4b3e0,777cd94910dfd2fa3f2099b78cdff7ec7e66f65e4b5e695ae3a9f288620393c7
artifacts/datasets/gold-v1-source-aware.json,dcd8d90081973b7b9a05ee6ef41623756a06232727f3718268945d71a207310a,597,train,9f60a031-0183-478c-a1f8-a3bdd37d7b0b,organizacion_consecuencias_republicanas,organizacion_consecuencias_republicanas,0.3085770010948181,outputs/experiments/beto-u1/beto-lr2e5,4fea08ebf3da420a8ef1b04b151822b32c7f4869408335ab0c5885eb7945ef1f,74f80917f6b245d718c201d58e0d3599f2e4b3e0,ae2c172aa842174c6c3a9b81de0c3b947d9812fbec267b11f67cbfd096fe89b9
artifacts/datasets/gold-v1-source-aware.json,dcd8d90081973b7b9a05ee6ef41623756a06232727f3718268945d71a207310a,598,train,0ea45102-057d-4bff-b527-f36326f66d33,participacion_social_regional,participacion_social_regional,0.4634868800640106,outputs/experiments/beto-u1/beto-lr2e5,4fea08ebf3da420a8ef1b04b151822b32c7f4869408335ab0c5885eb7945ef1f,74f80917f6b245d718c201d58e0d3599f2e4b3e0,026cd94e167a3b8eca923cf37f96268ad3da4d8e08b051057e4fee2c6e21a455
artifacts/datasets/gold-v1-source-aware.json,dcd8d90081973b7b9a05ee6ef41623756a06232727f3718268945d71a207310a,599,train,0ea45102-057d-4bff-b527-f36326f66d33,contexto_colonial_antecedentes,participacion_social_regional,0.2394612729549408,outputs/experiments/beto-u1/beto-lr2e5,4fea08ebf3da420a8ef1b04b151822b32c7f4869408335ab0c5885eb7945ef1f,74f80917f6b245d718c201d58e0d3599f2e4b3e0,697f8f81331543961d1deed131d45a2cd9de45c9c0078e6b4d0060fbabbdc1c0
artifacts/datasets/gold-v1-source-aware.json,dcd8d90081973b7b9a05ee6ef41623756a06232727f3718268945d71a207310a,600,train,0ea45102-057d-4bff-b527-f36326f66d33,no_relevante,no_relevante,0.703291118144989,outputs/experiments/beto-u1/beto-lr2e5,4fea08ebf3da420a8ef1b04b151822b32c7f4869408335ab0c5885eb7945ef1f,74f80917f6b245d718c201d58e0d3599f2e4b3e0,0a71983007a765755393aad328b0efa619e7d24b5e293540fba6e6ef88637d17
artifacts/datasets/gold-v1-source-aware.json,dcd8d90081973b7b9a05ee6ef41623756a06232727f3718268945d71a207310a,601,train,0ea45102-057d-4bff-b527-f36326f66d33,crisis_ideas_emancipadoras,crisis_ideas_emancipadoras,0.27511364221572876,outputs/experiments/beto-u1/beto-lr2e5,4fea08ebf3da420a8ef1b04b151822b32c7f4869408335ab0c5885eb7945ef1f,74f80917f6b245d718c201d58e0d3599f2e4b3e0,864496c59b4925d87ea2da44e116842bef2bc959edfae2cb26ddf44baf989948
artifacts/datasets/gold-v1-source-aware.json,dcd8d90081973b7b9a05ee6ef41623756a06232727f3718268945d71a207310a,602,train,0ea45102-057d-4bff-b527-f36326f66d33,no_relevante,no_relevante,0.8695614337921143,outputs/experiments/beto-u1/beto-lr2e5,4fea08ebf3da420a8ef1b04b151822b32c7f4869408335ab0c5885eb7945ef1f,74f80917f6b245d718c201d58e0d3599f2e4b3e0,76e4d513ffc69cefe9db24ce38c963736503877ab713d7017fdfcc837094a920
artifacts/datasets/gold-v1-source-aware.json,dcd8d90081973b7b9a05ee6ef41623756a06232727f3718268945d71a207310a,603,train,0ea45102-057d-4bff-b527-f36326f66d33,no_relevante,no_relevante,0.8620848655700684,outputs/experiments/beto-u1/beto-lr2e5,4fea08ebf3da420a8ef1b04b151822b32c7f4869408335ab0c5885eb7945ef1f,74f80917f6b245d718c201d58e0d3599f2e4b3e0,55aee459997c99dba0c25bcd3c4cbbe60fc1d2db63b1732281bebfc8c51adaaf
artifacts/datasets/gold-v1-source-aware.json,dcd8d90081973b7b9a05ee6ef41623756a06232727f3718268945d71a207310a,604,train,0ea45102-057d-4bff-b527-f36326f66d33,no_relevante,no_relevante,0.8813931345939636,outputs/experiments/beto-u1/beto-lr2e5,4fea08ebf3da420a8ef1b04b151822b32c7f4869408335ab0c5885eb7945ef1f,74f80917f6b245d718c201d58e0d3599f2e4b3e0,28728798ce3121d86a496a0f7380196061603de41d88cc2edac5d251d88f400d
artifacts/datasets/gold-v1-source-aware.json,dcd8d90081973b7b9a05ee6ef41623756a06232727f3718268945d71a207310a,605,train,0ea45102-057d-4bff-b527-f36326f66d33,contexto_colonial_antecedentes,organizacion_consecuencias_republicanas,0.2187340259552002,outputs/experiments/beto-u1/beto-lr2e5,4fea08ebf3da420a8ef1b04b151822b32c7f4869408335ab0c5885eb7945ef1f,74f80917f6b245d718c201d58e0d3599f2e4b3e0,3cc615b652864cf7d899b44e960003e9fadbb5bdd7240cdd31702a4c74ee2e68
artifacts/datasets/gold-v1-source-aware.json,dcd8d90081973b7b9a05ee6ef41623756a06232727f3718268945d71a207310a,606,train,0ea45102-057d-4bff-b527-f36326f66d33,crisis_ideas_emancipadoras,crisis_ideas_emancipadoras,0.27758103609085083,outputs/experiments/beto-u1/beto-lr2e5,4fea08ebf3da420a8ef1b04b151822b32c7f4869408335ab0c5885eb7945ef1f,74f80917f6b245d718c201d58e0d3599f2e4b3e0,49177764bc4c6cf23625eb96092b6091c7b67b6e247b4b707b1b39a450239eb7
artifacts/datasets/gold-v1-source-aware.json,dcd8d90081973b7b9a05ee6ef41623756a06232727f3718268945d71a207310a,607,train,0ea45102-057d-4bff-b527-f36326f66d33,crisis_ideas_emancipadoras,crisis_ideas_emancipadoras,0.31598833203315735,outputs/experiments/beto-u1/beto-lr2e5,4fea08ebf3da420a8ef1b04b151822b32c7f4869408335ab0c5885eb7945ef1f,74f80917f6b245d718c201d58e0d3599f2e4b3e0,6c3ead13289a874cfaec38f4922b4bc4fb2ebd999364cd60dd58d4f935cbf92d
artifacts/datasets/gold-v1-source-aware.json,dcd8d90081973b7b9a05ee6ef41623756a06232727f3718268945d71a207310a,608,train,0ea45102-057d-4bff-b527-f36326f66d33,crisis_ideas_emancipadoras,participacion_social_regional,0.3471199572086334,outputs/experiments/beto-u1/beto-lr2e5,4fea08ebf3da420a8ef1b04b151822b32c7f4869408335ab0c5885eb7945ef1f,74f80917f6b245d718c201d58e0d3599f2e4b3e0,ba5b64b88e30cff3a70d5922675dc4feff8616cb64e7daede3d09c5a5ff5d0de
artifacts/datasets/gold-v1-source-aware.json,dcd8d90081973b7b9a05ee6ef41623756a06232727f3718268945d71a207310a,609,train,0ea45102-057d-4bff-b527-f36326f66d33,no_relevante,no_relevante,0.6647111177444458,outputs/experiments/beto-u1/beto-lr2e5,4fea08ebf3da420a8ef1b04b151822b32c7f4869408335ab0c5885eb7945ef1f,74f80917f6b245d718c201d58e0d3599f2e4b3e0,6b94ffce7f70d891f7c3a64e20b69f66031c9d43a227a39493c05f491358e5ef
artifacts/datasets/gold-v1-source-aware.json,dcd8d90081973b7b9a05ee6ef41623756a06232727f3718268945d71a207310a,610,train,0ea45102-057d-4bff-b527-f36326f66d33,participacion_social_regional,participacion_social_regional,0.4162124991416931,outputs/experiments/beto-u1/beto-lr2e5,4fea08ebf3da420a8ef1b04b151822b32c7f4869408335ab0c5885eb7945ef1f,74f80917f6b245d718c201d58e0d3599f2e4b3e0,313d0b76a24768b77e6d8831ebc63984ad22ea72f9f782966fdc8dcbeebeae3a
artifacts/datasets/gold-v1-source-aware.json,dcd8d90081973b7b9a05ee6ef41623756a06232727f3718268945d71a207310a,611,train,0ea45102-057d-4bff-b527-f36326f66d33,liderazgos_diplomacia_proyectos,liderazgos_diplomacia_proyectos,0.284798264503479,outputs/experiments/beto-u1/beto-lr2e5,4fea08ebf3da420a8ef1b04b151822b32c7f4869408335ab0c5885eb7945ef1f,74f80917f6b245d718c201d58e0d3599f2e4b3e0,151b22bf6d7181b240dec219beeb4a9820cf80dfa1f1e52a37071d1e7e6bcc90
artifacts/datasets/gold-v1-source-aware.json,dcd8d90081973b7b9a05ee6ef41623756a06232727f3718268945d71a207310a,612,train,0ea45102-057d-4bff-b527-f36326f66d33,no_relevante,no_relevante,0.8295785784721375,outputs/experiments/beto-u1/beto-lr2e5,4fea08ebf3da420a8ef1b04b151822b32c7f4869408335ab0c5885eb7945ef1f,74f80917f6b245d718c201d58e0d3599f2e4b3e0,94bb8bdfa34968f905142f4019802cf94b3388d6e8cb447d44fa2f8b047a4039
artifacts/datasets/gold-v1-source-aware.json,dcd8d90081973b7b9a05ee6ef41623756a06232727f3718268945d71a207310a,613,train,0ea45102-057d-4bff-b527-f36326f66d33,no_relevante,no_relevante,0.8708504438400269,outputs/experiments/beto-u1/beto-lr2e5,4fea08ebf3da420a8ef1b04b151822b32c7f4869408335ab0c5885eb7945ef1f,74f80917f6b245d718c201d58e0d3599f2e4b3e0,29275d3f019d7d5e3b38a4fbe11322f480ab5c6362e463426cccfdaf17644a74
artifacts/datasets/gold-v1-source-aware.json,dcd8d90081973b7b9a05ee6ef41623756a06232727f3718268945d71a207310a,614,train,0ea45102-057d-4bff-b527-f36326f66d33,crisis_ideas_emancipadoras,crisis_ideas_emancipadoras,0.3310646414756775,outputs/experiments/beto-u1/beto-lr2e5,4fea08ebf3da420a8ef1b04b151822b32c7f4869408335ab0c5885eb7945ef1f,74f80917f6b245d718c201d58e0d3599f2e4b3e0,95ead65a0a09d8be82607a316da0a8279e021411dd08233592f7e79bfb2bc2ba
artifacts/datasets/gold-v1-source-aware.json,dcd8d90081973b7b9a05ee6ef41623756a06232727f3718268945d71a207310a,615,train,0ea45102-057d-4bff-b527-f36326f66d33,contexto_colonial_antecedentes,participacion_social_regional,0.28891152143478394,outputs/experiments/beto-u1/beto-lr2e5,4fea08ebf3da420a8ef1b04b151822b32c7f4869408335ab0c5885eb7945ef1f,74f80917f6b245d718c201d58e0d3599f2e4b3e0,0815092297a728d83204b51d3e0952916e5b09c253fb7f0d4186feead112d900
artifacts/datasets/gold-v1-source-aware.json,dcd8d90081973b7b9a05ee6ef41623756a06232727f3718268945d71a207310a,616,train,0ea45102-057d-4bff-b527-f36326f66d33,crisis_ideas_emancipadoras,participacion_social_regional,0.2967042028903961,outputs/experiments/beto-u1/beto-lr2e5,4fea08ebf3da420a8ef1b04b151822b32c7f4869408335ab0c5885eb7945ef1f,74f80917f6b245d718c201d58e0d3599f2e4b3e0,ad36193c6a5ac90c0fe7cdb26f1c2763ae83bf0f7bcb4ab01e218ae0eb9af959
artifacts/datasets/gold-v1-source-aware.json,dcd8d90081973b7b9a05ee6ef41623756a06232727f3718268945d71a207310a,617,train,0ea45102-057d-4bff-b527-f36326f66d33,no_relevante,no_relevante,0.8749037981033325,outputs/experiments/beto-u1/beto-lr2e5,4fea08ebf3da420a8ef1b04b151822b32c7f4869408335ab0c5885eb7945ef1f,74f80917f6b245d718c201d58e0d3599f2e4b3e0,dc41372d41ed9f0915693d714731664afa7e6d02fb3dbeb9c67a23f2f9992709
artifacts/datasets/gold-v1-source-aware.json,dcd8d90081973b7b9a05ee6ef41623756a06232727f3718268945d71a207310a,618,train,0ea45102-057d-4bff-b527-f36326f66d33,crisis_ideas_emancipadoras,crisis_ideas_emancipadoras,0.25806480646133423,outputs/experiments/beto-u1/beto-lr2e5,4fea08ebf3da420a8ef1b04b151822b32c7f4869408335ab0c5885eb7945ef1f,74f80917f6b245d718c201d58e0d3599f2e4b3e0,25d2b18cb4aff7bfa24a1a6661af24b79573184b4d27b2ec870761bf508d4701
artifacts/datasets/gold-v1-source-aware.json,dcd8d90081973b7b9a05ee6ef41623756a06232727f3718268945d71a207310a,619,train,0ea45102-057d-4bff-b527-f36326f66d33,participacion_social_regional,participacion_social_regional,0.359309583902359,outputs/experiments/beto-u1/beto-lr2e5,4fea08ebf3da420a8ef1b04b151822b32c7f4869408335ab0c5885eb7945ef1f,74f80917f6b245d718c201d58e0d3599f2e4b3e0,ce22361b4bc7826adce7bcae0c57d7e6562e85b74c5f03a3c1369f20fbfc2724
artifacts/datasets/gold-v1-source-aware.json,dcd8d90081973b7b9a05ee6ef41623756a06232727f3718268945d71a207310a,620,train,0ea45102-057d-4bff-b527-f36326f66d33,no_relevante,no_relevante,0.8459503650665283,outputs/experiments/beto-u1/beto-lr2e5,4fea08ebf3da420a8ef1b04b151822b32c7f4869408335ab0c5885eb7945ef1f,74f80917f6b245d718c201d58e0d3599f2e4b3e0,725c06eac58a9a67553620636b026b9fd504f85818fe8d866bd18643b7ba5ec5
artifacts/datasets/gold-v1-source-aware.json,dcd8d90081973b7b9a05ee6ef41623756a06232727f3718268945d71a207310a,621,train,0ea45102-057d-4bff-b527-f36326f66d33,crisis_ideas_emancipadoras,crisis_ideas_emancipadoras,0.25271451473236084,outputs/experiments/beto-u1/beto-lr2e5,4fea08ebf3da420a8ef1b04b151822b32c7f4869408335ab0c5885eb7945ef1f,74f80917f6b245d718c201d58e0d3599f2e4b3e0,34967114eb410ff34178a3799fc8ed24c8f121337d4142e2e4cb3e7ca0e5d035
artifacts/datasets/gold-v1-source-aware.json,dcd8d90081973b7b9a05ee6ef41623756a06232727f3718268945d71a207310a,622,train,0ea45102-057d-4bff-b527-f36326f66d33,participacion_social_regional,participacion_social_regional,0.31022509932518005,outputs/experiments/beto-u1/beto-lr2e5,4fea08ebf3da420a8ef1b04b151822b32c7f4869408335ab0c5885eb7945ef1f,74f80917f6b245d718c201d58e0d3599f2e4b3e0,c32a0b74745dedc9dd945a90c36e61407ba2d89faea3f207b74807bd95c2c4f8
artifacts/datasets/gold-v1-source-aware.json,dcd8d90081973b7b9a05ee6ef41623756a06232727f3718268945d71a207310a,623,train,0ea45102-057d-4bff-b527-f36326f66d33,liderazgos_diplomacia_proyectos,participacion_social_regional,0.27765896916389465,outputs/experiments/beto-u1/beto-lr2e5,4fea08ebf3da420a8ef1b04b151822b32c7f4869408335ab0c5885eb7945ef1f,74f80917f6b245d718c201d58e0d3599f2e4b3e0,2af248364cad4a03a9e72b111682931cbde91302d950339ada00ab01147e438c
artifacts/datasets/gold-v1-source-aware.json,dcd8d90081973b7b9a05ee6ef41623756a06232727f3718268945d71a207310a,624,train,0ea45102-057d-4bff-b527-f36326f66d33,no_relevante,no_relevante,0.5093961358070374,outputs/experiments/beto-u1/beto-lr2e5,4fea08ebf3da420a8ef1b04b151822b32c7f4869408335ab0c5885eb7945ef1f,74f80917f6b245d718c201d58e0d3599f2e4b3e0,50a4bf9ed32b52941ff444575145ae5a82b28941d677877bada964818dac5ff6
artifacts/datasets/gold-v1-source-aware.json,dcd8d90081973b7b9a05ee6ef41623756a06232727f3718268945d71a207310a,625,train,0ea45102-057d-4bff-b527-f36326f66d33,crisis_ideas_emancipadoras,participacion_social_regional,0.32899096608161926,outputs/experiments/beto-u1/beto-lr2e5,4fea08ebf3da420a8ef1b04b151822b32c7f4869408335ab0c5885eb7945ef1f,74f80917f6b245d718c201d58e0d3599f2e4b3e0,4683ddbffbf0d16794a1c747387715f297e3bd86c8a32d06e31cd4c9a1d72601
artifacts/datasets/gold-v1-source-aware.json,dcd8d90081973b7b9a05ee6ef41623756a06232727f3718268945d71a207310a,626,train,0ea45102-057d-4bff-b527-f36326f66d33,liderazgos_diplomacia_proyectos,liderazgos_diplomacia_proyectos,0.3486720025539398,outputs/experiments/beto-u1/beto-lr2e5,4fea08ebf3da420a8ef1b04b151822b32c7f4869408335ab0c5885eb7945ef1f,74f80917f6b245d718c201d58e0d3599f2e4b3e0,528c7216064e5654a80f8eb7a67620e162fac226a47011f4af73d7efed8aad76
artifacts/datasets/gold-v1-source-aware.json,dcd8d90081973b7b9a05ee6ef41623756a06232727f3718268945d71a207310a,627,train,0ea45102-057d-4bff-b527-f36326f66d33,crisis_ideas_emancipadoras,crisis_ideas_emancipadoras,0.3551537096500397,outputs/experiments/beto-u1/beto-lr2e5,4fea08ebf3da420a8ef1b04b151822b32c7f4869408335ab0c5885eb7945ef1f,74f80917f6b245d718c201d58e0d3599f2e4b3e0,57a3e3d83e3e5c16d55a785b6da3488efb00081a4606c2f1f814a7733cd20383
artifacts/datasets/gold-v1-source-aware.json,dcd8d90081973b7b9a05ee6ef41623756a06232727f3718268945d71a207310a,628,train,0ea45102-057d-4bff-b527-f36326f66d33,crisis_ideas_emancipadoras,participacion_social_regional,0.36488234996795654,outputs/experiments/beto-u1/beto-lr2e5,4fea08ebf3da420a8ef1b04b151822b32c7f4869408335ab0c5885eb7945ef1f,74f80917f6b245d718c201d58e0d3599f2e4b3e0,b5fbbdb32d1bab049feb8008b88db65497480db9d3a8d874d77e40bf998a7d69
artifacts/datasets/gold-v1-source-aware.json,dcd8d90081973b7b9a05ee6ef41623756a06232727f3718268945d71a207310a,629,train,9f60a031-0183-478c-a1f8-a3bdd37d7b0b,no_relevante,no_relevante,0.8786178827285767,outputs/experiments/beto-u1/beto-lr2e5,4fea08ebf3da420a8ef1b04b151822b32c7f4869408335ab0c5885eb7945ef1f,74f80917f6b245d718c201d58e0d3599f2e4b3e0,d958e6c815d2d59ab336cda087b36dcfcf6b058bf0bc458e567ce801125db95d
artifacts/datasets/gold-v1-source-aware.json,dcd8d90081973b7b9a05ee6ef41623756a06232727f3718268945d71a207310a,630,train,9154f7f7-86c9-4bad-bcba-47eaf54b93e1,no_relevante,no_relevante,0.8658363819122314,outputs/experiments/beto-u1/beto-lr2e5,4fea08ebf3da420a8ef1b04b151822b32c7f4869408335ab0c5885eb7945ef1f,74f80917f6b245d718c201d58e0d3599f2e4b3e0,810c5873eb07391802e70551a025efd1ab9515a91cd0a436c34810611b8256ca
artifacts/datasets/gold-v1-source-aware.json,dcd8d90081973b7b9a05ee6ef41623756a06232727f3718268945d71a207310a,631,train,0ea45102-057d-4bff-b527-f36326f66d33,liderazgos_diplomacia_proyectos,liderazgos_diplomacia_proyectos,0.28897666931152344,outputs/experiments/beto-u1/beto-lr2e5,4fea08ebf3da420a8ef1b04b151822b32c7f4869408335ab0c5885eb7945ef1f,74f80917f6b245d718c201d58e0d3599f2e4b3e0,57e584c2636e58fe1757563ca768d487e102145558a1748f4750b43bdcd59917
artifacts/datasets/gold-v1-source-aware.json,dcd8d90081973b7b9a05ee6ef41623756a06232727f3718268945d71a207310a,632,train,0ea45102-057d-4bff-b527-f36326f66d33,no_relevante,no_relevante,0.8863538503646851,outputs/experiments/beto-u1/beto-lr2e5,4fea08ebf3da420a8ef1b04b151822b32c7f4869408335ab0c5885eb7945ef1f,74f80917f6b245d718c201d58e0d3599f2e4b3e0,a14afb8762c1ef4d5baae31a486b411d504b5b504f49b96d9d0681f681d84064
artifacts/datasets/gold-v1-source-aware.json,dcd8d90081973b7b9a05ee6ef41623756a06232727f3718268945d71a207310a,633,train,9f60a031-0183-478c-a1f8-a3bdd37d7b0b,liderazgos_diplomacia_proyectos,contexto_colonial_antecedentes,0.23602800071239471,outputs/experiments/beto-u1/beto-lr2e5,4fea08ebf3da420a8ef1b04b151822b32c7f4869408335ab0c5885eb7945ef1f,74f80917f6b245d718c201d58e0d3599f2e4b3e0,06002ea1c0d1e201ea5dc0b7f828f2592b6383292746d7e81e050740b2e3b88c
artifacts/datasets/gold-v1-source-aware.json,dcd8d90081973b7b9a05ee6ef41623756a06232727f3718268945d71a207310a,634,train,0ea45102-057d-4bff-b527-f36326f66d33,participacion_social_regional,participacion_social_regional,0.4047635495662689,outputs/experiments/beto-u1/beto-lr2e5,4fea08ebf3da420a8ef1b04b151822b32c7f4869408335ab0c5885eb7945ef1f,74f80917f6b245d718c201d58e0d3599f2e4b3e0,3e04c0e54ae081072a1cd833651c2767a3f3215a2e0520fee1f7d7c1d271c028
artifacts/datasets/gold-v1-source-aware.json,dcd8d90081973b7b9a05ee6ef41623756a06232727f3718268945d71a207310a,635,train,0ea45102-057d-4bff-b527-f36326f66d33,liderazgos_diplomacia_proyectos,participacion_social_regional,0.27093660831451416,outputs/experiments/beto-u1/beto-lr2e5,4fea08ebf3da420a8ef1b04b151822b32c7f4869408335ab0c5885eb7945ef1f,74f80917f6b245d718c201d58e0d3599f2e4b3e0,42e49adaac438eef3dd447e32a3d0303d2811a25d70fcded27e06a360930bbb0
artifacts/datasets/gold-v1-source-aware.json,dcd8d90081973b7b9a05ee6ef41623756a06232727f3718268945d71a207310a,636,train,9154f7f7-86c9-4bad-bcba-47eaf54b93e1,crisis_ideas_emancipadoras,organizacion_consecuencias_republicanas,0.22278541326522827,outputs/experiments/beto-u1/beto-lr2e5,4fea08ebf3da420a8ef1b04b151822b32c7f4869408335ab0c5885eb7945ef1f,74f80917f6b245d718c201d58e0d3599f2e4b3e0,f649d51708d4691e79afdcd250c057c2f3aeac762a11b04e1b0d4216e7d5ac5f
artifacts/datasets/gold-v1-source-aware.json,dcd8d90081973b7b9a05ee6ef41623756a06232727f3718268945d71a207310a,637,train,9f60a031-0183-478c-a1f8-a3bdd37d7b0b,no_relevante,no_relevante,0.8515931963920593,outputs/experiments/beto-u1/beto-lr2e5,4fea08ebf3da420a8ef1b04b151822b32c7f4869408335ab0c5885eb7945ef1f,74f80917f6b245d718c201d58e0d3599f2e4b3e0,86fb3176f36bf2c1dce63a6264e6e1a08a20de5e38dc696ed8a0963395f48703
artifacts/datasets/gold-v1-source-aware.json,dcd8d90081973b7b9a05ee6ef41623756a06232727f3718268945d71a207310a,638,test,4ca9c84a-627b-4027-8216-fdc07c506727,organizacion_consecuencias_republicanas,no_relevante,0.4493175148963928,outputs/experiments/beto-u1/beto-lr2e5,4fea08ebf3da420a8ef1b04b151822b32c7f4869408335ab0c5885eb7945ef1f,74f80917f6b245d718c201d58e0d3599f2e4b3e0,5bfcf53262b81d1c2b9ec1c1dc3c9010a25cbab342f8fca54b53970865990868
artifacts/datasets/gold-v1-source-aware.json,dcd8d90081973b7b9a05ee6ef41623756a06232727f3718268945d71a207310a,639,test,15e52806-3d75-4117-937d-7c7eda594579,participacion_social_regional,no_relevante,0.33377906680107117,outputs/experiments/beto-u1/beto-lr2e5,4fea08ebf3da420a8ef1b04b151822b32c7f4869408335ab0c5885eb7945ef1f,74f80917f6b245d718c201d58e0d3599f2e4b3e0,699873109054f91518540853ae2d647623e8a9b325a4ec8433b55c6447e879bc
artifacts/datasets/gold-v1-source-aware.json,dcd8d90081973b7b9a05ee6ef41623756a06232727f3718268945d71a207310a,640,train,9154f7f7-86c9-4bad-bcba-47eaf54b93e1,liderazgos_diplomacia_proyectos,liderazgos_diplomacia_proyectos,0.30150458216667175,outputs/experiments/beto-u1/beto-lr2e5,4fea08ebf3da420a8ef1b04b151822b32c7f4869408335ab0c5885eb7945ef1f,74f80917f6b245d718c201d58e0d3599f2e4b3e0,69f7ade875bdc894ba9a436b7a9dfe0b4dbe673ad948278df4a1e1d573980462
artifacts/datasets/gold-v1-source-aware.json,dcd8d90081973b7b9a05ee6ef41623756a06232727f3718268945d71a207310a,641,train,9f60a031-0183-478c-a1f8-a3bdd37d7b0b,organizacion_consecuencias_republicanas,organizacion_consecuencias_republicanas,0.36307308077812195,outputs/experiments/beto-u1/beto-lr2e5,4fea08ebf3da420a8ef1b04b151822b32c7f4869408335ab0c5885eb7945ef1f,74f80917f6b245d718c201d58e0d3599f2e4b3e0,f6f2797619c97f06023bc6f414132d937691870c7922f51a39e5f33ca82abef4
artifacts/datasets/gold-v1-source-aware.json,dcd8d90081973b7b9a05ee6ef41623756a06232727f3718268945d71a207310a,642,train,9f60a031-0183-478c-a1f8-a3bdd37d7b0b,participacion_social_regional,participacion_social_regional,0.2903870940208435,outputs/experiments/beto-u1/beto-lr2e5,4fea08ebf3da420a8ef1b04b151822b32c7f4869408335ab0c5885eb7945ef1f,74f80917f6b245d718c201d58e0d3599f2e4b3e0,692d64f3d36f0b89a75572c60d472d7d8b7c54633e2097eff818d109f87fb828
artifacts/datasets/gold-v1-source-aware.json,dcd8d90081973b7b9a05ee6ef41623756a06232727f3718268945d71a207310a,643,test,15e52806-3d75-4117-937d-7c7eda594579,no_relevante,crisis_ideas_emancipadoras,0.4048808515071869,outputs/experiments/beto-u1/beto-lr2e5,4fea08ebf3da420a8ef1b04b151822b32c7f4869408335ab0c5885eb7945ef1f,74f80917f6b245d718c201d58e0d3599f2e4b3e0,5afaa137d67a47e60ba0e72a97cc4f9845d45210a44f210650bb02dff4a1ee29
artifacts/datasets/gold-v1-source-aware.json,dcd8d90081973b7b9a05ee6ef41623756a06232727f3718268945d71a207310a,644,train,9f60a031-0183-478c-a1f8-a3bdd37d7b0b,participacion_social_regional,participacion_social_regional,0.313644140958786,outputs/experiments/beto-u1/beto-lr2e5,4fea08ebf3da420a8ef1b04b151822b32c7f4869408335ab0c5885eb7945ef1f,74f80917f6b245d718c201d58e0d3599f2e4b3e0,87e497ade568bc080f1d003ad775a94bbd74766a9d4e155d77b7381bad3762a2
artifacts/datasets/gold-v1-source-aware.json,dcd8d90081973b7b9a05ee6ef41623756a06232727f3718268945d71a207310a,645,train,9f60a031-0183-478c-a1f8-a3bdd37d7b0b,no_relevante,organizacion_consecuencias_republicanas,0.26595163345336914,outputs/experiments/beto-u1/beto-lr2e5,4fea08ebf3da420a8ef1b04b151822b32c7f4869408335ab0c5885eb7945ef1f,74f80917f6b245d718c201d58e0d3599f2e4b3e0,fdcb474a6744674a5479a19eac701e732f8d704c9b5d42a89d70149ee906a937
artifacts/datasets/gold-v1-source-aware.json,dcd8d90081973b7b9a05ee6ef41623756a06232727f3718268945d71a207310a,646,test,4ca9c84a-627b-4027-8216-fdc07c506727,liderazgos_diplomacia_proyectos,participacion_social_regional,0.36221450567245483,outputs/experiments/beto-u1/beto-lr2e5,4fea08ebf3da420a8ef1b04b151822b32c7f4869408335ab0c5885eb7945ef1f,74f80917f6b245d718c201d58e0d3599f2e4b3e0,c1902c8353f2a62f9767500c568b9a0d012534562391e71f445bf322a4730383
artifacts/datasets/gold-v1-source-aware.json,dcd8d90081973b7b9a05ee6ef41623756a06232727f3718268945d71a207310a,647,test,4ca9c84a-627b-4027-8216-fdc07c506727,organizacion_consecuencias_republicanas,participacion_social_regional,0.26397132873535156,outputs/experiments/beto-u1/beto-lr2e5,4fea08ebf3da420a8ef1b04b151822b32c7f4869408335ab0c5885eb7945ef1f,74f80917f6b245d718c201d58e0d3599f2e4b3e0,d014ccac5b9c5d0071b101fb7e21d24e77a91587e32dbe404db029e76eaa34bb
artifacts/datasets/gold-v1-source-aware.json,dcd8d90081973b7b9a05ee6ef41623756a06232727f3718268945d71a207310a,648,test,4ca9c84a-627b-4027-8216-fdc07c506727,crisis_ideas_emancipadoras,participacion_social_regional,0.3869036138057709,outputs/experiments/beto-u1/beto-lr2e5,4fea08ebf3da420a8ef1b04b151822b32c7f4869408335ab0c5885eb7945ef1f,74f80917f6b245d718c201d58e0d3599f2e4b3e0,e177daacea52a624a98177624e7ac2825c22ae5d0fc5a13ca4e8f385831e4638
artifacts/datasets/gold-v1-source-aware.json,dcd8d90081973b7b9a05ee6ef41623756a06232727f3718268945d71a207310a,649,train,9f60a031-0183-478c-a1f8-a3bdd37d7b0b,organizacion_consecuencias_republicanas,organizacion_consecuencias_republicanas,0.26922106742858887,outputs/experiments/beto-u1/beto-lr2e5,4fea08ebf3da420a8ef1b04b151822b32c7f4869408335ab0c5885eb7945ef1f,74f80917f6b245d718c201d58e0d3599f2e4b3e0,c99a6a3e9e0df1f3614a57fa7c831f9df2722f43585e50ab01cf91acc3de131b
artifacts/datasets/gold-v1-source-aware.json,dcd8d90081973b7b9a05ee6ef41623756a06232727f3718268945d71a207310a,650,train,9f60a031-0183-478c-a1f8-a3bdd37d7b0b,participacion_social_regional,contexto_colonial_antecedentes,0.27518409490585327,outputs/experiments/beto-u1/beto-lr2e5,4fea08ebf3da420a8ef1b04b151822b32c7f4869408335ab0c5885eb7945ef1f,74f80917f6b245d718c201d58e0d3599f2e4b3e0,3a3e3104cc2e0e06d7114c6df34c4a566e8f5e2409bc20e6e26d6e4f11c20459
artifacts/datasets/gold-v1-source-aware.json,dcd8d90081973b7b9a05ee6ef41623756a06232727f3718268945d71a207310a,651,test,4ca9c84a-627b-4027-8216-fdc07c506727,liderazgos_diplomacia_proyectos,no_relevante,0.33495163917541504,outputs/experiments/beto-u1/beto-lr2e5,4fea08ebf3da420a8ef1b04b151822b32c7f4869408335ab0c5885eb7945ef1f,74f80917f6b245d718c201d58e0d3599f2e4b3e0,3fa8ddfc480f9b2fafa9f3ced58816772eadaa623c22faae42c037309673d6cd
artifacts/datasets/gold-v1-source-aware.json,dcd8d90081973b7b9a05ee6ef41623756a06232727f3718268945d71a207310a,652,train,9f60a031-0183-478c-a1f8-a3bdd37d7b0b,no_relevante,no_relevante,0.8794732689857483,outputs/experiments/beto-u1/beto-lr2e5,4fea08ebf3da420a8ef1b04b151822b32c7f4869408335ab0c5885eb7945ef1f,74f80917f6b245d718c201d58e0d3599f2e4b3e0,29ba90109a3287a18f0429454ed8df26d51013494353785adea52986c53faae1
artifacts/datasets/gold-v1-source-aware.json,dcd8d90081973b7b9a05ee6ef41623756a06232727f3718268945d71a207310a,653,test,4ca9c84a-627b-4027-8216-fdc07c506727,liderazgos_diplomacia_proyectos,participacion_social_regional,0.2941964864730835,outputs/experiments/beto-u1/beto-lr2e5,4fea08ebf3da420a8ef1b04b151822b32c7f4869408335ab0c5885eb7945ef1f,74f80917f6b245d718c201d58e0d3599f2e4b3e0,979eb589a3f94c4d2091c281967638a08086c67d234cb309328606e0b4605397
artifacts/datasets/gold-v1-source-aware.json,dcd8d90081973b7b9a05ee6ef41623756a06232727f3718268945d71a207310a,654,train,9154f7f7-86c9-4bad-bcba-47eaf54b93e1,liderazgos_diplomacia_proyectos,liderazgos_diplomacia_proyectos,0.2733886241912842,outputs/experiments/beto-u1/beto-lr2e5,4fea08ebf3da420a8ef1b04b151822b32c7f4869408335ab0c5885eb7945ef1f,74f80917f6b245d718c201d58e0d3599f2e4b3e0,1488da72b6d25e0660ce07c6ea1f779db718378cc2a97d44e5c1296b8aa49fb6
artifacts/datasets/gold-v1-source-aware.json,dcd8d90081973b7b9a05ee6ef41623756a06232727f3718268945d71a207310a,655,train,9f60a031-0183-478c-a1f8-a3bdd37d7b0b,organizacion_consecuencias_republicanas,organizacion_consecuencias_republicanas,0.27836930751800537,outputs/experiments/beto-u1/beto-lr2e5,4fea08ebf3da420a8ef1b04b151822b32c7f4869408335ab0c5885eb7945ef1f,74f80917f6b245d718c201d58e0d3599f2e4b3e0,6216d62b86f8d304731efe002e105151fbe9ff315e7c4d14fa25b0b4679be2dc
artifacts/datasets/gold-v1-source-aware.json,dcd8d90081973b7b9a05ee6ef41623756a06232727f3718268945d71a207310a,656,train,9f60a031-0183-478c-a1f8-a3bdd37d7b0b,no_relevante,organizacion_consecuencias_republicanas,0.23113279044628143,outputs/experiments/beto-u1/beto-lr2e5,4fea08ebf3da420a8ef1b04b151822b32c7f4869408335ab0c5885eb7945ef1f,74f80917f6b245d718c201d58e0d3599f2e4b3e0,d606a17fce3f8c9cb28151bc40b4c9fc635bc0310c8de28c69d1526e3e89ee20
artifacts/datasets/gold-v1-source-aware.json,dcd8d90081973b7b9a05ee6ef41623756a06232727f3718268945d71a207310a,657,test,4ca9c84a-627b-4027-8216-fdc07c506727,liderazgos_diplomacia_proyectos,participacion_social_regional,0.2690690755844116,outputs/experiments/beto-u1/beto-lr2e5,4fea08ebf3da420a8ef1b04b151822b32c7f4869408335ab0c5885eb7945ef1f,74f80917f6b245d718c201d58e0d3599f2e4b3e0,1db9076f97cb7f3479c3f36ca9a44d183d0a1faaba16d9d5f70cffebed85407b
artifacts/datasets/gold-v1-source-aware.json,dcd8d90081973b7b9a05ee6ef41623756a06232727f3718268945d71a207310a,658,test,4ca9c84a-627b-4027-8216-fdc07c506727,liderazgos_diplomacia_proyectos,campanias_conflictos_militares,0.2312992811203003,outputs/experiments/beto-u1/beto-lr2e5,4fea08ebf3da420a8ef1b04b151822b32c7f4869408335ab0c5885eb7945ef1f,74f80917f6b245d718c201d58e0d3599f2e4b3e0,4a6f3976e32b9693c67274655f0768d3caa8ee8012945ae3d1a089c37a893759
artifacts/datasets/gold-v1-source-aware.json,dcd8d90081973b7b9a05ee6ef41623756a06232727f3718268945d71a207310a,659,train,9f60a031-0183-478c-a1f8-a3bdd37d7b0b,organizacion_consecuencias_republicanas,organizacion_consecuencias_republicanas,0.45090451836586,outputs/experiments/beto-u1/beto-lr2e5,4fea08ebf3da420a8ef1b04b151822b32c7f4869408335ab0c5885eb7945ef1f,74f80917f6b245d718c201d58e0d3599f2e4b3e0,037724b6b30ae3d8702261536423ee49cea1931d06a24cce76d8f6569d256733
artifacts/datasets/gold-v1-source-aware.json,dcd8d90081973b7b9a05ee6ef41623756a06232727f3718268945d71a207310a,660,test,4ca9c84a-627b-4027-8216-fdc07c506727,campanias_conflictos_militares,campanias_conflictos_militares,0.6947118043899536,outputs/experiments/beto-u1/beto-lr2e5,4fea08ebf3da420a8ef1b04b151822b32c7f4869408335ab0c5885eb7945ef1f,74f80917f6b245d718c201d58e0d3599f2e4b3e0,c1ed3c88109ae31edafb16375b06a0c718e17909d141e351026c50054f5f0c28
artifacts/datasets/gold-v1-source-aware.json,dcd8d90081973b7b9a05ee6ef41623756a06232727f3718268945d71a207310a,661,test,4ca9c84a-627b-4027-8216-fdc07c506727,no_relevante,no_relevante,0.7677908539772034,outputs/experiments/beto-u1/beto-lr2e5,4fea08ebf3da420a8ef1b04b151822b32c7f4869408335ab0c5885eb7945ef1f,74f80917f6b245d718c201d58e0d3599f2e4b3e0,9c9e85cb1cffa390bff77789e8b6f02cd74150262108ecfe0528f9e6d54d9f00
artifacts/datasets/gold-v1-source-aware.json,dcd8d90081973b7b9a05ee6ef41623756a06232727f3718268945d71a207310a,662,test,4ca9c84a-627b-4027-8216-fdc07c506727,organizacion_consecuencias_republicanas,campanias_conflictos_militares,0.224646657705307,outputs/experiments/beto-u1/beto-lr2e5,4fea08ebf3da420a8ef1b04b151822b32c7f4869408335ab0c5885eb7945ef1f,74f80917f6b245d718c201d58e0d3599f2e4b3e0,e617393c00657c0b8949194f8d75044a42d220b5704a52d964d29f4c92debfd8
artifacts/datasets/gold-v1-source-aware.json,dcd8d90081973b7b9a05ee6ef41623756a06232727f3718268945d71a207310a,663,train,9154f7f7-86c9-4bad-bcba-47eaf54b93e1,liderazgos_diplomacia_proyectos,organizacion_consecuencias_republicanas,0.3026803433895111,outputs/experiments/beto-u1/beto-lr2e5,4fea08ebf3da420a8ef1b04b151822b32c7f4869408335ab0c5885eb7945ef1f,74f80917f6b245d718c201d58e0d3599f2e4b3e0,a4f2067b37d5803b62b032e022bc8218e9558e8eb7c49ddf2b0a8ce350ff4cb0
artifacts/datasets/gold-v1-source-aware.json,dcd8d90081973b7b9a05ee6ef41623756a06232727f3718268945d71a207310a,664,train,9f60a031-0183-478c-a1f8-a3bdd37d7b0b,organizacion_consecuencias_republicanas,organizacion_consecuencias_republicanas,0.3185769021511078,outputs/experiments/beto-u1/beto-lr2e5,4fea08ebf3da420a8ef1b04b151822b32c7f4869408335ab0c5885eb7945ef1f,74f80917f6b245d718c201d58e0d3599f2e4b3e0,639ed10999aaf7629b3be53262d115a4937330eb59e4a38caafa9b11819e2a7e
artifacts/datasets/gold-v1-source-aware.json,dcd8d90081973b7b9a05ee6ef41623756a06232727f3718268945d71a207310a,665,test,4ca9c84a-627b-4027-8216-fdc07c506727,no_relevante,no_relevante,0.2782742977142334,outputs/experiments/beto-u1/beto-lr2e5,4fea08ebf3da420a8ef1b04b151822b32c7f4869408335ab0c5885eb7945ef1f,74f80917f6b245d718c201d58e0d3599f2e4b3e0,d0c5b4107b3aeff3d9c9b1269ad8acf72104de2dbf2103591a5d733a40ed2d74
artifacts/datasets/gold-v1-source-aware.json,dcd8d90081973b7b9a05ee6ef41623756a06232727f3718268945d71a207310a,666,test,4ca9c84a-627b-4027-8216-fdc07c506727,no_relevante,no_relevante,0.6497358679771423,outputs/experiments/beto-u1/beto-lr2e5,4fea08ebf3da420a8ef1b04b151822b32c7f4869408335ab0c5885eb7945ef1f,74f80917f6b245d718c201d58e0d3599f2e4b3e0,2ab1e15a7c60330f22c637c4bddd9bda25d61d37d1ea0f3a5b51db86eca0ed47
artifacts/datasets/gold-v1-source-aware.json,dcd8d90081973b7b9a05ee6ef41623756a06232727f3718268945d71a207310a,667,train,9154f7f7-86c9-4bad-bcba-47eaf54b93e1,participacion_social_regional,organizacion_consecuencias_republicanas,0.32458606362342834,outputs/experiments/beto-u1/beto-lr2e5,4fea08ebf3da420a8ef1b04b151822b32c7f4869408335ab0c5885eb7945ef1f,74f80917f6b245d718c201d58e0d3599f2e4b3e0,9bee838516a3d5f46ca3799ac163149b1c5b06e5f688c44c4d1c993eb5745327
artifacts/datasets/gold-v1-source-aware.json,dcd8d90081973b7b9a05ee6ef41623756a06232727f3718268945d71a207310a,668,test,4ca9c84a-627b-4027-8216-fdc07c506727,crisis_ideas_emancipadoras,participacion_social_regional,0.3285908102989197,outputs/experiments/beto-u1/beto-lr2e5,4fea08ebf3da420a8ef1b04b151822b32c7f4869408335ab0c5885eb7945ef1f,74f80917f6b245d718c201d58e0d3599f2e4b3e0,2ab9fea04290076e969d9effda53ca8bd8792670d7ef11e2f64ac3e38003916e
artifacts/datasets/gold-v1-source-aware.json,dcd8d90081973b7b9a05ee6ef41623756a06232727f3718268945d71a207310a,669,test,4ca9c84a-627b-4027-8216-fdc07c506727,campanias_conflictos_militares,campanias_conflictos_militares,0.5023765563964844,outputs/experiments/beto-u1/beto-lr2e5,4fea08ebf3da420a8ef1b04b151822b32c7f4869408335ab0c5885eb7945ef1f,74f80917f6b245d718c201d58e0d3599f2e4b3e0,3ef3763f57edeb654d8267f6872fa37ce5aa1e8e1b6d6157953b6accf9dbd179
artifacts/datasets/gold-v1-source-aware.json,dcd8d90081973b7b9a05ee6ef41623756a06232727f3718268945d71a207310a,670,test,4ca9c84a-627b-4027-8216-fdc07c506727,liderazgos_diplomacia_proyectos,liderazgos_diplomacia_proyectos,0.26257991790771484,outputs/experiments/beto-u1/beto-lr2e5,4fea08ebf3da420a8ef1b04b151822b32c7f4869408335ab0c5885eb7945ef1f,74f80917f6b245d718c201d58e0d3599f2e4b3e0,6390cf16d78968f8cc78c6aea45d1ddfa0826fc67a4dfba86e3e8e4eff10b547
artifacts/datasets/gold-v1-source-aware.json,dcd8d90081973b7b9a05ee6ef41623756a06232727f3718268945d71a207310a,671,test,4ca9c84a-627b-4027-8216-fdc07c506727,campanias_conflictos_militares,campanias_conflictos_militares,0.6467979550361633,outputs/experiments/beto-u1/beto-lr2e5,4fea08ebf3da420a8ef1b04b151822b32c7f4869408335ab0c5885eb7945ef1f,74f80917f6b245d718c201d58e0d3599f2e4b3e0,5487d90428281884788fef3dae2a30707180ba733fcd3a7a08d8ec865eb7111c
artifacts/datasets/gold-v1-source-aware.json,dcd8d90081973b7b9a05ee6ef41623756a06232727f3718268945d71a207310a,672,test,4ca9c84a-627b-4027-8216-fdc07c506727,liderazgos_diplomacia_proyectos,no_relevante,0.7347914576530457,outputs/experiments/beto-u1/beto-lr2e5,4fea08ebf3da420a8ef1b04b151822b32c7f4869408335ab0c5885eb7945ef1f,74f80917f6b245d718c201d58e0d3599f2e4b3e0,db1db61575720ade7a15bb1fc0f7b117a55a7c117bec15fd828e27f56c68f8ba
artifacts/datasets/gold-v1-source-aware.json,dcd8d90081973b7b9a05ee6ef41623756a06232727f3718268945d71a207310a,673,test,4ca9c84a-627b-4027-8216-fdc07c506727,participacion_social_regional,campanias_conflictos_militares,0.29224976897239685,outputs/experiments/beto-u1/beto-lr2e5,4fea08ebf3da420a8ef1b04b151822b32c7f4869408335ab0c5885eb7945ef1f,74f80917f6b245d718c201d58e0d3599f2e4b3e0,523148998befa9cfba30d4de937f321450f8208b8d8d504cb019cdc7d604c3b6
artifacts/datasets/gold-v1-source-aware.json,dcd8d90081973b7b9a05ee6ef41623756a06232727f3718268945d71a207310a,674,test,4ca9c84a-627b-4027-8216-fdc07c506727,liderazgos_diplomacia_proyectos,liderazgos_diplomacia_proyectos,0.27036961913108826,outputs/experiments/beto-u1/beto-lr2e5,4fea08ebf3da420a8ef1b04b151822b32c7f4869408335ab0c5885eb7945ef1f,74f80917f6b245d718c201d58e0d3599f2e4b3e0,108abe47a688282b22a10af46e5088ec069bb9addfd49a1c7e00261a77a84f59
artifacts/datasets/gold-v1-source-aware.json,dcd8d90081973b7b9a05ee6ef41623756a06232727f3718268945d71a207310a,675,test,4ca9c84a-627b-4027-8216-fdc07c506727,liderazgos_diplomacia_proyectos,campanias_conflictos_militares,0.33434826135635376,outputs/experiments/beto-u1/beto-lr2e5,4fea08ebf3da420a8ef1b04b151822b32c7f4869408335ab0c5885eb7945ef1f,74f80917f6b245d718c201d58e0d3599f2e4b3e0,d763d0134132f37e75fdcd9020a57f35d09054ea624396ff2cd3b4e0bf406718
artifacts/datasets/gold-v1-source-aware.json,dcd8d90081973b7b9a05ee6ef41623756a06232727f3718268945d71a207310a,676,test,4ca9c84a-627b-4027-8216-fdc07c506727,crisis_ideas_emancipadoras,participacion_social_regional,0.3827895224094391,outputs/experiments/beto-u1/beto-lr2e5,4fea08ebf3da420a8ef1b04b151822b32c7f4869408335ab0c5885eb7945ef1f,74f80917f6b245d718c201d58e0d3599f2e4b3e0,70cdc5964814fe2fd598c3575d450e21216fa37cfc15accfcd23cfc2adebad55
artifacts/datasets/gold-v1-source-aware.json,dcd8d90081973b7b9a05ee6ef41623756a06232727f3718268945d71a207310a,677,test,4ca9c84a-627b-4027-8216-fdc07c506727,campanias_conflictos_militares,campanias_conflictos_militares,0.4028204083442688,outputs/experiments/beto-u1/beto-lr2e5,4fea08ebf3da420a8ef1b04b151822b32c7f4869408335ab0c5885eb7945ef1f,74f80917f6b245d718c201d58e0d3599f2e4b3e0,e74fb9df559059f0e6f7fe5649c6fc03d27bd7d4067c107b445f222e13de8e52
artifacts/datasets/gold-v1-source-aware.json,dcd8d90081973b7b9a05ee6ef41623756a06232727f3718268945d71a207310a,678,test,4ca9c84a-627b-4027-8216-fdc07c506727,liderazgos_diplomacia_proyectos,participacion_social_regional,0.29185986518859863,outputs/experiments/beto-u1/beto-lr2e5,4fea08ebf3da420a8ef1b04b151822b32c7f4869408335ab0c5885eb7945ef1f,74f80917f6b245d718c201d58e0d3599f2e4b3e0,7894a7bdee63908f9586c8aa13791902d1347fd5dc57b6db3ca865eb87c7a619
artifacts/datasets/gold-v1-source-aware.json,dcd8d90081973b7b9a05ee6ef41623756a06232727f3718268945d71a207310a,679,test,4ca9c84a-627b-4027-8216-fdc07c506727,campanias_conflictos_militares,campanias_conflictos_militares,0.5627753138542175,outputs/experiments/beto-u1/beto-lr2e5,4fea08ebf3da420a8ef1b04b151822b32c7f4869408335ab0c5885eb7945ef1f,74f80917f6b245d718c201d58e0d3599f2e4b3e0,797767c23aea1eb1b3c5233c23f1727775bf87851809c134a3896ed19f453a62
artifacts/datasets/gold-v1-source-aware.json,dcd8d90081973b7b9a05ee6ef41623756a06232727f3718268945d71a207310a,680,test,4ca9c84a-627b-4027-8216-fdc07c506727,liderazgos_diplomacia_proyectos,participacion_social_regional,0.28934457898139954,outputs/experiments/beto-u1/beto-lr2e5,4fea08ebf3da420a8ef1b04b151822b32c7f4869408335ab0c5885eb7945ef1f,74f80917f6b245d718c201d58e0d3599f2e4b3e0,181cad12d7e473dae6f2e5bd36b9a9b21e3979e32a670b7fadffcc199b11d89b
artifacts/datasets/gold-v1-source-aware.json,dcd8d90081973b7b9a05ee6ef41623756a06232727f3718268945d71a207310a,681,test,4ca9c84a-627b-4027-8216-fdc07c506727,no_relevante,no_relevante,0.7985386848449707,outputs/experiments/beto-u1/beto-lr2e5,4fea08ebf3da420a8ef1b04b151822b32c7f4869408335ab0c5885eb7945ef1f,74f80917f6b245d718c201d58e0d3599f2e4b3e0,c95b7050d81f4d0570476cce9d7977de8f51f33540a79d2ee46b8db338e46879
artifacts/datasets/gold-v1-source-aware.json,dcd8d90081973b7b9a05ee6ef41623756a06232727f3718268945d71a207310a,682,test,4ca9c84a-627b-4027-8216-fdc07c506727,liderazgos_diplomacia_proyectos,liderazgos_diplomacia_proyectos,0.348290354013443,outputs/experiments/beto-u1/beto-lr2e5,4fea08ebf3da420a8ef1b04b151822b32c7f4869408335ab0c5885eb7945ef1f,74f80917f6b245d718c201d58e0d3599f2e4b3e0,cc8552794144b7039b81f03114f652eb001877225a1d3eab22cbb5cccda2ff66
artifacts/datasets/gold-v1-source-aware.json,dcd8d90081973b7b9a05ee6ef41623756a06232727f3718268945d71a207310a,683,test,4ca9c84a-627b-4027-8216-fdc07c506727,organizacion_consecuencias_republicanas,campanias_conflictos_militares,0.6358159184455872,outputs/experiments/beto-u1/beto-lr2e5,4fea08ebf3da420a8ef1b04b151822b32c7f4869408335ab0c5885eb7945ef1f,74f80917f6b245d718c201d58e0d3599f2e4b3e0,17bb9bf141bd56e73a413d84c61467bcd142c6047d56be2491406269c5b23906
artifacts/datasets/gold-v1-source-aware.json,dcd8d90081973b7b9a05ee6ef41623756a06232727f3718268945d71a207310a,684,test,4ca9c84a-627b-4027-8216-fdc07c506727,crisis_ideas_emancipadoras,participacion_social_regional,0.49227532744407654,outputs/experiments/beto-u1/beto-lr2e5,4fea08ebf3da420a8ef1b04b151822b32c7f4869408335ab0c5885eb7945ef1f,74f80917f6b245d718c201d58e0d3599f2e4b3e0,f7ecfa8e9ca3aecd7f7f3197885988393f7b3832e620c92821136476b03fe3e3
artifacts/datasets/gold-v1-source-aware.json,dcd8d90081973b7b9a05ee6ef41623756a06232727f3718268945d71a207310a,685,test,4ca9c84a-627b-4027-8216-fdc07c506727,no_relevante,no_relevante,0.8341853022575378,outputs/experiments/beto-u1/beto-lr2e5,4fea08ebf3da420a8ef1b04b151822b32c7f4869408335ab0c5885eb7945ef1f,74f80917f6b245d718c201d58e0d3599f2e4b3e0,0e3c873c97d8894d54868f390fbb11114b4c855e1b30ece6443ec5a26395d210
artifacts/datasets/gold-v1-source-aware.json,dcd8d90081973b7b9a05ee6ef41623756a06232727f3718268945d71a207310a,686,test,4ca9c84a-627b-4027-8216-fdc07c506727,no_relevante,no_relevante,0.8184777498245239,outputs/experiments/beto-u1/beto-lr2e5,4fea08ebf3da420a8ef1b04b151822b32c7f4869408335ab0c5885eb7945ef1f,74f80917f6b245d718c201d58e0d3599f2e4b3e0,ec6339eed34713076958c7a3f82e2bda6bf1736fd81fc21142d3cf427c12dd9d
artifacts/datasets/gold-v1-source-aware.json,dcd8d90081973b7b9a05ee6ef41623756a06232727f3718268945d71a207310a,687,train,514f190e-5d01-497a-a6ef-648601cd8bdb,crisis_ideas_emancipadoras,crisis_ideas_emancipadoras,0.48802992701530457,outputs/experiments/beto-u1/beto-lr2e5,4fea08ebf3da420a8ef1b04b151822b32c7f4869408335ab0c5885eb7945ef1f,74f80917f6b245d718c201d58e0d3599f2e4b3e0,2ef457617b4e1e753d972a27f0ac0470762bc19509b6360ec9e6563fe1ec1d11
artifacts/datasets/gold-v1-source-aware.json,dcd8d90081973b7b9a05ee6ef41623756a06232727f3718268945d71a207310a,688,train,514f190e-5d01-497a-a6ef-648601cd8bdb,participacion_social_regional,crisis_ideas_emancipadoras,0.4703991413116455,outputs/experiments/beto-u1/beto-lr2e5,4fea08ebf3da420a8ef1b04b151822b32c7f4869408335ab0c5885eb7945ef1f,74f80917f6b245d718c201d58e0d3599f2e4b3e0,1c81ff55043f907e658c2c055f78f02e54aa0c9d3d6f1367d2f1841a28d9b21f
artifacts/datasets/gold-v1-source-aware.json,dcd8d90081973b7b9a05ee6ef41623756a06232727f3718268945d71a207310a,689,train,514f190e-5d01-497a-a6ef-648601cd8bdb,no_relevante,no_relevante,0.7234110236167908,outputs/experiments/beto-u1/beto-lr2e5,4fea08ebf3da420a8ef1b04b151822b32c7f4869408335ab0c5885eb7945ef1f,74f80917f6b245d718c201d58e0d3599f2e4b3e0,9c414c7b55033c840d7263b7a3569b45b8c97a418a5c790a1057699b91b41eed
artifacts/datasets/gold-v1-source-aware.json,dcd8d90081973b7b9a05ee6ef41623756a06232727f3718268945d71a207310a,690,train,514f190e-5d01-497a-a6ef-648601cd8bdb,no_relevante,no_relevante,0.3907432556152344,outputs/experiments/beto-u1/beto-lr2e5,4fea08ebf3da420a8ef1b04b151822b32c7f4869408335ab0c5885eb7945ef1f,74f80917f6b245d718c201d58e0d3599f2e4b3e0,f6b9d3e3a7be620830619c37c59a3f23e10ea321c50a24399d454f8b8346c62c
artifacts/datasets/gold-v1-source-aware.json,dcd8d90081973b7b9a05ee6ef41623756a06232727f3718268945d71a207310a,691,train,514f190e-5d01-497a-a6ef-648601cd8bdb,liderazgos_diplomacia_proyectos,liderazgos_diplomacia_proyectos,0.3688122034072876,outputs/experiments/beto-u1/beto-lr2e5,4fea08ebf3da420a8ef1b04b151822b32c7f4869408335ab0c5885eb7945ef1f,74f80917f6b245d718c201d58e0d3599f2e4b3e0,877f4e808e36e0918185e1c7771dd15d1762f195c78a54f85409c7b1fca58394
artifacts/datasets/gold-v1-source-aware.json,dcd8d90081973b7b9a05ee6ef41623756a06232727f3718268945d71a207310a,692,train,514f190e-5d01-497a-a6ef-648601cd8bdb,liderazgos_diplomacia_proyectos,crisis_ideas_emancipadoras,0.3512832820415497,outputs/experiments/beto-u1/beto-lr2e5,4fea08ebf3da420a8ef1b04b151822b32c7f4869408335ab0c5885eb7945ef1f,74f80917f6b245d718c201d58e0d3599f2e4b3e0,0493e8e65ca12424f01f75a83f5b20e7269aef457ed39a1112189b2c9094ad0d
artifacts/datasets/gold-v1-source-aware.json,dcd8d90081973b7b9a05ee6ef41623756a06232727f3718268945d71a207310a,693,train,514f190e-5d01-497a-a6ef-648601cd8bdb,no_relevante,no_relevante,0.45370927453041077,outputs/experiments/beto-u1/beto-lr2e5,4fea08ebf3da420a8ef1b04b151822b32c7f4869408335ab0c5885eb7945ef1f,74f80917f6b245d718c201d58e0d3599f2e4b3e0,b250b85cbf611ddf944c9d8c0284d672aea8c11a51157a8281c7d8c4a6fd01ea
artifacts/datasets/gold-v1-source-aware.json,dcd8d90081973b7b9a05ee6ef41623756a06232727f3718268945d71a207310a,694,train,514f190e-5d01-497a-a6ef-648601cd8bdb,no_relevante,no_relevante,0.631513774394989,outputs/experiments/beto-u1/beto-lr2e5,4fea08ebf3da420a8ef1b04b151822b32c7f4869408335ab0c5885eb7945ef1f,74f80917f6b245d718c201d58e0d3599f2e4b3e0,d5573274994a49581694c093bbea023916f97b1db02eb6a2963666a9bf6876a3
artifacts/datasets/gold-v1-source-aware.json,dcd8d90081973b7b9a05ee6ef41623756a06232727f3718268945d71a207310a,695,train,514f190e-5d01-497a-a6ef-648601cd8bdb,liderazgos_diplomacia_proyectos,crisis_ideas_emancipadoras,0.31156936287879944,outputs/experiments/beto-u1/beto-lr2e5,4fea08ebf3da420a8ef1b04b151822b32c7f4869408335ab0c5885eb7945ef1f,74f80917f6b245d718c201d58e0d3599f2e4b3e0,75f68ad0c715be4827e5a2453c6f020596660b99d3105d514c6cda04e819cf01
artifacts/datasets/gold-v1-source-aware.json,dcd8d90081973b7b9a05ee6ef41623756a06232727f3718268945d71a207310a,696,train,514f190e-5d01-497a-a6ef-648601cd8bdb,organizacion_consecuencias_republicanas,liderazgos_diplomacia_proyectos,0.42711880803108215,outputs/experiments/beto-u1/beto-lr2e5,4fea08ebf3da420a8ef1b04b151822b32c7f4869408335ab0c5885eb7945ef1f,74f80917f6b245d718c201d58e0d3599f2e4b3e0,3441ea4a8e08fcc0a958cafd606b905f675105c6f42856e5073f0ae401c5c94f
artifacts/datasets/gold-v1-source-aware.json,dcd8d90081973b7b9a05ee6ef41623756a06232727f3718268945d71a207310a,697,train,514f190e-5d01-497a-a6ef-648601cd8bdb,no_relevante,no_relevante,0.41930603981018066,outputs/experiments/beto-u1/beto-lr2e5,4fea08ebf3da420a8ef1b04b151822b32c7f4869408335ab0c5885eb7945ef1f,74f80917f6b245d718c201d58e0d3599f2e4b3e0,6079e26368ba7c5201beafedc2f94a8e1d995000197cb44076865c8f87a073c2
artifacts/datasets/gold-v1-source-aware.json,dcd8d90081973b7b9a05ee6ef41623756a06232727f3718268945d71a207310a,698,train,514f190e-5d01-497a-a6ef-648601cd8bdb,participacion_social_regional,no_relevante,0.4242015779018402,outputs/experiments/beto-u1/beto-lr2e5,4fea08ebf3da420a8ef1b04b151822b32c7f4869408335ab0c5885eb7945ef1f,74f80917f6b245d718c201d58e0d3599f2e4b3e0,3ecffd155fe705445be6396a6bc2876fad44da09c31f8f687fa0b403c4219c4d
artifacts/datasets/gold-v1-source-aware.json,dcd8d90081973b7b9a05ee6ef41623756a06232727f3718268945d71a207310a,699,train,514f190e-5d01-497a-a6ef-648601cd8bdb,crisis_ideas_emancipadoras,crisis_ideas_emancipadoras,0.43772727251052856,outputs/experiments/beto-u1/beto-lr2e5,4fea08ebf3da420a8ef1b04b151822b32c7f4869408335ab0c5885eb7945ef1f,74f80917f6b245d718c201d58e0d3599f2e4b3e0,5076619bd0cab769f63cca46249d0c653d1488d2654e80b5455b3585db126c8d
artifacts/datasets/gold-v1-source-aware.json,dcd8d90081973b7b9a05ee6ef41623756a06232727f3718268945d71a207310a,700,train,514f190e-5d01-497a-a6ef-648601cd8bdb,liderazgos_diplomacia_proyectos,liderazgos_diplomacia_proyectos,0.36237433552742004,outputs/experiments/beto-u1/beto-lr2e5,4fea08ebf3da420a8ef1b04b151822b32c7f4869408335ab0c5885eb7945ef1f,74f80917f6b245d718c201d58e0d3599f2e4b3e0,a1fc3613532731f33d73f071c9fc2672a85f19c6daf76bb85262e5bcb9cfeacd
artifacts/datasets/gold-v1-source-aware.json,dcd8d90081973b7b9a05ee6ef41623756a06232727f3718268945d71a207310a,701,train,514f190e-5d01-497a-a6ef-648601cd8bdb,organizacion_consecuencias_republicanas,crisis_ideas_emancipadoras,0.39868009090423584,outputs/experiments/beto-u1/beto-lr2e5,4fea08ebf3da420a8ef1b04b151822b32c7f4869408335ab0c5885eb7945ef1f,74f80917f6b245d718c201d58e0d3599f2e4b3e0,82b5b3647f86b80392c9b2af3212fdc40ab135eda862d36a611278863e6783ce
artifacts/datasets/gold-v1-source-aware.json,dcd8d90081973b7b9a05ee6ef41623756a06232727f3718268945d71a207310a,702,train,514f190e-5d01-497a-a6ef-648601cd8bdb,crisis_ideas_emancipadoras,crisis_ideas_emancipadoras,0.5035224556922913,outputs/experiments/beto-u1/beto-lr2e5,4fea08ebf3da420a8ef1b04b151822b32c7f4869408335ab0c5885eb7945ef1f,74f80917f6b245d718c201d58e0d3599f2e4b3e0,58dd5b429f0449ea1561c7a5c02cab0b04b04061b3601f4432bc25af6b58fd18
artifacts/datasets/gold-v1-source-aware.json,dcd8d90081973b7b9a05ee6ef41623756a06232727f3718268945d71a207310a,703,train,514f190e-5d01-497a-a6ef-648601cd8bdb,liderazgos_diplomacia_proyectos,liderazgos_diplomacia_proyectos,0.3686951696872711,outputs/experiments/beto-u1/beto-lr2e5,4fea08ebf3da420a8ef1b04b151822b32c7f4869408335ab0c5885eb7945ef1f,74f80917f6b245d718c201d58e0d3599f2e4b3e0,9d4a0be7f66993d86e641b3941c90c0120ac534d6bff377882e97ec23fb1e59a
artifacts/datasets/gold-v1-source-aware.json,dcd8d90081973b7b9a05ee6ef41623756a06232727f3718268945d71a207310a,704,train,514f190e-5d01-497a-a6ef-648601cd8bdb,no_relevante,no_relevante,0.42611828446388245,outputs/experiments/beto-u1/beto-lr2e5,4fea08ebf3da420a8ef1b04b151822b32c7f4869408335ab0c5885eb7945ef1f,74f80917f6b245d718c201d58e0d3599f2e4b3e0,1296a3f9d69357e4ef6f554865f470713dbacc37e3c4aaf59a1712009a36f8a2
artifacts/datasets/gold-v1-source-aware.json,dcd8d90081973b7b9a05ee6ef41623756a06232727f3718268945d71a207310a,705,train,514f190e-5d01-497a-a6ef-648601cd8bdb,crisis_ideas_emancipadoras,no_relevante,0.3787386417388916,outputs/experiments/beto-u1/beto-lr2e5,4fea08ebf3da420a8ef1b04b151822b32c7f4869408335ab0c5885eb7945ef1f,74f80917f6b245d718c201d58e0d3599f2e4b3e0,73a3291234a22d764eaa59691733014ca92ede3fbebe9801aa65847e35938110
artifacts/datasets/gold-v1-source-aware.json,dcd8d90081973b7b9a05ee6ef41623756a06232727f3718268945d71a207310a,706,train,514f190e-5d01-497a-a6ef-648601cd8bdb,liderazgos_diplomacia_proyectos,no_relevante,0.35380101203918457,outputs/experiments/beto-u1/beto-lr2e5,4fea08ebf3da420a8ef1b04b151822b32c7f4869408335ab0c5885eb7945ef1f,74f80917f6b245d718c201d58e0d3599f2e4b3e0,0695fd6ece5a4972e3496a82d2b9dde68d08795331dbaa2743f9aef2375f0985
artifacts/datasets/gold-v1-source-aware.json,dcd8d90081973b7b9a05ee6ef41623756a06232727f3718268945d71a207310a,707,train,514f190e-5d01-497a-a6ef-648601cd8bdb,no_relevante,no_relevante,0.5588634610176086,outputs/experiments/beto-u1/beto-lr2e5,4fea08ebf3da420a8ef1b04b151822b32c7f4869408335ab0c5885eb7945ef1f,74f80917f6b245d718c201d58e0d3599f2e4b3e0,08bb77d1077ca754d312135bf70270abdbd7df8125b4c46600ea228d2f617fb4
artifacts/datasets/gold-v1-source-aware.json,dcd8d90081973b7b9a05ee6ef41623756a06232727f3718268945d71a207310a,708,train,514f190e-5d01-497a-a6ef-648601cd8bdb,campanias_conflictos_militares,no_relevante,0.5991321802139282,outputs/experiments/beto-u1/beto-lr2e5,4fea08ebf3da420a8ef1b04b151822b32c7f4869408335ab0c5885eb7945ef1f,74f80917f6b245d718c201d58e0d3599f2e4b3e0,069195201b04654f0641e063fc2f3603db48d3d73d469bdf3cefbc08c7a320fb
artifacts/datasets/gold-v1-source-aware.json,dcd8d90081973b7b9a05ee6ef41623756a06232727f3718268945d71a207310a,709,train,514f190e-5d01-497a-a6ef-648601cd8bdb,liderazgos_diplomacia_proyectos,liderazgos_diplomacia_proyectos,0.334991991519928,outputs/experiments/beto-u1/beto-lr2e5,4fea08ebf3da420a8ef1b04b151822b32c7f4869408335ab0c5885eb7945ef1f,74f80917f6b245d718c201d58e0d3599f2e4b3e0,ef6198dfbb8dcf9019dcb6c513b8a41f1e7925b8357169babf84e9e73e273878
artifacts/datasets/gold-v1-source-aware.json,dcd8d90081973b7b9a05ee6ef41623756a06232727f3718268945d71a207310a,710,train,514f190e-5d01-497a-a6ef-648601cd8bdb,no_relevante,no_relevante,0.572968065738678,outputs/experiments/beto-u1/beto-lr2e5,4fea08ebf3da420a8ef1b04b151822b32c7f4869408335ab0c5885eb7945ef1f,74f80917f6b245d718c201d58e0d3599f2e4b3e0,fc9608b9fd961149bdd1a4f7e6da069477fd1ee8aeb1d1bad52e6b90d9d4a352
artifacts/datasets/gold-v1-source-aware.json,dcd8d90081973b7b9a05ee6ef41623756a06232727f3718268945d71a207310a,711,train,514f190e-5d01-497a-a6ef-648601cd8bdb,liderazgos_diplomacia_proyectos,liderazgos_diplomacia_proyectos,0.41095924377441406,outputs/experiments/beto-u1/beto-lr2e5,4fea08ebf3da420a8ef1b04b151822b32c7f4869408335ab0c5885eb7945ef1f,74f80917f6b245d718c201d58e0d3599f2e4b3e0,d294568bbc0f0f1298e43495ad25c24c264230714f8e613d8a095646c57d1a09
artifacts/datasets/gold-v1-source-aware.json,dcd8d90081973b7b9a05ee6ef41623756a06232727f3718268945d71a207310a,712,train,514f190e-5d01-497a-a6ef-648601cd8bdb,no_relevante,no_relevante,0.38169318437576294,outputs/experiments/beto-u1/beto-lr2e5,4fea08ebf3da420a8ef1b04b151822b32c7f4869408335ab0c5885eb7945ef1f,74f80917f6b245d718c201d58e0d3599f2e4b3e0,803905df83b3d01a8f73111750ac8e3854a9956acff91380bb34d64f4349cec4
artifacts/datasets/gold-v1-source-aware.json,dcd8d90081973b7b9a05ee6ef41623756a06232727f3718268945d71a207310a,713,train,514f190e-5d01-497a-a6ef-648601cd8bdb,crisis_ideas_emancipadoras,crisis_ideas_emancipadoras,0.4796678125858307,outputs/experiments/beto-u1/beto-lr2e5,4fea08ebf3da420a8ef1b04b151822b32c7f4869408335ab0c5885eb7945ef1f,74f80917f6b245d718c201d58e0d3599f2e4b3e0,c7e118af7c3ca57dd59e56551f4e7f1be1b9f7ff8630e010f1170aa9f84e40a3
artifacts/datasets/gold-v1-source-aware.json,dcd8d90081973b7b9a05ee6ef41623756a06232727f3718268945d71a207310a,714,train,514f190e-5d01-497a-a6ef-648601cd8bdb,crisis_ideas_emancipadoras,crisis_ideas_emancipadoras,0.37525880336761475,outputs/experiments/beto-u1/beto-lr2e5,4fea08ebf3da420a8ef1b04b151822b32c7f4869408335ab0c5885eb7945ef1f,74f80917f6b245d718c201d58e0d3599f2e4b3e0,05ff40609aa9c6e5713c2efa4d3ccbc1f203ed4f7bc9dedd1296eddf3b703400
artifacts/datasets/gold-v1-source-aware.json,dcd8d90081973b7b9a05ee6ef41623756a06232727f3718268945d71a207310a,715,train,514f190e-5d01-497a-a6ef-648601cd8bdb,no_relevante,crisis_ideas_emancipadoras,0.4726918935775757,outputs/experiments/beto-u1/beto-lr2e5,4fea08ebf3da420a8ef1b04b151822b32c7f4869408335ab0c5885eb7945ef1f,74f80917f6b245d718c201d58e0d3599f2e4b3e0,332976ec8dba0895bb898772eaa640fc91f2a6f200ca4cccf7499011e198d43b
artifacts/datasets/gold-v1-source-aware.json,dcd8d90081973b7b9a05ee6ef41623756a06232727f3718268945d71a207310a,716,train,514f190e-5d01-497a-a6ef-648601cd8bdb,no_relevante,no_relevante,0.48084360361099243,outputs/experiments/beto-u1/beto-lr2e5,4fea08ebf3da420a8ef1b04b151822b32c7f4869408335ab0c5885eb7945ef1f,74f80917f6b245d718c201d58e0d3599f2e4b3e0,b9c5ff2951e7c060a386c33d4863f39571b41f17f4492b646f189db0a5cb2393
artifacts/datasets/gold-v1-source-aware.json,dcd8d90081973b7b9a05ee6ef41623756a06232727f3718268945d71a207310a,717,train,514f190e-5d01-497a-a6ef-648601cd8bdb,liderazgos_diplomacia_proyectos,liderazgos_diplomacia_proyectos,0.3183109164237976,outputs/experiments/beto-u1/beto-lr2e5,4fea08ebf3da420a8ef1b04b151822b32c7f4869408335ab0c5885eb7945ef1f,74f80917f6b245d718c201d58e0d3599f2e4b3e0,c710f7e9964a38c37571b29aa6ab15320df4b1ca7d1badec86c9ff004579fa34
artifacts/datasets/gold-v1-source-aware.json,dcd8d90081973b7b9a05ee6ef41623756a06232727f3718268945d71a207310a,718,train,747ca90f-92fc-4d19-aec4-6dfc34c2917e,campanias_conflictos_militares,campanias_conflictos_militares,0.7833147644996643,outputs/experiments/beto-u1/beto-lr2e5,4fea08ebf3da420a8ef1b04b151822b32c7f4869408335ab0c5885eb7945ef1f,74f80917f6b245d718c201d58e0d3599f2e4b3e0,e31114f5a9f3957a63cd16ba9b4a21828404914652964d9096979082318f3a66
artifacts/datasets/gold-v1-source-aware.json,dcd8d90081973b7b9a05ee6ef41623756a06232727f3718268945d71a207310a,719,train,747ca90f-92fc-4d19-aec4-6dfc34c2917e,campanias_conflictos_militares,campanias_conflictos_militares,0.8008689880371094,outputs/experiments/beto-u1/beto-lr2e5,4fea08ebf3da420a8ef1b04b151822b32c7f4869408335ab0c5885eb7945ef1f,74f80917f6b245d718c201d58e0d3599f2e4b3e0,49cc135666d3a86d6948e4a39dd21d126786786552d957f67d1a22778f4c3db2
artifacts/datasets/gold-v1-source-aware.json,dcd8d90081973b7b9a05ee6ef41623756a06232727f3718268945d71a207310a,720,train,747ca90f-92fc-4d19-aec4-6dfc34c2917e,contexto_colonial_antecedentes,contexto_colonial_antecedentes,0.41727110743522644,outputs/experiments/beto-u1/beto-lr2e5,4fea08ebf3da420a8ef1b04b151822b32c7f4869408335ab0c5885eb7945ef1f,74f80917f6b245d718c201d58e0d3599f2e4b3e0,d477d9f44e7775f53ce31a33819af968d979e2616499f875b5f9607d9a4db562
artifacts/datasets/gold-v1-source-aware.json,dcd8d90081973b7b9a05ee6ef41623756a06232727f3718268945d71a207310a,721,train,747ca90f-92fc-4d19-aec4-6dfc34c2917e,crisis_ideas_emancipadoras,campanias_conflictos_militares,0.2621265947818756,outputs/experiments/beto-u1/beto-lr2e5,4fea08ebf3da420a8ef1b04b151822b32c7f4869408335ab0c5885eb7945ef1f,74f80917f6b245d718c201d58e0d3599f2e4b3e0,a090b333c55d2c69742296c90e7c492fa09812cecb61b7592d43fd0911f596a0
artifacts/datasets/gold-v1-source-aware.json,dcd8d90081973b7b9a05ee6ef41623756a06232727f3718268945d71a207310a,722,train,747ca90f-92fc-4d19-aec4-6dfc34c2917e,campanias_conflictos_militares,campanias_conflictos_militares,0.5881055593490601,outputs/experiments/beto-u1/beto-lr2e5,4fea08ebf3da420a8ef1b04b151822b32c7f4869408335ab0c5885eb7945ef1f,74f80917f6b245d718c201d58e0d3599f2e4b3e0,4eb3819b2d9b7785c535d2a5f2d0df726a82c203e69da8f8c4764662da956982
artifacts/datasets/gold-v1-source-aware.json,dcd8d90081973b7b9a05ee6ef41623756a06232727f3718268945d71a207310a,723,train,747ca90f-92fc-4d19-aec4-6dfc34c2917e,organizacion_consecuencias_republicanas,organizacion_consecuencias_republicanas,0.35008296370506287,outputs/experiments/beto-u1/beto-lr2e5,4fea08ebf3da420a8ef1b04b151822b32c7f4869408335ab0c5885eb7945ef1f,74f80917f6b245d718c201d58e0d3599f2e4b3e0,e938246950026004bd92582bbb66bde32457138fc76a69b786db28488af5dad8
artifacts/datasets/gold-v1-source-aware.json,dcd8d90081973b7b9a05ee6ef41623756a06232727f3718268945d71a207310a,724,train,747ca90f-92fc-4d19-aec4-6dfc34c2917e,liderazgos_diplomacia_proyectos,liderazgos_diplomacia_proyectos,0.3955877423286438,outputs/experiments/beto-u1/beto-lr2e5,4fea08ebf3da420a8ef1b04b151822b32c7f4869408335ab0c5885eb7945ef1f,74f80917f6b245d718c201d58e0d3599f2e4b3e0,93a9046037e6cec32f5089eeaf9293921eb079d052cb1128782b0ba10b12d147
artifacts/datasets/gold-v1-source-aware.json,dcd8d90081973b7b9a05ee6ef41623756a06232727f3718268945d71a207310a,725,train,747ca90f-92fc-4d19-aec4-6dfc34c2917e,liderazgos_diplomacia_proyectos,campanias_conflictos_militares,0.3751717507839203,outputs/experiments/beto-u1/beto-lr2e5,4fea08ebf3da420a8ef1b04b151822b32c7f4869408335ab0c5885eb7945ef1f,74f80917f6b245d718c201d58e0d3599f2e4b3e0,dcf766f162d740e72d4bc1dbe4fca484563112f97d0e0e30b9c4afdd1a6b01c7
artifacts/datasets/gold-v1-source-aware.json,dcd8d90081973b7b9a05ee6ef41623756a06232727f3718268945d71a207310a,726,train,747ca90f-92fc-4d19-aec4-6dfc34c2917e,campanias_conflictos_militares,campanias_conflictos_militares,0.7799946665763855,outputs/experiments/beto-u1/beto-lr2e5,4fea08ebf3da420a8ef1b04b151822b32c7f4869408335ab0c5885eb7945ef1f,74f80917f6b245d718c201d58e0d3599f2e4b3e0,9ef4bf50eb1ef10b1c7375660c1603ddc8e9ba76647913f78146b61bd39c4b30
artifacts/datasets/gold-v1-source-aware.json,dcd8d90081973b7b9a05ee6ef41623756a06232727f3718268945d71a207310a,727,train,747ca90f-92fc-4d19-aec4-6dfc34c2917e,liderazgos_diplomacia_proyectos,liderazgos_diplomacia_proyectos,0.43506544828414917,outputs/experiments/beto-u1/beto-lr2e5,4fea08ebf3da420a8ef1b04b151822b32c7f4869408335ab0c5885eb7945ef1f,74f80917f6b245d718c201d58e0d3599f2e4b3e0,4fd736be5fe0e858409536e439dd788637e60fb52aac7ba8aaa9c82dfa56fcaf
artifacts/datasets/gold-v1-source-aware.json,dcd8d90081973b7b9a05ee6ef41623756a06232727f3718268945d71a207310a,728,train,747ca90f-92fc-4d19-aec4-6dfc34c2917e,contexto_colonial_antecedentes,contexto_colonial_antecedentes,0.36833319067955017,outputs/experiments/beto-u1/beto-lr2e5,4fea08ebf3da420a8ef1b04b151822b32c7f4869408335ab0c5885eb7945ef1f,74f80917f6b245d718c201d58e0d3599f2e4b3e0,82da6205ff94a2c3eb5a931628b791a5a30d2186fb42888cdee320ede06ef6d5
artifacts/datasets/gold-v1-source-aware.json,dcd8d90081973b7b9a05ee6ef41623756a06232727f3718268945d71a207310a,729,train,747ca90f-92fc-4d19-aec4-6dfc34c2917e,organizacion_consecuencias_republicanas,organizacion_consecuencias_republicanas,0.47519028186798096,outputs/experiments/beto-u1/beto-lr2e5,4fea08ebf3da420a8ef1b04b151822b32c7f4869408335ab0c5885eb7945ef1f,74f80917f6b245d718c201d58e0d3599f2e4b3e0,c5dce1654ea687b8a556821744fa5916b0aa7be66aa15ea3d707cff6f9306e0a
artifacts/datasets/gold-v1-source-aware.json,dcd8d90081973b7b9a05ee6ef41623756a06232727f3718268945d71a207310a,730,train,747ca90f-92fc-4d19-aec4-6dfc34c2917e,organizacion_consecuencias_republicanas,organizacion_consecuencias_republicanas,0.47468438744544983,outputs/experiments/beto-u1/beto-lr2e5,4fea08ebf3da420a8ef1b04b151822b32c7f4869408335ab0c5885eb7945ef1f,74f80917f6b245d718c201d58e0d3599f2e4b3e0,2f92fcae870bfb63a84ff8aa94228631ef9c07d425f9e56d0a4f3825bc5e2405
artifacts/datasets/gold-v1-source-aware.json,dcd8d90081973b7b9a05ee6ef41623756a06232727f3718268945d71a207310a,731,train,747ca90f-92fc-4d19-aec4-6dfc34c2917e,contexto_colonial_antecedentes,contexto_colonial_antecedentes,0.3656879663467407,outputs/experiments/beto-u1/beto-lr2e5,4fea08ebf3da420a8ef1b04b151822b32c7f4869408335ab0c5885eb7945ef1f,74f80917f6b245d718c201d58e0d3599f2e4b3e0,c1773b563b507e628292ed67f5002766f2cec3cd5551c101819a7c7f620005de
artifacts/datasets/gold-v1-source-aware.json,dcd8d90081973b7b9a05ee6ef41623756a06232727f3718268945d71a207310a,732,train,747ca90f-92fc-4d19-aec4-6dfc34c2917e,organizacion_consecuencias_republicanas,organizacion_consecuencias_republicanas,0.38826313614845276,outputs/experiments/beto-u1/beto-lr2e5,4fea08ebf3da420a8ef1b04b151822b32c7f4869408335ab0c5885eb7945ef1f,74f80917f6b245d718c201d58e0d3599f2e4b3e0,7861dd7c904dfbec63b6882cbb1002e74c3a8e2c16e1f4b9b17184f941a748fd
artifacts/datasets/gold-v1-source-aware.json,dcd8d90081973b7b9a05ee6ef41623756a06232727f3718268945d71a207310a,733,train,747ca90f-92fc-4d19-aec4-6dfc34c2917e,organizacion_consecuencias_republicanas,organizacion_consecuencias_republicanas,0.3436512351036072,outputs/experiments/beto-u1/beto-lr2e5,4fea08ebf3da420a8ef1b04b151822b32c7f4869408335ab0c5885eb7945ef1f,74f80917f6b245d718c201d58e0d3599f2e4b3e0,d5cc23ec7f16eabaac9af833d3ef71c46455deae3e89cdb2fdfd4622c3007c7c
artifacts/datasets/gold-v1-source-aware.json,dcd8d90081973b7b9a05ee6ef41623756a06232727f3718268945d71a207310a,734,train,747ca90f-92fc-4d19-aec4-6dfc34c2917e,contexto_colonial_antecedentes,contexto_colonial_antecedentes,0.390225887298584,outputs/experiments/beto-u1/beto-lr2e5,4fea08ebf3da420a8ef1b04b151822b32c7f4869408335ab0c5885eb7945ef1f,74f80917f6b245d718c201d58e0d3599f2e4b3e0,54d17899fe580a8b154debf9931bd86ae162b551be4b831bce3f3238a37bdeca
artifacts/datasets/gold-v1-source-aware.json,dcd8d90081973b7b9a05ee6ef41623756a06232727f3718268945d71a207310a,735,train,747ca90f-92fc-4d19-aec4-6dfc34c2917e,contexto_colonial_antecedentes,contexto_colonial_antecedentes,0.4096493721008301,outputs/experiments/beto-u1/beto-lr2e5,4fea08ebf3da420a8ef1b04b151822b32c7f4869408335ab0c5885eb7945ef1f,74f80917f6b245d718c201d58e0d3599f2e4b3e0,5c2078f859fe0ddbc24a4aa08e17ff3d988683b5fa4515a788016cdf27b0c2a7
artifacts/datasets/gold-v1-source-aware.json,dcd8d90081973b7b9a05ee6ef41623756a06232727f3718268945d71a207310a,736,train,747ca90f-92fc-4d19-aec4-6dfc34c2917e,contexto_colonial_antecedentes,contexto_colonial_antecedentes,0.2534271776676178,outputs/experiments/beto-u1/beto-lr2e5,4fea08ebf3da420a8ef1b04b151822b32c7f4869408335ab0c5885eb7945ef1f,74f80917f6b245d718c201d58e0d3599f2e4b3e0,618f34673bb2771f3bbd07be2367f82cf913e9f272fc9e07e607f8c1f3741935
artifacts/datasets/gold-v1-source-aware.json,dcd8d90081973b7b9a05ee6ef41623756a06232727f3718268945d71a207310a,737,train,747ca90f-92fc-4d19-aec4-6dfc34c2917e,organizacion_consecuencias_republicanas,campanias_conflictos_militares,0.6932147741317749,outputs/experiments/beto-u1/beto-lr2e5,4fea08ebf3da420a8ef1b04b151822b32c7f4869408335ab0c5885eb7945ef1f,74f80917f6b245d718c201d58e0d3599f2e4b3e0,e3ae491bad6f18137fb7b5f31c51316e80342a8da7a9c875ed9d8e2820acb70e
artifacts/datasets/gold-v1-source-aware.json,dcd8d90081973b7b9a05ee6ef41623756a06232727f3718268945d71a207310a,738,train,747ca90f-92fc-4d19-aec4-6dfc34c2917e,campanias_conflictos_militares,campanias_conflictos_militares,0.7366746664047241,outputs/experiments/beto-u1/beto-lr2e5,4fea08ebf3da420a8ef1b04b151822b32c7f4869408335ab0c5885eb7945ef1f,74f80917f6b245d718c201d58e0d3599f2e4b3e0,9c9f8dcaaa53fcb9a1977bf7b9a6d93e8124b0144745e52371e00e57a9704cb4
artifacts/datasets/gold-v1-source-aware.json,dcd8d90081973b7b9a05ee6ef41623756a06232727f3718268945d71a207310a,739,train,747ca90f-92fc-4d19-aec4-6dfc34c2917e,campanias_conflictos_militares,campanias_conflictos_militares,0.7764855623245239,outputs/experiments/beto-u1/beto-lr2e5,4fea08ebf3da420a8ef1b04b151822b32c7f4869408335ab0c5885eb7945ef1f,74f80917f6b245d718c201d58e0d3599f2e4b3e0,823160fd06ddee3ee5c7d46b064e6121f1f5bcb6b564d9090d154f2b99cb0ce0
artifacts/datasets/gold-v1-source-aware.json,dcd8d90081973b7b9a05ee6ef41623756a06232727f3718268945d71a207310a,740,train,747ca90f-92fc-4d19-aec4-6dfc34c2917e,campanias_conflictos_militares,campanias_conflictos_militares,0.766197681427002,outputs/experiments/beto-u1/beto-lr2e5,4fea08ebf3da420a8ef1b04b151822b32c7f4869408335ab0c5885eb7945ef1f,74f80917f6b245d718c201d58e0d3599f2e4b3e0,ecd23ff019c0dfbc59983f792f05f210256f98e212fe47cd8b58c723180a2c4e
artifacts/datasets/gold-v1-source-aware.json,dcd8d90081973b7b9a05ee6ef41623756a06232727f3718268945d71a207310a,741,train,747ca90f-92fc-4d19-aec4-6dfc34c2917e,campanias_conflictos_militares,campanias_conflictos_militares,0.7715878486633301,outputs/experiments/beto-u1/beto-lr2e5,4fea08ebf3da420a8ef1b04b151822b32c7f4869408335ab0c5885eb7945ef1f,74f80917f6b245d718c201d58e0d3599f2e4b3e0,47554a1f344a83790901c64cf52b749c0a37edc7f0742ff65da9f5501a9176a3
artifacts/datasets/gold-v1-source-aware.json,dcd8d90081973b7b9a05ee6ef41623756a06232727f3718268945d71a207310a,742,train,747ca90f-92fc-4d19-aec4-6dfc34c2917e,campanias_conflictos_militares,campanias_conflictos_militares,0.587681233882904,outputs/experiments/beto-u1/beto-lr2e5,4fea08ebf3da420a8ef1b04b151822b32c7f4869408335ab0c5885eb7945ef1f,74f80917f6b245d718c201d58e0d3599f2e4b3e0,d29d1a0a4f3382f838209f69ca8944b78a241a16419fdecc6d2141ce56f9dc8a
artifacts/datasets/gold-v1-source-aware.json,dcd8d90081973b7b9a05ee6ef41623756a06232727f3718268945d71a207310a,743,train,747ca90f-92fc-4d19-aec4-6dfc34c2917e,organizacion_consecuencias_republicanas,organizacion_consecuencias_republicanas,0.3654078245162964,outputs/experiments/beto-u1/beto-lr2e5,4fea08ebf3da420a8ef1b04b151822b32c7f4869408335ab0c5885eb7945ef1f,74f80917f6b245d718c201d58e0d3599f2e4b3e0,cbdbcae4d0be2d59bf54c24e60e4512ee3f5e0b0a23f04131372058c328fbef2
artifacts/datasets/gold-v1-source-aware.json,dcd8d90081973b7b9a05ee6ef41623756a06232727f3718268945d71a207310a,744,train,747ca90f-92fc-4d19-aec4-6dfc34c2917e,campanias_conflictos_militares,campanias_conflictos_militares,0.7586802840232849,outputs/experiments/beto-u1/beto-lr2e5,4fea08ebf3da420a8ef1b04b151822b32c7f4869408335ab0c5885eb7945ef1f,74f80917f6b245d718c201d58e0d3599f2e4b3e0,a0fdea869131149b482be5b9ad53f9b78550f20b1c8d4dd1712b96a1cbfba2d7
artifacts/datasets/gold-v1-source-aware.json,dcd8d90081973b7b9a05ee6ef41623756a06232727f3718268945d71a207310a,745,train,747ca90f-92fc-4d19-aec4-6dfc34c2917e,organizacion_consecuencias_republicanas,organizacion_consecuencias_republicanas,0.4001869559288025,outputs/experiments/beto-u1/beto-lr2e5,4fea08ebf3da420a8ef1b04b151822b32c7f4869408335ab0c5885eb7945ef1f,74f80917f6b245d718c201d58e0d3599f2e4b3e0,62abce1ccf72690873da8e3e1f4899e68f4522ce686b988523b0ce8a2e9404d8
artifacts/datasets/gold-v1-source-aware.json,dcd8d90081973b7b9a05ee6ef41623756a06232727f3718268945d71a207310a,746,train,747ca90f-92fc-4d19-aec4-6dfc34c2917e,campanias_conflictos_militares,campanias_conflictos_militares,0.7833147644996643,outputs/experiments/beto-u1/beto-lr2e5,4fea08ebf3da420a8ef1b04b151822b32c7f4869408335ab0c5885eb7945ef1f,74f80917f6b245d718c201d58e0d3599f2e4b3e0,e31114f5a9f3957a63cd16ba9b4a21828404914652964d9096979082318f3a66
artifacts/datasets/gold-v1-source-aware.json,dcd8d90081973b7b9a05ee6ef41623756a06232727f3718268945d71a207310a,747,train,747ca90f-92fc-4d19-aec4-6dfc34c2917e,campanias_conflictos_militares,campanias_conflictos_militares,0.740982174873352,outputs/experiments/beto-u1/beto-lr2e5,4fea08ebf3da420a8ef1b04b151822b32c7f4869408335ab0c5885eb7945ef1f,74f80917f6b245d718c201d58e0d3599f2e4b3e0,ccfb26791c4b072d6831ca09886a03d97ffe46c4f0cbed89757b1c1de4f1490f
artifacts/datasets/gold-v1-source-aware.json,dcd8d90081973b7b9a05ee6ef41623756a06232727f3718268945d71a207310a,748,train,747ca90f-92fc-4d19-aec4-6dfc34c2917e,campanias_conflictos_militares,campanias_conflictos_militares,0.7475900053977966,outputs/experiments/beto-u1/beto-lr2e5,4fea08ebf3da420a8ef1b04b151822b32c7f4869408335ab0c5885eb7945ef1f,74f80917f6b245d718c201d58e0d3599f2e4b3e0,c9cdbba191c54eabb5644c4b453bb651f2158661bce9b6fb924168f6be40f3af
artifacts/datasets/gold-v1-source-aware.json,dcd8d90081973b7b9a05ee6ef41623756a06232727f3718268945d71a207310a,749,train,747ca90f-92fc-4d19-aec4-6dfc34c2917e,campanias_conflictos_militares,campanias_conflictos_militares,0.5840774178504944,outputs/experiments/beto-u1/beto-lr2e5,4fea08ebf3da420a8ef1b04b151822b32c7f4869408335ab0c5885eb7945ef1f,74f80917f6b245d718c201d58e0d3599f2e4b3e0,8a3935ff8537c5279b40066cf556305fee937843beff59ebc30116313705cb7e
artifacts/datasets/gold-v1-source-aware.json,dcd8d90081973b7b9a05ee6ef41623756a06232727f3718268945d71a207310a,750,train,747ca90f-92fc-4d19-aec4-6dfc34c2917e,campanias_conflictos_militares,campanias_conflictos_militares,0.6590150594711304,outputs/experiments/beto-u1/beto-lr2e5,4fea08ebf3da420a8ef1b04b151822b32c7f4869408335ab0c5885eb7945ef1f,74f80917f6b245d718c201d58e0d3599f2e4b3e0,70fbf4ebd1c350a5473c73049dd77146aa30282ed7b7f09375b06382afedcda2
artifacts/datasets/gold-v1-source-aware.json,dcd8d90081973b7b9a05ee6ef41623756a06232727f3718268945d71a207310a,751,train,747ca90f-92fc-4d19-aec4-6dfc34c2917e,campanias_conflictos_militares,organizacion_consecuencias_republicanas,0.298794686794281,outputs/experiments/beto-u1/beto-lr2e5,4fea08ebf3da420a8ef1b04b151822b32c7f4869408335ab0c5885eb7945ef1f,74f80917f6b245d718c201d58e0d3599f2e4b3e0,a566bd11cefe17e23c75def8c066de41175436597deb6550c015c316bcae88ea
artifacts/datasets/gold-v1-source-aware.json,dcd8d90081973b7b9a05ee6ef41623756a06232727f3718268945d71a207310a,752,train,747ca90f-92fc-4d19-aec4-6dfc34c2917e,organizacion_consecuencias_republicanas,liderazgos_diplomacia_proyectos,0.2393852025270462,outputs/experiments/beto-u1/beto-lr2e5,4fea08ebf3da420a8ef1b04b151822b32c7f4869408335ab0c5885eb7945ef1f,74f80917f6b245d718c201d58e0d3599f2e4b3e0,4f156bb34300cb2d1e69248b97ae1539a6e049b27ba81c70dd02822fcba120ba
artifacts/datasets/gold-v1-source-aware.json,dcd8d90081973b7b9a05ee6ef41623756a06232727f3718268945d71a207310a,753,train,747ca90f-92fc-4d19-aec4-6dfc34c2917e,liderazgos_diplomacia_proyectos,liderazgos_diplomacia_proyectos,0.2687021493911743,outputs/experiments/beto-u1/beto-lr2e5,4fea08ebf3da420a8ef1b04b151822b32c7f4869408335ab0c5885eb7945ef1f,74f80917f6b245d718c201d58e0d3599f2e4b3e0,9054ac3289a5e30d9c2e77ffa900d0305e89984fd68979b754300603b48c9600
artifacts/datasets/gold-v1-source-aware.json,dcd8d90081973b7b9a05ee6ef41623756a06232727f3718268945d71a207310a,754,train,747ca90f-92fc-4d19-aec4-6dfc34c2917e,organizacion_consecuencias_republicanas,liderazgos_diplomacia_proyectos,0.24101771414279938,outputs/experiments/beto-u1/beto-lr2e5,4fea08ebf3da420a8ef1b04b151822b32c7f4869408335ab0c5885eb7945ef1f,74f80917f6b245d718c201d58e0d3599f2e4b3e0,24824fc869ea0300e17f556527272f2562e7bfec93255b22a8ee348aa9460191
artifacts/datasets/gold-v1-source-aware.json,dcd8d90081973b7b9a05ee6ef41623756a06232727f3718268945d71a207310a,755,train,747ca90f-92fc-4d19-aec4-6dfc34c2917e,liderazgos_diplomacia_proyectos,campanias_conflictos_militares,0.4792061448097229,outputs/experiments/beto-u1/beto-lr2e5,4fea08ebf3da420a8ef1b04b151822b32c7f4869408335ab0c5885eb7945ef1f,74f80917f6b245d718c201d58e0d3599f2e4b3e0,ebf5a7e55ff270d6b8804f5c8355ea5ebdb659a2d2d6aa62db47547f8c2822cd
artifacts/datasets/gold-v1-source-aware.json,dcd8d90081973b7b9a05ee6ef41623756a06232727f3718268945d71a207310a,756,train,747ca90f-92fc-4d19-aec4-6dfc34c2917e,contexto_colonial_antecedentes,contexto_colonial_antecedentes,0.3444243371486664,outputs/experiments/beto-u1/beto-lr2e5,4fea08ebf3da420a8ef1b04b151822b32c7f4869408335ab0c5885eb7945ef1f,74f80917f6b245d718c201d58e0d3599f2e4b3e0,7b65bb36760f85c7ae3693a715a83dd00527e9cf3dcba0e013637d7278bde883
artifacts/datasets/gold-v1-source-aware.json,dcd8d90081973b7b9a05ee6ef41623756a06232727f3718268945d71a207310a,757,train,747ca90f-92fc-4d19-aec4-6dfc34c2917e,liderazgos_diplomacia_proyectos,liderazgos_diplomacia_proyectos,0.5092595815658569,outputs/experiments/beto-u1/beto-lr2e5,4fea08ebf3da420a8ef1b04b151822b32c7f4869408335ab0c5885eb7945ef1f,74f80917f6b245d718c201d58e0d3599f2e4b3e0,34ddd91efce4b88de70f39e21779fba7eafc514c63a60fb91894b218d300325b
artifacts/datasets/gold-v1-source-aware.json,dcd8d90081973b7b9a05ee6ef41623756a06232727f3718268945d71a207310a,758,train,747ca90f-92fc-4d19-aec4-6dfc34c2917e,contexto_colonial_antecedentes,liderazgos_diplomacia_proyectos,0.3796152174472809,outputs/experiments/beto-u1/beto-lr2e5,4fea08ebf3da420a8ef1b04b151822b32c7f4869408335ab0c5885eb7945ef1f,74f80917f6b245d718c201d58e0d3599f2e4b3e0,43f50fceb1f7f660fe060e0a721fc13f0871b0f397b8e820a80e554e966980a1
artifacts/datasets/gold-v1-source-aware.json,dcd8d90081973b7b9a05ee6ef41623756a06232727f3718268945d71a207310a,759,train,747ca90f-92fc-4d19-aec4-6dfc34c2917e,liderazgos_diplomacia_proyectos,liderazgos_diplomacia_proyectos,0.3873867690563202,outputs/experiments/beto-u1/beto-lr2e5,4fea08ebf3da420a8ef1b04b151822b32c7f4869408335ab0c5885eb7945ef1f,74f80917f6b245d718c201d58e0d3599f2e4b3e0,0233e5e7160b6b69897fba590859498d514ce5fcc423bcfb62991b36ab215dc2
artifacts/datasets/gold-v1-source-aware.json,dcd8d90081973b7b9a05ee6ef41623756a06232727f3718268945d71a207310a,760,train,747ca90f-92fc-4d19-aec4-6dfc34c2917e,crisis_ideas_emancipadoras,organizacion_consecuencias_republicanas,0.27603188157081604,outputs/experiments/beto-u1/beto-lr2e5,4fea08ebf3da420a8ef1b04b151822b32c7f4869408335ab0c5885eb7945ef1f,74f80917f6b245d718c201d58e0d3599f2e4b3e0,126f6220bdb906a40e2d009cd83dbad2ede0c758ebd02a4ba97163f58eeac7bb
artifacts/datasets/gold-v1-source-aware.json,dcd8d90081973b7b9a05ee6ef41623756a06232727f3718268945d71a207310a,761,train,747ca90f-92fc-4d19-aec4-6dfc34c2917e,organizacion_consecuencias_republicanas,participacion_social_regional,0.21416866779327393,outputs/experiments/beto-u1/beto-lr2e5,4fea08ebf3da420a8ef1b04b151822b32c7f4869408335ab0c5885eb7945ef1f,74f80917f6b245d718c201d58e0d3599f2e4b3e0,4092ef4e610d77e1047283acd00a65306356b5f694f21c8033c7705a5877e180
artifacts/datasets/gold-v1-source-aware.json,dcd8d90081973b7b9a05ee6ef41623756a06232727f3718268945d71a207310a,762,train,747ca90f-92fc-4d19-aec4-6dfc34c2917e,liderazgos_diplomacia_proyectos,campanias_conflictos_militares,0.5552135109901428,outputs/experiments/beto-u1/beto-lr2e5,4fea08ebf3da420a8ef1b04b151822b32c7f4869408335ab0c5885eb7945ef1f,74f80917f6b245d718c201d58e0d3599f2e4b3e0,746c9d0e92fcbdefb115f561a65281ea6d3c6bec510a9f8e8baf7abd6dc95360
artifacts/datasets/gold-v1-source-aware.json,dcd8d90081973b7b9a05ee6ef41623756a06232727f3718268945d71a207310a,763,train,747ca90f-92fc-4d19-aec4-6dfc34c2917e,contexto_colonial_antecedentes,contexto_colonial_antecedentes,0.33849668502807617,outputs/experiments/beto-u1/beto-lr2e5,4fea08ebf3da420a8ef1b04b151822b32c7f4869408335ab0c5885eb7945ef1f,74f80917f6b245d718c201d58e0d3599f2e4b3e0,71891a2ff6a21391ee7623dd438e74492f430cb9c7bcb96f8025ee0ed0c36a5b
artifacts/datasets/gold-v1-source-aware.json,dcd8d90081973b7b9a05ee6ef41623756a06232727f3718268945d71a207310a,764,train,747ca90f-92fc-4d19-aec4-6dfc34c2917e,contexto_colonial_antecedentes,contexto_colonial_antecedentes,0.37374770641326904,outputs/experiments/beto-u1/beto-lr2e5,4fea08ebf3da420a8ef1b04b151822b32c7f4869408335ab0c5885eb7945ef1f,74f80917f6b245d718c201d58e0d3599f2e4b3e0,c7a9ca2c862975e953f052f6d48e3ae3b972cc449617e3a473e74b9a59c2c4d5
artifacts/datasets/gold-v1-source-aware.json,dcd8d90081973b7b9a05ee6ef41623756a06232727f3718268945d71a207310a,765,train,747ca90f-92fc-4d19-aec4-6dfc34c2917e,contexto_colonial_antecedentes,contexto_colonial_antecedentes,0.4226958155632019,outputs/experiments/beto-u1/beto-lr2e5,4fea08ebf3da420a8ef1b04b151822b32c7f4869408335ab0c5885eb7945ef1f,74f80917f6b245d718c201d58e0d3599f2e4b3e0,e7cf8c91daac12d8a56275014a24b1228542b1c009706d99731cc933f8643b25
artifacts/datasets/gold-v1-source-aware.json,dcd8d90081973b7b9a05ee6ef41623756a06232727f3718268945d71a207310a,766,train,747ca90f-92fc-4d19-aec4-6dfc34c2917e,contexto_colonial_antecedentes,contexto_colonial_antecedentes,0.35682913661003113,outputs/experiments/beto-u1/beto-lr2e5,4fea08ebf3da420a8ef1b04b151822b32c7f4869408335ab0c5885eb7945ef1f,74f80917f6b245d718c201d58e0d3599f2e4b3e0,faa5b1548c9913558e079d2eda40a495b74b86db13a8e534fe0a4e364e5fe587
artifacts/datasets/gold-v1-source-aware.json,dcd8d90081973b7b9a05ee6ef41623756a06232727f3718268945d71a207310a,767,train,747ca90f-92fc-4d19-aec4-6dfc34c2917e,contexto_colonial_antecedentes,contexto_colonial_antecedentes,0.39514806866645813,outputs/experiments/beto-u1/beto-lr2e5,4fea08ebf3da420a8ef1b04b151822b32c7f4869408335ab0c5885eb7945ef1f,74f80917f6b245d718c201d58e0d3599f2e4b3e0,fb4ef5102be719d3135dda0ae0eba60f9b916dec454a80068888a16488140218
artifacts/datasets/gold-v1-source-aware.json,dcd8d90081973b7b9a05ee6ef41623756a06232727f3718268945d71a207310a,768,train,747ca90f-92fc-4d19-aec4-6dfc34c2917e,contexto_colonial_antecedentes,organizacion_consecuencias_republicanas,0.3417738378047943,outputs/experiments/beto-u1/beto-lr2e5,4fea08ebf3da420a8ef1b04b151822b32c7f4869408335ab0c5885eb7945ef1f,74f80917f6b245d718c201d58e0d3599f2e4b3e0,deb4a120143fd3d114dfd0a9d79838b06cb228b265f9f3045f529d555cb94786
artifacts/datasets/gold-v1-source-aware.json,dcd8d90081973b7b9a05ee6ef41623756a06232727f3718268945d71a207310a,769,train,747ca90f-92fc-4d19-aec4-6dfc34c2917e,contexto_colonial_antecedentes,contexto_colonial_antecedentes,0.44430989027023315,outputs/experiments/beto-u1/beto-lr2e5,4fea08ebf3da420a8ef1b04b151822b32c7f4869408335ab0c5885eb7945ef1f,74f80917f6b245d718c201d58e0d3599f2e4b3e0,5ab520b7bc162435062df0fe2f7d4836aac4dc5d2eccb9514d957c2d4655550e
artifacts/datasets/gold-v1-source-aware.json,dcd8d90081973b7b9a05ee6ef41623756a06232727f3718268945d71a207310a,770,train,747ca90f-92fc-4d19-aec4-6dfc34c2917e,organizacion_consecuencias_republicanas,organizacion_consecuencias_republicanas,0.313170462846756,outputs/experiments/beto-u1/beto-lr2e5,4fea08ebf3da420a8ef1b04b151822b32c7f4869408335ab0c5885eb7945ef1f,74f80917f6b245d718c201d58e0d3599f2e4b3e0,ca9f1fd3d86c83facaf7b26087535923ee74ddf9e36b3c8a428912da7c631a39
artifacts/datasets/gold-v1-source-aware.json,dcd8d90081973b7b9a05ee6ef41623756a06232727f3718268945d71a207310a,771,train,747ca90f-92fc-4d19-aec4-6dfc34c2917e,organizacion_consecuencias_republicanas,organizacion_consecuencias_republicanas,0.4068357050418854,outputs/experiments/beto-u1/beto-lr2e5,4fea08ebf3da420a8ef1b04b151822b32c7f4869408335ab0c5885eb7945ef1f,74f80917f6b245d718c201d58e0d3599f2e4b3e0,424d60bad8a28ff0a1ea68d970da0ab5652476b2cc24ad69042ba3a508e03755
artifacts/datasets/gold-v1-source-aware.json,dcd8d90081973b7b9a05ee6ef41623756a06232727f3718268945d71a207310a,772,train,747ca90f-92fc-4d19-aec4-6dfc34c2917e,contexto_colonial_antecedentes,contexto_colonial_antecedentes,0.3656309247016907,outputs/experiments/beto-u1/beto-lr2e5,4fea08ebf3da420a8ef1b04b151822b32c7f4869408335ab0c5885eb7945ef1f,74f80917f6b245d718c201d58e0d3599f2e4b3e0,3ff6cbb41ac7c62e7ced59bb475a70867f9fbba7e046c7895b9b3ac47ffd0347
artifacts/datasets/gold-v1-source-aware.json,dcd8d90081973b7b9a05ee6ef41623756a06232727f3718268945d71a207310a,773,train,747ca90f-92fc-4d19-aec4-6dfc34c2917e,organizacion_consecuencias_republicanas,contexto_colonial_antecedentes,0.3039490878582001,outputs/experiments/beto-u1/beto-lr2e5,4fea08ebf3da420a8ef1b04b151822b32c7f4869408335ab0c5885eb7945ef1f,74f80917f6b245d718c201d58e0d3599f2e4b3e0,b44bf20f61a844d3ee6dc2b3b7c404b67af8c52304676ada7a62601422ca466f
artifacts/datasets/gold-v1-source-aware.json,dcd8d90081973b7b9a05ee6ef41623756a06232727f3718268945d71a207310a,774,train,747ca90f-92fc-4d19-aec4-6dfc34c2917e,participacion_social_regional,campanias_conflictos_militares,0.539982795715332,outputs/experiments/beto-u1/beto-lr2e5,4fea08ebf3da420a8ef1b04b151822b32c7f4869408335ab0c5885eb7945ef1f,74f80917f6b245d718c201d58e0d3599f2e4b3e0,d5d9a2203c5e8ece766c9a49fed178b2a81148501ed24b9f58cf4edafa4833f9
artifacts/datasets/gold-v1-source-aware.json,dcd8d90081973b7b9a05ee6ef41623756a06232727f3718268945d71a207310a,775,train,747ca90f-92fc-4d19-aec4-6dfc34c2917e,contexto_colonial_antecedentes,contexto_colonial_antecedentes,0.24659208953380585,outputs/experiments/beto-u1/beto-lr2e5,4fea08ebf3da420a8ef1b04b151822b32c7f4869408335ab0c5885eb7945ef1f,74f80917f6b245d718c201d58e0d3599f2e4b3e0,b5bca4275cad415112cf3c41d83f7f5341189e13b2c7a31a47682c3bdde2512a
artifacts/datasets/gold-v1-source-aware.json,dcd8d90081973b7b9a05ee6ef41623756a06232727f3718268945d71a207310a,776,train,747ca90f-92fc-4d19-aec4-6dfc34c2917e,contexto_colonial_antecedentes,liderazgos_diplomacia_proyectos,0.28664401173591614,outputs/experiments/beto-u1/beto-lr2e5,4fea08ebf3da420a8ef1b04b151822b32c7f4869408335ab0c5885eb7945ef1f,74f80917f6b245d718c201d58e0d3599f2e4b3e0,a1958a5a3abc1ded9f35efc07cd2d595ae139ef76f376ce1e15a79a4c4cbb362
artifacts/datasets/gold-v1-source-aware.json,dcd8d90081973b7b9a05ee6ef41623756a06232727f3718268945d71a207310a,777,train,747ca90f-92fc-4d19-aec4-6dfc34c2917e,contexto_colonial_antecedentes,contexto_colonial_antecedentes,0.27337756752967834,outputs/experiments/beto-u1/beto-lr2e5,4fea08ebf3da420a8ef1b04b151822b32c7f4869408335ab0c5885eb7945ef1f,74f80917f6b245d718c201d58e0d3599f2e4b3e0,109c180e993e9bc47869b6dc241cdfc020737dae0f4d1e6a98e9bf878c4468cf
artifacts/datasets/gold-v1-source-aware.json,dcd8d90081973b7b9a05ee6ef41623756a06232727f3718268945d71a207310a,778,train,747ca90f-92fc-4d19-aec4-6dfc34c2917e,organizacion_consecuencias_republicanas,organizacion_consecuencias_republicanas,0.2710534334182739,outputs/experiments/beto-u1/beto-lr2e5,4fea08ebf3da420a8ef1b04b151822b32c7f4869408335ab0c5885eb7945ef1f,74f80917f6b245d718c201d58e0d3599f2e4b3e0,5dfded51e46f256bfac5a5b955c46b04f1bd0cd5c5082d2b8085f098ed819d79
artifacts/datasets/gold-v1-source-aware.json,dcd8d90081973b7b9a05ee6ef41623756a06232727f3718268945d71a207310a,779,train,747ca90f-92fc-4d19-aec4-6dfc34c2917e,no_relevante,contexto_colonial_antecedentes,0.2429078221321106,outputs/experiments/beto-u1/beto-lr2e5,4fea08ebf3da420a8ef1b04b151822b32c7f4869408335ab0c5885eb7945ef1f,74f80917f6b245d718c201d58e0d3599f2e4b3e0,08f065e707e095c8af2c189dc29543c0be7ce502eee9b22d733d06658a118f0a
artifacts/datasets/gold-v1-source-aware.json,dcd8d90081973b7b9a05ee6ef41623756a06232727f3718268945d71a207310a,780,train,747ca90f-92fc-4d19-aec4-6dfc34c2917e,crisis_ideas_emancipadoras,participacion_social_regional,0.27348408102989197,outputs/experiments/beto-u1/beto-lr2e5,4fea08ebf3da420a8ef1b04b151822b32c7f4869408335ab0c5885eb7945ef1f,74f80917f6b245d718c201d58e0d3599f2e4b3e0,f63597952a40d379e967f96a9f6d969ffbc80816f7026845a10f942570c2b58c
artifacts/datasets/gold-v1-source-aware.json,dcd8d90081973b7b9a05ee6ef41623756a06232727f3718268945d71a207310a,781,train,747ca90f-92fc-4d19-aec4-6dfc34c2917e,contexto_colonial_antecedentes,contexto_colonial_antecedentes,0.20596513152122498,outputs/experiments/beto-u1/beto-lr2e5,4fea08ebf3da420a8ef1b04b151822b32c7f4869408335ab0c5885eb7945ef1f,74f80917f6b245d718c201d58e0d3599f2e4b3e0,a88accc1f35f1827e2da22d4c88e4d9b1a4c13d54b1f07731d3ae3a7bc858542
artifacts/datasets/gold-v1-source-aware.json,dcd8d90081973b7b9a05ee6ef41623756a06232727f3718268945d71a207310a,782,train,747ca90f-92fc-4d19-aec4-6dfc34c2917e,organizacion_consecuencias_republicanas,organizacion_consecuencias_republicanas,0.24195396900177002,outputs/experiments/beto-u1/beto-lr2e5,4fea08ebf3da420a8ef1b04b151822b32c7f4869408335ab0c5885eb7945ef1f,74f80917f6b245d718c201d58e0d3599f2e4b3e0,7ed6e2fa4b96629361ffb127a46a075faf043d4e6c15390f2cda01378d433d54
artifacts/datasets/gold-v1-source-aware.json,dcd8d90081973b7b9a05ee6ef41623756a06232727f3718268945d71a207310a,783,train,747ca90f-92fc-4d19-aec4-6dfc34c2917e,organizacion_consecuencias_republicanas,campanias_conflictos_militares,0.3900161683559418,outputs/experiments/beto-u1/beto-lr2e5,4fea08ebf3da420a8ef1b04b151822b32c7f4869408335ab0c5885eb7945ef1f,74f80917f6b245d718c201d58e0d3599f2e4b3e0,83fb399837d3b92aad31ac0cc217935d85339bbf57265a3127bd8c3765959a72
artifacts/datasets/gold-v1-source-aware.json,dcd8d90081973b7b9a05ee6ef41623756a06232727f3718268945d71a207310a,784,train,747ca90f-92fc-4d19-aec4-6dfc34c2917e,campanias_conflictos_militares,campanias_conflictos_militares,0.6466683149337769,outputs/experiments/beto-u1/beto-lr2e5,4fea08ebf3da420a8ef1b04b151822b32c7f4869408335ab0c5885eb7945ef1f,74f80917f6b245d718c201d58e0d3599f2e4b3e0,715124dbb774828b671da46058e23d7ce4ab91c54e3265ff8a1c41c70289185d
artifacts/datasets/gold-v1-source-aware.json,dcd8d90081973b7b9a05ee6ef41623756a06232727f3718268945d71a207310a,785,train,747ca90f-92fc-4d19-aec4-6dfc34c2917e,campanias_conflictos_militares,campanias_conflictos_militares,0.716076135635376,outputs/experiments/beto-u1/beto-lr2e5,4fea08ebf3da420a8ef1b04b151822b32c7f4869408335ab0c5885eb7945ef1f,74f80917f6b245d718c201d58e0d3599f2e4b3e0,a3391f75378182c218d685e36e491443b8ae60a77bd46d70e4f99436460289eb
artifacts/datasets/gold-v1-source-aware.json,dcd8d90081973b7b9a05ee6ef41623756a06232727f3718268945d71a207310a,786,train,747ca90f-92fc-4d19-aec4-6dfc34c2917e,campanias_conflictos_militares,campanias_conflictos_militares,0.7155801653862,outputs/experiments/beto-u1/beto-lr2e5,4fea08ebf3da420a8ef1b04b151822b32c7f4869408335ab0c5885eb7945ef1f,74f80917f6b245d718c201d58e0d3599f2e4b3e0,20328bd3bfd587e9518d48ad34075fa5ac823d500ba87a432f1d112c8ba2a35c
artifacts/datasets/gold-v1-source-aware.json,dcd8d90081973b7b9a05ee6ef41623756a06232727f3718268945d71a207310a,787,train,747ca90f-92fc-4d19-aec4-6dfc34c2917e,campanias_conflictos_militares,campanias_conflictos_militares,0.6742249727249146,outputs/experiments/beto-u1/beto-lr2e5,4fea08ebf3da420a8ef1b04b151822b32c7f4869408335ab0c5885eb7945ef1f,74f80917f6b245d718c201d58e0d3599f2e4b3e0,f13d81307806ffc541e7776ec45edb9fa9ab72da0115108b9487d35f635a3101
artifacts/datasets/gold-v1-source-aware.json,dcd8d90081973b7b9a05ee6ef41623756a06232727f3718268945d71a207310a,788,train,747ca90f-92fc-4d19-aec4-6dfc34c2917e,campanias_conflictos_militares,campanias_conflictos_militares,0.7231742143630981,outputs/experiments/beto-u1/beto-lr2e5,4fea08ebf3da420a8ef1b04b151822b32c7f4869408335ab0c5885eb7945ef1f,74f80917f6b245d718c201d58e0d3599f2e4b3e0,f1e0e4c8e4a60d3bc0e3b7e3138f3a6b3191accceec20f06727d46ea34b379e1
artifacts/datasets/gold-v1-source-aware.json,dcd8d90081973b7b9a05ee6ef41623756a06232727f3718268945d71a207310a,789,train,747ca90f-92fc-4d19-aec4-6dfc34c2917e,organizacion_consecuencias_republicanas,organizacion_consecuencias_republicanas,0.29519888758659363,outputs/experiments/beto-u1/beto-lr2e5,4fea08ebf3da420a8ef1b04b151822b32c7f4869408335ab0c5885eb7945ef1f,74f80917f6b245d718c201d58e0d3599f2e4b3e0,f0bc2dcca1fc4a3f66db083303b41675fca93cee90f826eb658e58ef9628fa3c
artifacts/datasets/gold-v1-source-aware.json,dcd8d90081973b7b9a05ee6ef41623756a06232727f3718268945d71a207310a,790,train,747ca90f-92fc-4d19-aec4-6dfc34c2917e,campanias_conflictos_militares,campanias_conflictos_militares,0.7502325177192688,outputs/experiments/beto-u1/beto-lr2e5,4fea08ebf3da420a8ef1b04b151822b32c7f4869408335ab0c5885eb7945ef1f,74f80917f6b245d718c201d58e0d3599f2e4b3e0,dd78d48723f36d8f1b50dc9c2a3afe491168938aff07c120e2f1625d51adfa41
artifacts/datasets/gold-v1-source-aware.json,dcd8d90081973b7b9a05ee6ef41623756a06232727f3718268945d71a207310a,791,train,747ca90f-92fc-4d19-aec4-6dfc34c2917e,campanias_conflictos_militares,campanias_conflictos_militares,0.7814191579818726,outputs/experiments/beto-u1/beto-lr2e5,4fea08ebf3da420a8ef1b04b151822b32c7f4869408335ab0c5885eb7945ef1f,74f80917f6b245d718c201d58e0d3599f2e4b3e0,98ce9897ef61f7ebefa859df0116235789289c22bd2d43b1fbb2b4022f5a1876
artifacts/datasets/gold-v1-source-aware.json,dcd8d90081973b7b9a05ee6ef41623756a06232727f3718268945d71a207310a,792,train,747ca90f-92fc-4d19-aec4-6dfc34c2917e,campanias_conflictos_militares,campanias_conflictos_militares,0.7593608498573303,outputs/experiments/beto-u1/beto-lr2e5,4fea08ebf3da420a8ef1b04b151822b32c7f4869408335ab0c5885eb7945ef1f,74f80917f6b245d718c201d58e0d3599f2e4b3e0,f0d5dbb1949d521ded57945b84503eb47b8ef218c4abe37d623bebfd79721149
artifacts/datasets/gold-v1-source-aware.json,dcd8d90081973b7b9a05ee6ef41623756a06232727f3718268945d71a207310a,793,train,747ca90f-92fc-4d19-aec4-6dfc34c2917e,campanias_conflictos_militares,campanias_conflictos_militares,0.7621951103210449,outputs/experiments/beto-u1/beto-lr2e5,4fea08ebf3da420a8ef1b04b151822b32c7f4869408335ab0c5885eb7945ef1f,74f80917f6b245d718c201d58e0d3599f2e4b3e0,b9b30e0ddf2f8fe21a969c126bb5b2ce467add5dd01710eee6ad429da11833b8
artifacts/datasets/gold-v1-source-aware.json,dcd8d90081973b7b9a05ee6ef41623756a06232727f3718268945d71a207310a,794,train,747ca90f-92fc-4d19-aec4-6dfc34c2917e,campanias_conflictos_militares,campanias_conflictos_militares,0.6186326742172241,outputs/experiments/beto-u1/beto-lr2e5,4fea08ebf3da420a8ef1b04b151822b32c7f4869408335ab0c5885eb7945ef1f,74f80917f6b245d718c201d58e0d3599f2e4b3e0,99865ed77a1d28903a0df957d8af3293a16d87ac22d9bf880c6dda188931b94d
artifacts/datasets/gold-v1-source-aware.json,dcd8d90081973b7b9a05ee6ef41623756a06232727f3718268945d71a207310a,795,train,747ca90f-92fc-4d19-aec4-6dfc34c2917e,campanias_conflictos_militares,campanias_conflictos_militares,0.5424388647079468,outputs/experiments/beto-u1/beto-lr2e5,4fea08ebf3da420a8ef1b04b151822b32c7f4869408335ab0c5885eb7945ef1f,74f80917f6b245d718c201d58e0d3599f2e4b3e0,5dbc0cd17789b9c1c0d1cd4f0ccdd8baa786d7c0662e41d7c35f051a20eb96ce
artifacts/datasets/gold-v1-source-aware.json,dcd8d90081973b7b9a05ee6ef41623756a06232727f3718268945d71a207310a,796,train,747ca90f-92fc-4d19-aec4-6dfc34c2917e,campanias_conflictos_militares,campanias_conflictos_militares,0.7660338282585144,outputs/experiments/beto-u1/beto-lr2e5,4fea08ebf3da420a8ef1b04b151822b32c7f4869408335ab0c5885eb7945ef1f,74f80917f6b245d718c201d58e0d3599f2e4b3e0,a85b5eeb16eedf5a1b6f2324df53a8aaa360ff8c91b5a919153c2068ce12cc1c
artifacts/datasets/gold-v1-source-aware.json,dcd8d90081973b7b9a05ee6ef41623756a06232727f3718268945d71a207310a,797,train,747ca90f-92fc-4d19-aec4-6dfc34c2917e,campanias_conflictos_militares,campanias_conflictos_militares,0.7873271703720093,outputs/experiments/beto-u1/beto-lr2e5,4fea08ebf3da420a8ef1b04b151822b32c7f4869408335ab0c5885eb7945ef1f,74f80917f6b245d718c201d58e0d3599f2e4b3e0,418d63ff4c706e4f2291b0a1bf43c7f1717c36116b01fe7f5a983d64ba97d016
artifacts/datasets/gold-v1-source-aware.json,dcd8d90081973b7b9a05ee6ef41623756a06232727f3718268945d71a207310a,798,train,747ca90f-92fc-4d19-aec4-6dfc34c2917e,campanias_conflictos_militares,campanias_conflictos_militares,0.7906283736228943,outputs/experiments/beto-u1/beto-lr2e5,4fea08ebf3da420a8ef1b04b151822b32c7f4869408335ab0c5885eb7945ef1f,74f80917f6b245d718c201d58e0d3599f2e4b3e0,5f6a7f31f3ad21e7c42cc3d75d433be268411d57842cc11c62148b7d21c85019
artifacts/datasets/gold-v1-source-aware.json,dcd8d90081973b7b9a05ee6ef41623756a06232727f3718268945d71a207310a,799,train,747ca90f-92fc-4d19-aec4-6dfc34c2917e,liderazgos_diplomacia_proyectos,liderazgos_diplomacia_proyectos,0.4456965923309326,outputs/experiments/beto-u1/beto-lr2e5,4fea08ebf3da420a8ef1b04b151822b32c7f4869408335ab0c5885eb7945ef1f,74f80917f6b245d718c201d58e0d3599f2e4b3e0,8f1be101000f84a3b5ab71de8dda3fcd55f30fb5dd3716527bc45533a7f3a4ec
artifacts/datasets/gold-v1-source-aware.json,dcd8d90081973b7b9a05ee6ef41623756a06232727f3718268945d71a207310a,800,train,747ca90f-92fc-4d19-aec4-6dfc34c2917e,campanias_conflictos_militares,campanias_conflictos_militares,0.7619435787200928,outputs/experiments/beto-u1/beto-lr2e5,4fea08ebf3da420a8ef1b04b151822b32c7f4869408335ab0c5885eb7945ef1f,74f80917f6b245d718c201d58e0d3599f2e4b3e0,15716c80e3717dcfb39b7a9df328a11ffb4f831f4e342ad377fffa39abc2dde2
artifacts/datasets/gold-v1-source-aware.json,dcd8d90081973b7b9a05ee6ef41623756a06232727f3718268945d71a207310a,801,train,747ca90f-92fc-4d19-aec4-6dfc34c2917e,campanias_conflictos_militares,campanias_conflictos_militares,0.7072873711585999,outputs/experiments/beto-u1/beto-lr2e5,4fea08ebf3da420a8ef1b04b151822b32c7f4869408335ab0c5885eb7945ef1f,74f80917f6b245d718c201d58e0d3599f2e4b3e0,d9ec5f45732a3f2999e4b794af62524ec1ae583ebfa15675ebd611033d46a3d9
artifacts/datasets/gold-v1-source-aware.json,dcd8d90081973b7b9a05ee6ef41623756a06232727f3718268945d71a207310a,802,train,747ca90f-92fc-4d19-aec4-6dfc34c2917e,liderazgos_diplomacia_proyectos,liderazgos_diplomacia_proyectos,0.33724403381347656,outputs/experiments/beto-u1/beto-lr2e5,4fea08ebf3da420a8ef1b04b151822b32c7f4869408335ab0c5885eb7945ef1f,74f80917f6b245d718c201d58e0d3599f2e4b3e0,95b4b559e6a7484a3c046a55ce65927da030134e3c1f0fff6c8910618a50ae36
artifacts/datasets/gold-v1-source-aware.json,dcd8d90081973b7b9a05ee6ef41623756a06232727f3718268945d71a207310a,803,train,747ca90f-92fc-4d19-aec4-6dfc34c2917e,campanias_conflictos_militares,campanias_conflictos_militares,0.7624887824058533,outputs/experiments/beto-u1/beto-lr2e5,4fea08ebf3da420a8ef1b04b151822b32c7f4869408335ab0c5885eb7945ef1f,74f80917f6b245d718c201d58e0d3599f2e4b3e0,ae36dfa9f93b712b27b9626a584df1a276aa70fe3e28d4396a2134528183873f
artifacts/datasets/gold-v1-source-aware.json,dcd8d90081973b7b9a05ee6ef41623756a06232727f3718268945d71a207310a,804,train,747ca90f-92fc-4d19-aec4-6dfc34c2917e,campanias_conflictos_militares,campanias_conflictos_militares,0.4629546105861664,outputs/experiments/beto-u1/beto-lr2e5,4fea08ebf3da420a8ef1b04b151822b32c7f4869408335ab0c5885eb7945ef1f,74f80917f6b245d718c201d58e0d3599f2e4b3e0,6586c4aacc2b0d78e320029361aa4a9d33a45b50317b9b0f069957527c45a4e5
artifacts/datasets/gold-v1-source-aware.json,dcd8d90081973b7b9a05ee6ef41623756a06232727f3718268945d71a207310a,805,train,747ca90f-92fc-4d19-aec4-6dfc34c2917e,campanias_conflictos_militares,campanias_conflictos_militares,0.7012941837310791,outputs/experiments/beto-u1/beto-lr2e5,4fea08ebf3da420a8ef1b04b151822b32c7f4869408335ab0c5885eb7945ef1f,74f80917f6b245d718c201d58e0d3599f2e4b3e0,1bed134f09eeff016411a7935626c21cec3f83b8276dc8a18962dfcd434931d2
artifacts/datasets/gold-v1-source-aware.json,dcd8d90081973b7b9a05ee6ef41623756a06232727f3718268945d71a207310a,806,train,747ca90f-92fc-4d19-aec4-6dfc34c2917e,campanias_conflictos_militares,campanias_conflictos_militares,0.46046870946884155,outputs/experiments/beto-u1/beto-lr2e5,4fea08ebf3da420a8ef1b04b151822b32c7f4869408335ab0c5885eb7945ef1f,74f80917f6b245d718c201d58e0d3599f2e4b3e0,13eab78e07b1230414cb9e2942131083523b872fe57f29266d6a56196944170e
artifacts/datasets/gold-v1-source-aware.json,dcd8d90081973b7b9a05ee6ef41623756a06232727f3718268945d71a207310a,807,train,747ca90f-92fc-4d19-aec4-6dfc34c2917e,campanias_conflictos_militares,campanias_conflictos_militares,0.7134970426559448,outputs/experiments/beto-u1/beto-lr2e5,4fea08ebf3da420a8ef1b04b151822b32c7f4869408335ab0c5885eb7945ef1f,74f80917f6b245d718c201d58e0d3599f2e4b3e0,0fac46486ea277a1cb21cef8d2c49241ce2aae5e390a364ee1755aff5d84600d
artifacts/datasets/gold-v1-source-aware.json,dcd8d90081973b7b9a05ee6ef41623756a06232727f3718268945d71a207310a,808,train,747ca90f-92fc-4d19-aec4-6dfc34c2917e,liderazgos_diplomacia_proyectos,campanias_conflictos_militares,0.3516157269477844,outputs/experiments/beto-u1/beto-lr2e5,4fea08ebf3da420a8ef1b04b151822b32c7f4869408335ab0c5885eb7945ef1f,74f80917f6b245d718c201d58e0d3599f2e4b3e0,168251bc5f35e958888df6e24e2be54e385a619c189eaa183321dabbf4e633ae
artifacts/datasets/gold-v1-source-aware.json,dcd8d90081973b7b9a05ee6ef41623756a06232727f3718268945d71a207310a,809,train,747ca90f-92fc-4d19-aec4-6dfc34c2917e,campanias_conflictos_militares,campanias_conflictos_militares,0.7672781348228455,outputs/experiments/beto-u1/beto-lr2e5,4fea08ebf3da420a8ef1b04b151822b32c7f4869408335ab0c5885eb7945ef1f,74f80917f6b245d718c201d58e0d3599f2e4b3e0,abc15261558647f635682e910b391450f6196ad71d0fd96c5d86f20ba2689c61
artifacts/datasets/gold-v1-source-aware.json,dcd8d90081973b7b9a05ee6ef41623756a06232727f3718268945d71a207310a,810,train,747ca90f-92fc-4d19-aec4-6dfc34c2917e,organizacion_consecuencias_republicanas,campanias_conflictos_militares,0.41279593110084534,outputs/experiments/beto-u1/beto-lr2e5,4fea08ebf3da420a8ef1b04b151822b32c7f4869408335ab0c5885eb7945ef1f,74f80917f6b245d718c201d58e0d3599f2e4b3e0,4f0fb493ce826eb49461194d190c8ced5c3b542bbd06869136bb3e6297a4a5a9
artifacts/datasets/gold-v1-source-aware.json,dcd8d90081973b7b9a05ee6ef41623756a06232727f3718268945d71a207310a,811,train,747ca90f-92fc-4d19-aec4-6dfc34c2917e,liderazgos_diplomacia_proyectos,liderazgos_diplomacia_proyectos,0.3719746172428131,outputs/experiments/beto-u1/beto-lr2e5,4fea08ebf3da420a8ef1b04b151822b32c7f4869408335ab0c5885eb7945ef1f,74f80917f6b245d718c201d58e0d3599f2e4b3e0,77c7b59848f69466bbf260f0e3fe103ea5a7140dd6cf0146eb02d493d426fef4
artifacts/datasets/gold-v1-source-aware.json,dcd8d90081973b7b9a05ee6ef41623756a06232727f3718268945d71a207310a,812,train,747ca90f-92fc-4d19-aec4-6dfc34c2917e,organizacion_consecuencias_republicanas,campanias_conflictos_militares,0.3271193504333496,outputs/experiments/beto-u1/beto-lr2e5,4fea08ebf3da420a8ef1b04b151822b32c7f4869408335ab0c5885eb7945ef1f,74f80917f6b245d718c201d58e0d3599f2e4b3e0,7c800dcdc2dcd2c55c98965240fa642782732d007e33f3e5a81f572cca5bc686
artifacts/datasets/gold-v1-source-aware.json,dcd8d90081973b7b9a05ee6ef41623756a06232727f3718268945d71a207310a,813,train,747ca90f-92fc-4d19-aec4-6dfc34c2917e,organizacion_consecuencias_republicanas,organizacion_consecuencias_republicanas,0.4529649317264557,outputs/experiments/beto-u1/beto-lr2e5,4fea08ebf3da420a8ef1b04b151822b32c7f4869408335ab0c5885eb7945ef1f,74f80917f6b245d718c201d58e0d3599f2e4b3e0,d4dc113a07da5a0946e879c11086ba7889af0d52d01be380d42695d327169603
