dataset,source,format,split,label,count
artifacts/datasets/evaluation-pilot-v2.json,1eac0299-06c0-51ad-aba3-176fab08905e,pdf,UNSPECIFIED,campanias_conflictos_militares,0
artifacts/datasets/evaluation-pilot-v2.json,1eac0299-06c0-51ad-aba3-176fab08905e,pdf,UNSPECIFIED,contexto_colonial_antecedentes,0
artifacts/datasets/evaluation-pilot-v2.json,1eac0299-06c0-51ad-aba3-176fab08905e,pdf,UNSPECIFIED,crisis_ideas_emancipadoras,2
artifacts/datasets/evaluation-pilot-v2.json,1eac0299-06c0-51ad-aba3-176fab08905e,pdf,UNSPECIFIED,liderazgos_diplomacia_proyectos,0
artifacts/datasets/evaluation-pilot-v2.json,1eac0299-06c0-51ad-aba3-176fab08905e,pdf,UNSPECIFIED,no_relevante,1
artifacts/datasets/evaluation-pilot-v2.json,1eac0299-06c0-51ad-aba3-176fab08905e,pdf,UNSPECIFIED,organizacion_consecuencias_republicanas,0
artifacts/datasets/evaluation-pilot-v2.json,1eac0299-06c0-51ad-aba3-176fab08905e,pdf,UNSPECIFIED,participacion_social_regional,3
artifacts/datasets/evaluation-pilot-v2.json,6d0443e1-fcdc-5373-b22a-4ca1914397d4,pdf,UNSPECIFIED,campanias_conflictos_militares,6
artifacts/datasets/evaluation-pilot-v2.json,6d0443e1-fcdc-5373-b22a-4ca1914397d4,pdf,UNSPECIFIED,contexto_colonial_antecedentes,0
artifacts/datasets/evaluation-pilot-v2.json,6d0443e1-fcdc-5373-b22a-4ca1914397d4,pdf,UNSPECIFIED,crisis_ideas_emancipadoras,0
artifacts/datasets/evaluation-pilot-v2.json,6d0443e1-fcdc-5373-b22a-4ca1914397d4,pdf,UNSPECIFIED,liderazgos_diplomacia_proyectos,2
artifacts/datasets/evaluation-pilot-v2.json,6d0443e1-fcdc-5373-b22a-4ca1914397d4,pdf,UNSPECIFIED,no_relevante,1
artifacts/datasets/evaluation-pilot-v2.json,6d0443e1-fcdc-5373-b22a-4ca1914397d4,pdf,UNSPECIFIED,organizacion_consecuencias_republicanas,0
artifacts/datasets/evaluation-pilot-v2.json,6d0443e1-fcdc-5373-b22a-4ca1914397d4,pdf,UNSPECIFIED,participacion_social_regional,0
artifacts/datasets/evaluation-pilot-v2.json,e3e1b029-9c72-5e9e-b9e1-33006cdb7e78,pdf,UNSPECIFIED,campanias_conflictos_militares,0
artifacts/datasets/evaluation-pilot-v2.json,e3e1b029-9c72-5e9e-b9e1-33006cdb7e78,pdf,UNSPECIFIED,contexto_colonial_antecedentes,0
artifacts/datasets/evaluation-pilot-v2.json,e3e1b029-9c72-5e9e-b9e1-33006cdb7e78,pdf,UNSPECIFIED,crisis_ideas_emancipadoras,1
artifacts/datasets/evaluation-pilot-v2.json,e3e1b029-9c72-5e9e-b9e1-33006cdb7e78,pdf,UNSPECIFIED,liderazgos_diplomacia_proyectos,0
artifacts/datasets/evaluation-pilot-v2.json,e3e1b029-9c72-5e9e-b9e1-33006cdb7e78,pdf,UNSPECIFIED,no_relevante,1
artifacts/datasets/evaluation-pilot-v2.json,e3e1b029-9c72-5e9e-b9e1-33006cdb7e78,pdf,UNSPECIFIED,organizacion_consecuencias_republicanas,2
artifacts/datasets/evaluation-pilot-v2.json,e3e1b029-9c72-5e9e-b9e1-33006cdb7e78,pdf,UNSPECIFIED,participacion_social_regional,0
artifacts/datasets/evaluation-pilot-v2.json,f012593d-76c3-53ee-8285-4318e201f261,pdf,UNSPECIFIED,campanias_conflictos_militares,0
artifacts/datasets/evaluation-pilot-v2.json,f012593d-76c3-53ee-8285-4318e201f261,pdf,UNSPECIFIED,contexto_colonial_antecedentes,2
artifacts/datasets/evaluation-pilot-v2.json,f012593d-76c3-53ee-8285-4318e201f261,pdf,UNSPECIFIED,crisis_ideas_emancipadoras,0
artifacts/datasets/evaluation-pilot-v2.json,f012593d-76c3-53ee-8285-4318e201f261,pdf,UNSPECIFIED,liderazgos_diplomacia_proyectos,0
artifacts/datasets/evaluation-pilot-v2.json,f012593d-76c3-53ee-8285-4318e201f261,pdf,UNSPECIFIED,no_relevante,1
artifacts/datasets/evaluation-pilot-v2.json,f012593d-76c3-53ee-8285-4318e201f261,pdf,UNSPECIFIED,organizacion_consecuencias_republicanas,0
artifacts/datasets/evaluation-pilot-v2.json,f012593d-76c3-53ee-8285-4318e201f261,pdf,UNSPECIFIED,participacion_social_regional,0
artifacts/datasets/external-development-v1.json,doi:10.3989/revindias.2011.023,pdf,val,campanias_conflictos_militares,2
artifacts/datasets/external-development-v1.json,doi:10.3989/revindias.2011.023,pdf,val,contexto_colonial_antecedentes,0
artifacts/datasets/external-development-v1.json,doi:10.3989/revindias.2011.023,pdf,val,crisis_ideas_emancipadoras,17
artifacts/datasets/external-development-v1.json,doi:10.3989/revindias.2011.023,pdf,val,liderazgos_diplomacia_proyectos,0
artifacts/datasets/external-development-v1.json,doi:10.3989/revindias.2011.023,pdf,val,no_relevante,0
artifacts/datasets/external-development-v1.json,doi:10.3989/revindias.2011.023,pdf,val,organizacion_consecuencias_republicanas,1
artifacts/datasets/external-development-v1.json,doi:10.3989/revindias.2011.023,pdf,val,participacion_social_regional,6
artifacts/datasets/external-development-v1.json,sobrevilla-2021-intermedios,pdf,val,campanias_conflictos_militares,2
artifacts/datasets/external-development-v1.json,sobrevilla-2021-intermedios,pdf,val,contexto_colonial_antecedentes,0
artifacts/datasets/external-development-v1.json,sobrevilla-2021-intermedios,pdf,val,crisis_ideas_emancipadoras,0
artifacts/datasets/external-development-v1.json,sobrevilla-2021-intermedios,pdf,val,liderazgos_diplomacia_proyectos,2
artifacts/datasets/external-development-v1.json,sobrevilla-2021-intermedios,pdf,val,no_relevante,0
artifacts/datasets/external-development-v1.json,sobrevilla-2021-intermedios,pdf,val,organizacion_consecuencias_republicanas,1
artifacts/datasets/external-development-v1.json,sobrevilla-2021-intermedios,pdf,val,participacion_social_regional,0
artifacts/datasets/gold-v1-balanced.json,0ea45102-057d-4bff-b527-f36326f66d33,pdf,train,campanias_conflictos_militares,1
artifacts/datasets/gold-v1-balanced.json,0ea45102-057d-4bff-b527-f36326f66d33,pdf,train,contexto_colonial_antecedentes,6
artifacts/datasets/gold-v1-balanced.json,0ea45102-057d-4bff-b527-f36326f66d33,pdf,train,crisis_ideas_emancipadoras,29
artifacts/datasets/gold-v1-balanced.json,0ea45102-057d-4bff-b527-f36326f66d33,pdf,train,liderazgos_diplomacia_proyectos,21
artifacts/datasets/gold-v1-balanced.json,0ea45102-057d-4bff-b527-f36326f66d33,pdf,train,no_relevante,28
artifacts/datasets/gold-v1-balanced.json,0ea45102-057d-4bff-b527-f36326f66d33,pdf,train,organizacion_consecuencias_republicanas,1
artifacts/datasets/gold-v1-balanced.json,0ea45102-057d-4bff-b527-f36326f66d33,pdf,train,participacion_social_regional,17
artifacts/datasets/gold-v1-balanced.json,15e52806-3d75-4117-937d-7c7eda594579,youtube,train,campanias_conflictos_militares,1
artifacts/datasets/gold-v1-balanced.json,15e52806-3d75-4117-937d-7c7eda594579,youtube,train,contexto_colonial_antecedentes,14
artifacts/datasets/gold-v1-balanced.json,15e52806-3d75-4117-937d-7c7eda594579,youtube,train,crisis_ideas_emancipadoras,22
artifacts/datasets/gold-v1-balanced.json,15e52806-3d75-4117-937d-7c7eda594579,youtube,train,liderazgos_diplomacia_proyectos,1
artifacts/datasets/gold-v1-balanced.json,15e52806-3d75-4117-937d-7c7eda594579,youtube,train,no_relevante,22
artifacts/datasets/gold-v1-balanced.json,15e52806-3d75-4117-937d-7c7eda594579,youtube,train,organizacion_consecuencias_republicanas,2
artifacts/datasets/gold-v1-balanced.json,15e52806-3d75-4117-937d-7c7eda594579,youtube,train,participacion_social_regional,10
artifacts/datasets/gold-v1-balanced.json,4ca9c84a-627b-4027-8216-fdc07c506727,pdf,test,campanias_conflictos_militares,6
artifacts/datasets/gold-v1-balanced.json,4ca9c84a-627b-4027-8216-fdc07c506727,pdf,test,contexto_colonial_antecedentes,0
artifacts/datasets/gold-v1-balanced.json,4ca9c84a-627b-4027-8216-fdc07c506727,pdf,test,crisis_ideas_emancipadoras,6
artifacts/datasets/gold-v1-balanced.json,4ca9c84a-627b-4027-8216-fdc07c506727,pdf,test,liderazgos_diplomacia_proyectos,22
artifacts/datasets/gold-v1-balanced.json,4ca9c84a-627b-4027-8216-fdc07c506727,pdf,test,no_relevante,17
artifacts/datasets/gold-v1-balanced.json,4ca9c84a-627b-4027-8216-fdc07c506727,pdf,test,organizacion_consecuencias_republicanas,12
artifacts/datasets/gold-v1-balanced.json,4ca9c84a-627b-4027-8216-fdc07c506727,pdf,test,participacion_social_regional,2
artifacts/datasets/gold-v1-balanced.json,514f190e-5d01-497a-a6ef-648601cd8bdb,youtube,train,campanias_conflictos_militares,1
artifacts/datasets/gold-v1-balanced.json,514f190e-5d01-497a-a6ef-648601cd8bdb,youtube,train,contexto_colonial_antecedentes,0
artifacts/datasets/gold-v1-balanced.json,514f190e-5d01-497a-a6ef-648601cd8bdb,youtube,train,crisis_ideas_emancipadoras,19
artifacts/datasets/gold-v1-balanced.json,514f190e-5d01-497a-a6ef-648601cd8bdb,youtube,train,liderazgos_diplomacia_proyectos,15
artifacts/datasets/gold-v1-balanced.json,514f190e-5d01-497a-a6ef-648601cd8bdb,youtube,train,no_relevante,28
artifacts/datasets/gold-v1-balanced.json,514f190e-5d01-497a-a6ef-648601cd8bdb,youtube,train,organizacion_consecuencias_republicanas,6
artifacts/datasets/gold-v1-balanced.json,514f190e-5d01-497a-a6ef-648601cd8bdb,youtube,train,participacion_social_regional,3
artifacts/datasets/gold-v1-balanced.json,747ca90f-92fc-4d19-aec4-6dfc34c2917e,pdf,train,campanias_conflictos_militares,71
artifacts/datasets/gold-v1-balanced.json,747ca90f-92fc-4d19-aec4-6dfc34c2917e,pdf,train,contexto_colonial_antecedentes,52
artifacts/datasets/gold-v1-balanced.json,747ca90f-92fc-4d19-aec4-6dfc34c2917e,pdf,train,crisis_ideas_emancipadoras,6
artifacts/datasets/gold-v1-balanced.json,747ca90f-92fc-4d19-aec4-6dfc34c2917e,pdf,train,liderazgos_diplomacia_proyectos,42
artifacts/datasets/gold-v1-balanced.json,747ca90f-92fc-4d19-aec4-6dfc34c2917e,pdf,train,no_relevante,13
artifacts/datasets/gold-v1-balanced.json,747ca90f-92fc-4d19-aec4-6dfc34c2917e,pdf,train,organizacion_consecuencias_republicanas,59
artifacts/datasets/gold-v1-balanced.json,747ca90f-92fc-4d19-aec4-6dfc34c2917e,pdf,train,participacion_social_regional,1
artifacts/datasets/gold-v1-balanced.json,9154f7f7-86c9-4bad-bcba-47eaf54b93e1,pdf,train,campanias_conflictos_militares,0
artifacts/datasets/gold-v1-balanced.json,9154f7f7-86c9-4bad-bcba-47eaf54b93e1,pdf,train,contexto_colonial_antecedentes,0
artifacts/datasets/gold-v1-balanced.json,9154f7f7-86c9-4bad-bcba-47eaf54b93e1,pdf,train,crisis_ideas_emancipadoras,2
artifacts/datasets/gold-v1-balanced.json,9154f7f7-86c9-4bad-bcba-47eaf54b93e1,pdf,train,liderazgos_diplomacia_proyectos,5
artifacts/datasets/gold-v1-balanced.json,9154f7f7-86c9-4bad-bcba-47eaf54b93e1,pdf,train,no_relevante,1
artifacts/datasets/gold-v1-balanced.json,9154f7f7-86c9-4bad-bcba-47eaf54b93e1,pdf,train,organizacion_consecuencias_republicanas,8
artifacts/datasets/gold-v1-balanced.json,9154f7f7-86c9-4bad-bcba-47eaf54b93e1,pdf,train,participacion_social_regional,2
artifacts/datasets/gold-v1-balanced.json,9f60a031-0183-478c-a1f8-a3bdd37d7b0b,pdf,train,campanias_conflictos_militares,0
artifacts/datasets/gold-v1-balanced.json,9f60a031-0183-478c-a1f8-a3bdd37d7b0b,pdf,train,contexto_colonial_antecedentes,0
artifacts/datasets/gold-v1-balanced.json,9f60a031-0183-478c-a1f8-a3bdd37d7b0b,pdf,train,crisis_ideas_emancipadoras,0
artifacts/datasets/gold-v1-balanced.json,9f60a031-0183-478c-a1f8-a3bdd37d7b0b,pdf,train,liderazgos_diplomacia_proyectos,4
artifacts/datasets/gold-v1-balanced.json,9f60a031-0183-478c-a1f8-a3bdd37d7b0b,pdf,train,no_relevante,11
artifacts/datasets/gold-v1-balanced.json,9f60a031-0183-478c-a1f8-a3bdd37d7b0b,pdf,train,organizacion_consecuencias_republicanas,27
artifacts/datasets/gold-v1-balanced.json,9f60a031-0183-478c-a1f8-a3bdd37d7b0b,pdf,train,participacion_social_regional,11
artifacts/datasets/gold-v1-balanced.json,9fecbe5a-9fb2-4002-a088-8a2810db938e,pdf,test,campanias_conflictos_militares,6
artifacts/datasets/gold-v1-balanced.json,9fecbe5a-9fb2-4002-a088-8a2810db938e,pdf,test,contexto_colonial_antecedentes,12
artifacts/datasets/gold-v1-balanced.json,9fecbe5a-9fb2-4002-a088-8a2810db938e,pdf,test,crisis_ideas_emancipadoras,3
artifacts/datasets/gold-v1-balanced.json,9fecbe5a-9fb2-4002-a088-8a2810db938e,pdf,test,liderazgos_diplomacia_proyectos,0
artifacts/datasets/gold-v1-balanced.json,9fecbe5a-9fb2-4002-a088-8a2810db938e,pdf,test,no_relevante,16
artifacts/datasets/gold-v1-balanced.json,9fecbe5a-9fb2-4002-a088-8a2810db938e,pdf,test,organizacion_consecuencias_republicanas,0
artifacts/datasets/gold-v1-balanced.json,9fecbe5a-9fb2-4002-a088-8a2810db938e,pdf,test,participacion_social_regional,21
artifacts/datasets/gold-v1-balanced.json,b23a4bf1-b9f4-4c08-bb89-a4cf4a67e004,pdf,val,campanias_conflictos_militares,4
artifacts/datasets/gold-v1-balanced.json,b23a4bf1-b9f4-4c08-bb89-a4cf4a67e004,pdf,val,contexto_colonial_antecedentes,16
artifacts/datasets/gold-v1-balanced.json,b23a4bf1-b9f4-4c08-bb89-a4cf4a67e004,pdf,val,crisis_ideas_emancipadoras,15
artifacts/datasets/gold-v1-balanced.json,b23a4bf1-b9f4-4c08-bb89-a4cf4a67e004,pdf,val,liderazgos_diplomacia_proyectos,4
artifacts/datasets/gold-v1-balanced.json,b23a4bf1-b9f4-4c08-bb89-a4cf4a67e004,pdf,val,no_relevante,16
artifacts/datasets/gold-v1-balanced.json,b23a4bf1-b9f4-4c08-bb89-a4cf4a67e004,pdf,val,organizacion_consecuencias_republicanas,15
artifacts/datasets/gold-v1-balanced.json,b23a4bf1-b9f4-4c08-bb89-a4cf4a67e004,pdf,val,participacion_social_regional,11
artifacts/datasets/gold-v1-balanced.json,e32181bc-41d0-4400-a76d-eb11fc88bf71,pdf,train,campanias_conflictos_militares,10
artifacts/datasets/gold-v1-balanced.json,e32181bc-41d0-4400-a76d-eb11fc88bf71,pdf,train,contexto_colonial_antecedentes,0
artifacts/datasets/gold-v1-balanced.json,e32181bc-41d0-4400-a76d-eb11fc88bf71,pdf,train,crisis_ideas_emancipadoras,0
artifacts/datasets/gold-v1-balanced.json,e32181bc-41d0-4400-a76d-eb11fc88bf71,pdf,train,liderazgos_diplomacia_proyectos,6
artifacts/datasets/gold-v1-balanced.json,e32181bc-41d0-4400-a76d-eb11fc88bf71,pdf,train,no_relevante,4
artifacts/datasets/gold-v1-balanced.json,e32181bc-41d0-4400-a76d-eb11fc88bf71,pdf,train,organizacion_consecuencias_republicanas,0
artifacts/datasets/gold-v1-balanced.json,e32181bc-41d0-4400-a76d-eb11fc88bf71,pdf,train,participacion_social_regional,28
artifacts/datasets/gold-v1-source-aware.json,0ea45102-057d-4bff-b527-f36326f66d33,pdf,train,campanias_conflictos_militares,1
artifacts/datasets/gold-v1-source-aware.json,0ea45102-057d-4bff-b527-f36326f66d33,pdf,train,contexto_colonial_antecedentes,6
artifacts/datasets/gold-v1-source-aware.json,0ea45102-057d-4bff-b527-f36326f66d33,pdf,train,crisis_ideas_emancipadoras,29
artifacts/datasets/gold-v1-source-aware.json,0ea45102-057d-4bff-b527-f36326f66d33,pdf,train,liderazgos_diplomacia_proyectos,21
artifacts/datasets/gold-v1-source-aware.json,0ea45102-057d-4bff-b527-f36326f66d33,pdf,train,no_relevante,28
artifacts/datasets/gold-v1-source-aware.json,0ea45102-057d-4bff-b527-f36326f66d33,pdf,train,organizacion_consecuencias_republicanas,1
artifacts/datasets/gold-v1-source-aware.json,0ea45102-057d-4bff-b527-f36326f66d33,pdf,train,participacion_social_regional,17
artifacts/datasets/gold-v1-source-aware.json,15e52806-3d75-4117-937d-7c7eda594579,youtube,test,campanias_conflictos_militares,1
artifacts/datasets/gold-v1-source-aware.json,15e52806-3d75-4117-937d-7c7eda594579,youtube,test,contexto_colonial_antecedentes,14
artifacts/datasets/gold-v1-source-aware.json,15e52806-3d75-4117-937d-7c7eda594579,youtube,test,crisis_ideas_emancipadoras,22
artifacts/datasets/gold-v1-source-aware.json,15e52806-3d75-4117-937d-7c7eda594579,youtube,test,liderazgos_diplomacia_proyectos,1
artifacts/datasets/gold-v1-source-aware.json,15e52806-3d75-4117-937d-7c7eda594579,youtube,test,no_relevante,22
artifacts/datasets/gold-v1-source-aware.json,15e52806-3d75-4117-937d-7c7eda594579,youtube,test,organizacion_consecuencias_republicanas,2
artifacts/datasets/gold-v1-source-aware.json,15e52806-3d75-4117-937d-7c7eda594579,youtube,test,participacion_social_regional,10
artifacts/datasets/gold-v1-source-aware.json,4ca9c84a-627b-4027-8216-fdc07c506727,pdf,test,campanias_conflictos_militares,6
artifacts/datasets/gold-v1-source-aware.json,4ca9c84a-627b-4027-8216-fdc07c506727,pdf,test,contexto_colonial_antecedentes,0
artifacts/datasets/gold-v1-source-aware.json,4ca9c84a-627b-4027-8216-fdc07c506727,pdf,test,crisis_ideas_emancipadoras,6
artifacts/datasets/gold-v1-source-aware.json,4ca9c84a-627b-4027-8216-fdc07c506727,pdf,test,liderazgos_diplomacia_proyectos,22
artifacts/datasets/gold-v1-source-aware.json,4ca9c84a-627b-4027-8216-fdc07c506727,pdf,test,no_relevante,17
artifacts/datasets/gold-v1-source-aware.json,4ca9c84a-627b-4027-8216-fdc07c506727,pdf,test,organizacion_consecuencias_republicanas,12
artifacts/datasets/gold-v1-source-aware.json,4ca9c84a-627b-4027-8216-fdc07c506727,pdf,test,participacion_social_regional,2
artifacts/datasets/gold-v1-source-aware.json,514f190e-5d01-497a-a6ef-648601cd8bdb,youtube,train,campanias_conflictos_militares,1
artifacts/datasets/gold-v1-source-aware.json,514f190e-5d01-497a-a6ef-648601cd8bdb,youtube,train,contexto_colonial_antecedentes,0
artifacts/datasets/gold-v1-source-aware.json,514f190e-5d01-497a-a6ef-648601cd8bdb,youtube,train,crisis_ideas_emancipadoras,19
artifacts/datasets/gold-v1-source-aware.json,514f190e-5d01-497a-a6ef-648601cd8bdb,youtube,train,liderazgos_diplomacia_proyectos,15
artifacts/datasets/gold-v1-source-aware.json,514f190e-5d01-497a-a6ef-648601cd8bdb,youtube,train,no_relevante,28
artifacts/datasets/gold-v1-source-aware.json,514f190e-5d01-497a-a6ef-648601cd8bdb,youtube,train,organizacion_consecuencias_republicanas,6
artifacts/datasets/gold-v1-source-aware.json,514f190e-5d01-497a-a6ef-648601cd8bdb,youtube,train,participacion_social_regional,3
artifacts/datasets/gold-v1-source-aware.json,747ca90f-92fc-4d19-aec4-6dfc34c2917e,pdf,train,campanias_conflictos_militares,71
artifacts/datasets/gold-v1-source-aware.json,747ca90f-92fc-4d19-aec4-6dfc34c2917e,pdf,train,contexto_colonial_antecedentes,52
artifacts/datasets/gold-v1-source-aware.json,747ca90f-92fc-4d19-aec4-6dfc34c2917e,pdf,train,crisis_ideas_emancipadoras,6
artifacts/datasets/gold-v1-source-aware.json,747ca90f-92fc-4d19-aec4-6dfc34c2917e,pdf,train,liderazgos_diplomacia_proyectos,42
artifacts/datasets/gold-v1-source-aware.json,747ca90f-92fc-4d19-aec4-6dfc34c2917e,pdf,train,no_relevante,13
artifacts/datasets/gold-v1-source-aware.json,747ca90f-92fc-4d19-aec4-6dfc34c2917e,pdf,train,organizacion_consecuencias_republicanas,59
artifacts/datasets/gold-v1-source-aware.json,747ca90f-92fc-4d19-aec4-6dfc34c2917e,pdf,train,participacion_social_regional,1
artifacts/datasets/gold-v1-source-aware.json,9154f7f7-86c9-4bad-bcba-47eaf54b93e1,pdf,train,campanias_conflictos_militares,0
artifacts/datasets/gold-v1-source-aware.json,9154f7f7-86c9-4bad-bcba-47eaf54b93e1,pdf,train,contexto_colonial_antecedentes,0
artifacts/datasets/gold-v1-source-aware.json,9154f7f7-86c9-4bad-bcba-47eaf54b93e1,pdf,train,crisis_ideas_emancipadoras,2
artifacts/datasets/gold-v1-source-aware.json,9154f7f7-86c9-4bad-bcba-47eaf54b93e1,pdf,train,liderazgos_diplomacia_proyectos,5
artifacts/datasets/gold-v1-source-aware.json,9154f7f7-86c9-4bad-bcba-47eaf54b93e1,pdf,train,no_relevante,1
artifacts/datasets/gold-v1-source-aware.json,9154f7f7-86c9-4bad-bcba-47eaf54b93e1,pdf,train,organizacion_consecuencias_republicanas,8
artifacts/datasets/gold-v1-source-aware.json,9154f7f7-86c9-4bad-bcba-47eaf54b93e1,pdf,train,participacion_social_regional,2
artifacts/datasets/gold-v1-source-aware.json,9f60a031-0183-478c-a1f8-a3bdd37d7b0b,pdf,train,campanias_conflictos_militares,0
artifacts/datasets/gold-v1-source-aware.json,9f60a031-0183-478c-a1f8-a3bdd37d7b0b,pdf,train,contexto_colonial_antecedentes,0
artifacts/datasets/gold-v1-source-aware.json,9f60a031-0183-478c-a1f8-a3bdd37d7b0b,pdf,train,crisis_ideas_emancipadoras,0
artifacts/datasets/gold-v1-source-aware.json,9f60a031-0183-478c-a1f8-a3bdd37d7b0b,pdf,train,liderazgos_diplomacia_proyectos,4
artifacts/datasets/gold-v1-source-aware.json,9f60a031-0183-478c-a1f8-a3bdd37d7b0b,pdf,train,no_relevante,11
artifacts/datasets/gold-v1-source-aware.json,9f60a031-0183-478c-a1f8-a3bdd37d7b0b,pdf,train,organizacion_consecuencias_republicanas,27
artifacts/datasets/gold-v1-source-aware.json,9f60a031-0183-478c-a1f8-a3bdd37d7b0b,pdf,train,participacion_social_regional,11
artifacts/datasets/gold-v1-source-aware.json,9fecbe5a-9fb2-4002-a088-8a2810db938e,pdf,train,campanias_conflictos_militares,6
artifacts/datasets/gold-v1-source-aware.json,9fecbe5a-9fb2-4002-a088-8a2810db938e,pdf,train,contexto_colonial_antecedentes,12
artifacts/datasets/gold-v1-source-aware.json,9fecbe5a-9fb2-4002-a088-8a2810db938e,pdf,train,crisis_ideas_emancipadoras,3
artifacts/datasets/gold-v1-source-aware.json,9fecbe5a-9fb2-4002-a088-8a2810db938e,pdf,train,liderazgos_diplomacia_proyectos,0
artifacts/datasets/gold-v1-source-aware.json,9fecbe5a-9fb2-4002-a088-8a2810db938e,pdf,train,no_relevante,16
artifacts/datasets/gold-v1-source-aware.json,9fecbe5a-9fb2-4002-a088-8a2810db938e,pdf,train,organizacion_consecuencias_republicanas,0
artifacts/datasets/gold-v1-source-aware.json,9fecbe5a-9fb2-4002-a088-8a2810db938e,pdf,train,participacion_social_regional,21
artifacts/datasets/gold-v1-source-aware.json,b23a4bf1-b9f4-4c08-bb89-a4cf4a67e004,pdf,val,campanias_conflictos_militares,4
artifacts/datasets/gold-v1-source-aware.json,b23a4bf1-b9f4-4c08-bb89-a4cf4a67e004,pdf,val,contexto_colonial_antecedentes,16
artifacts/datasets/gold-v1-source-aware.json,b23a4bf1-b9f4-4c08-bb89-a4cf4a67e004,pdf,val,crisis_ideas_emancipadoras,15
artifacts/datasets/gold-v1-source-aware.json,b23a4bf1-b9f4-4c08-bb89-a4cf4a67e004,pdf,val,liderazgos_diplomacia_proyectos,4
artifacts/datasets/gold-v1-source-aware.json,b23a4bf1-b9f4-4c08-bb89-a4cf4a67e004,pdf,val,no_relevante,16
artifacts/datasets/gold-v1-source-aware.json,b23a4bf1-b9f4-4c08-bb89-a4cf4a67e004,pdf,val,organizacion_consecuencias_republicanas,15
artifacts/datasets/gold-v1-source-aware.json,b23a4bf1-b9f4-4c08-bb89-a4cf4a67e004,pdf,val,participacion_social_regional,11
artifacts/datasets/gold-v1-source-aware.json,e32181bc-41d0-4400-a76d-eb11fc88bf71,pdf,train,campanias_conflictos_militares,10
artifacts/datasets/gold-v1-source-aware.json,e32181bc-41d0-4400-a76d-eb11fc88bf71,pdf,train,contexto_colonial_antecedentes,0
artifacts/datasets/gold-v1-source-aware.json,e32181bc-41d0-4400-a76d-eb11fc88bf71,pdf,train,crisis_ideas_emancipadoras,0
artifacts/datasets/gold-v1-source-aware.json,e32181bc-41d0-4400-a76d-eb11fc88bf71,pdf,train,liderazgos_diplomacia_proyectos,6
artifacts/datasets/gold-v1-source-aware.json,e32181bc-41d0-4400-a76d-eb11fc88bf71,pdf,train,no_relevante,4
artifacts/datasets/gold-v1-source-aware.json,e32181bc-41d0-4400-a76d-eb11fc88bf71,pdf,train,organizacion_consecuencias_republicanas,0
artifacts/datasets/gold-v1-source-aware.json,e32181bc-41d0-4400-a76d-eb11fc88bf71,pdf,train,participacion_social_regional,28
outputs/agn-snapshot-v1/reviewed-export.json,0ea45102-057d-4bff-b527-f36326f66d33,pdf,train,campanias_conflictos_militares,1
outputs/agn-snapshot-v1/reviewed-export.json,0ea45102-057d-4bff-b527-f36326f66d33,pdf,train,contexto_colonial_antecedentes,6
outputs/agn-snapshot-v1/reviewed-export.json,0ea45102-057d-4bff-b527-f36326f66d33,pdf,train,crisis_ideas_emancipadoras,29
outputs/agn-snapshot-v1/reviewed-export.json,0ea45102-057d-4bff-b527-f36326f66d33,pdf,train,liderazgos_diplomacia_proyectos,21
outputs/agn-snapshot-v1/reviewed-export.json,0ea45102-057d-4bff-b527-f36326f66d33,pdf,train,no_relevante,28
outputs/agn-snapshot-v1/reviewed-export.json,0ea45102-057d-4bff-b527-f36326f66d33,pdf,train,organizacion_consecuencias_republicanas,1
outputs/agn-snapshot-v1/reviewed-export.json,0ea45102-057d-4bff-b527-f36326f66d33,pdf,train,participacion_social_regional,17
outputs/agn-snapshot-v1/reviewed-export.json,15e52806-3d75-4117-937d-7c7eda594579,youtube,test,campanias_conflictos_militares,1
outputs/agn-snapshot-v1/reviewed-export.json,15e52806-3d75-4117-937d-7c7eda594579,youtube,test,contexto_colonial_antecedentes,14
outputs/agn-snapshot-v1/reviewed-export.json,15e52806-3d75-4117-937d-7c7eda594579,youtube,test,crisis_ideas_emancipadoras,22
outputs/agn-snapshot-v1/reviewed-export.json,15e52806-3d75-4117-937d-7c7eda594579,youtube,test,liderazgos_diplomacia_proyectos,1
outputs/agn-snapshot-v1/reviewed-export.json,15e52806-3d75-4117-937d-7c7eda594579,youtube,test,no_relevante,22
outputs/agn-snapshot-v1/reviewed-export.json,15e52806-3d75-4117-937d-7c7eda594579,youtube,test,organizacion_consecuencias_republicanas,2
outputs/agn-snapshot-v1/reviewed-export.json,15e52806-3d75-4117-937d-7c7eda594579,youtube,test,participacion_social_regional,10
outputs/agn-snapshot-v1/reviewed-export.json,17552e18-8e04-53f8-a48f-b60ed56fbbd0,pdf,train,campanias_conflictos_militares,0
outputs/agn-snapshot-v1/reviewed-export.json,17552e18-8e04-53f8-a48f-b60ed56fbbd0,pdf,train,contexto_colonial_antecedentes,1
outputs/agn-snapshot-v1/reviewed-export.json,17552e18-8e04-53f8-a48f-b60ed56fbbd0,pdf,train,crisis_ideas_emancipadoras,0
outputs/agn-snapshot-v1/reviewed-export.json,17552e18-8e04-53f8-a48f-b60ed56fbbd0,pdf,train,liderazgos_diplomacia_proyectos,0
outputs/agn-snapshot-v1/reviewed-export.json,17552e18-8e04-53f8-a48f-b60ed56fbbd0,pdf,train,no_relevante,0
outputs/agn-snapshot-v1/reviewed-export.json,17552e18-8e04-53f8-a48f-b60ed56fbbd0,pdf,train,organizacion_consecuencias_republicanas,0
outputs/agn-snapshot-v1/reviewed-export.json,17552e18-8e04-53f8-a48f-b60ed56fbbd0,pdf,train,participacion_social_regional,1
outputs/agn-snapshot-v1/reviewed-export.json,4ca9c84a-627b-4027-8216-fdc07c506727,pdf,test,campanias_conflictos_militares,6
outputs/agn-snapshot-v1/reviewed-export.json,4ca9c84a-627b-4027-8216-fdc07c506727,pdf,test,contexto_colonial_antecedentes,0
outputs/agn-snapshot-v1/reviewed-export.json,4ca9c84a-627b-4027-8216-fdc07c506727,pdf,test,crisis_ideas_emancipadoras,6
outputs/agn-snapshot-v1/reviewed-export.json,4ca9c84a-627b-4027-8216-fdc07c506727,pdf,test,liderazgos_diplomacia_proyectos,22
outputs/agn-snapshot-v1/reviewed-export.json,4ca9c84a-627b-4027-8216-fdc07c506727,pdf,test,no_relevante,17
outputs/agn-snapshot-v1/reviewed-export.json,4ca9c84a-627b-4027-8216-fdc07c506727,pdf,test,organizacion_consecuencias_republicanas,12
outputs/agn-snapshot-v1/reviewed-export.json,4ca9c84a-627b-4027-8216-fdc07c506727,pdf,test,participacion_social_regional,2
outputs/agn-snapshot-v1/reviewed-export.json,514f190e-5d01-497a-a6ef-648601cd8bdb,youtube,train,campanias_conflictos_militares,1
outputs/agn-snapshot-v1/reviewed-export.json,514f190e-5d01-497a-a6ef-648601cd8bdb,youtube,train,contexto_colonial_antecedentes,0
outputs/agn-snapshot-v1/reviewed-export.json,514f190e-5d01-497a-a6ef-648601cd8bdb,youtube,train,crisis_ideas_emancipadoras,19
outputs/agn-snapshot-v1/reviewed-export.json,514f190e-5d01-497a-a6ef-648601cd8bdb,youtube,train,liderazgos_diplomacia_proyectos,15
outputs/agn-snapshot-v1/reviewed-export.json,514f190e-5d01-497a-a6ef-648601cd8bdb,youtube,train,no_relevante,28
outputs/agn-snapshot-v1/reviewed-export.json,514f190e-5d01-497a-a6ef-648601cd8bdb,youtube,train,organizacion_consecuencias_republicanas,6
outputs/agn-snapshot-v1/reviewed-export.json,514f190e-5d01-497a-a6ef-648601cd8bdb,youtube,train,participacion_social_regional,3
outputs/agn-snapshot-v1/reviewed-export.json,747ca90f-92fc-4d19-aec4-6dfc34c2917e,pdf,train,campanias_conflictos_militares,71
outputs/agn-snapshot-v1/reviewed-export.json,747ca90f-92fc-4d19-aec4-6dfc34c2917e,pdf,train,contexto_colonial_antecedentes,52
outputs/agn-snapshot-v1/reviewed-export.json,747ca90f-92fc-4d19-aec4-6dfc34c2917e,pdf,train,crisis_ideas_emancipadoras,6
outputs/agn-snapshot-v1/reviewed-export.json,747ca90f-92fc-4d19-aec4-6dfc34c2917e,pdf,train,liderazgos_diplomacia_proyectos,42
outputs/agn-snapshot-v1/reviewed-export.json,747ca90f-92fc-4d19-aec4-6dfc34c2917e,pdf,train,no_relevante,13
outputs/agn-snapshot-v1/reviewed-export.json,747ca90f-92fc-4d19-aec4-6dfc34c2917e,pdf,train,organizacion_consecuencias_republicanas,59
outputs/agn-snapshot-v1/reviewed-export.json,747ca90f-92fc-4d19-aec4-6dfc34c2917e,pdf,train,participacion_social_regional,1
outputs/agn-snapshot-v1/reviewed-export.json,9154f7f7-86c9-4bad-bcba-47eaf54b93e1,pdf,train,campanias_conflictos_militares,0
outputs/agn-snapshot-v1/reviewed-export.json,9154f7f7-86c9-4bad-bcba-47eaf54b93e1,pdf,train,contexto_colonial_antecedentes,0
outputs/agn-snapshot-v1/reviewed-export.json,9154f7f7-86c9-4bad-bcba-47eaf54b93e1,pdf,train,crisis_ideas_emancipadoras,2
outputs/agn-snapshot-v1/reviewed-export.json,9154f7f7-86c9-4bad-bcba-47eaf54b93e1,pdf,train,liderazgos_diplomacia_proyectos,5
outputs/agn-snapshot-v1/reviewed-export.json,9154f7f7-86c9-4bad-bcba-47eaf54b93e1,pdf,train,no_relevante,1
outputs/agn-snapshot-v1/reviewed-export.json,9154f7f7-86c9-4bad-bcba-47eaf54b93e1,pdf,train,organizacion_consecuencias_republicanas,8
outputs/agn-snapshot-v1/reviewed-export.json,9154f7f7-86c9-4bad-bcba-47eaf54b93e1,pdf,train,participacion_social_regional,2
outputs/agn-snapshot-v1/reviewed-export.json,9f60a031-0183-478c-a1f8-a3bdd37d7b0b,pdf,train,campanias_conflictos_militares,0
outputs/agn-snapshot-v1/reviewed-export.json,9f60a031-0183-478c-a1f8-a3bdd37d7b0b,pdf,train,contexto_colonial_antecedentes,0
outputs/agn-snapshot-v1/reviewed-export.json,9f60a031-0183-478c-a1f8-a3bdd37d7b0b,pdf,train,crisis_ideas_emancipadoras,0
outputs/agn-snapshot-v1/reviewed-export.json,9f60a031-0183-478c-a1f8-a3bdd37d7b0b,pdf,train,liderazgos_diplomacia_proyectos,4
outputs/agn-snapshot-v1/reviewed-export.json,9f60a031-0183-478c-a1f8-a3bdd37d7b0b,pdf,train,no_relevante,11
outputs/agn-snapshot-v1/reviewed-export.json,9f60a031-0183-478c-a1f8-a3bdd37d7b0b,pdf,train,organizacion_consecuencias_republicanas,27
outputs/agn-snapshot-v1/reviewed-export.json,9f60a031-0183-478c-a1f8-a3bdd37d7b0b,pdf,train,participacion_social_regional,11
outputs/agn-snapshot-v1/reviewed-export.json,9fecbe5a-9fb2-4002-a088-8a2810db938e,pdf,train,campanias_conflictos_militares,6
outputs/agn-snapshot-v1/reviewed-export.json,9fecbe5a-9fb2-4002-a088-8a2810db938e,pdf,train,contexto_colonial_antecedentes,12
outputs/agn-snapshot-v1/reviewed-export.json,9fecbe5a-9fb2-4002-a088-8a2810db938e,pdf,train,crisis_ideas_emancipadoras,3
outputs/agn-snapshot-v1/reviewed-export.json,9fecbe5a-9fb2-4002-a088-8a2810db938e,pdf,train,liderazgos_diplomacia_proyectos,0
outputs/agn-snapshot-v1/reviewed-export.json,9fecbe5a-9fb2-4002-a088-8a2810db938e,pdf,train,no_relevante,16
outputs/agn-snapshot-v1/reviewed-export.json,9fecbe5a-9fb2-4002-a088-8a2810db938e,pdf,train,organizacion_consecuencias_republicanas,0
outputs/agn-snapshot-v1/reviewed-export.json,9fecbe5a-9fb2-4002-a088-8a2810db938e,pdf,train,participacion_social_regional,21
outputs/agn-snapshot-v1/reviewed-export.json,b23a4bf1-b9f4-4c08-bb89-a4cf4a67e004,pdf,val,campanias_conflictos_militares,4
outputs/agn-snapshot-v1/reviewed-export.json,b23a4bf1-b9f4-4c08-bb89-a4cf4a67e004,pdf,val,contexto_colonial_antecedentes,16
outputs/agn-snapshot-v1/reviewed-export.json,b23a4bf1-b9f4-4c08-bb89-a4cf4a67e004,pdf,val,crisis_ideas_emancipadoras,15
outputs/agn-snapshot-v1/reviewed-export.json,b23a4bf1-b9f4-4c08-bb89-a4cf4a67e004,pdf,val,liderazgos_diplomacia_proyectos,4
outputs/agn-snapshot-v1/reviewed-export.json,b23a4bf1-b9f4-4c08-bb89-a4cf4a67e004,pdf,val,no_relevante,16
outputs/agn-snapshot-v1/reviewed-export.json,b23a4bf1-b9f4-4c08-bb89-a4cf4a67e004,pdf,val,organizacion_consecuencias_republicanas,15
outputs/agn-snapshot-v1/reviewed-export.json,b23a4bf1-b9f4-4c08-bb89-a4cf4a67e004,pdf,val,participacion_social_regional,11
outputs/agn-snapshot-v1/reviewed-export.json,e32181bc-41d0-4400-a76d-eb11fc88bf71,pdf,train,campanias_conflictos_militares,10
outputs/agn-snapshot-v1/reviewed-export.json,e32181bc-41d0-4400-a76d-eb11fc88bf71,pdf,train,contexto_colonial_antecedentes,0
outputs/agn-snapshot-v1/reviewed-export.json,e32181bc-41d0-4400-a76d-eb11fc88bf71,pdf,train,crisis_ideas_emancipadoras,0
outputs/agn-snapshot-v1/reviewed-export.json,e32181bc-41d0-4400-a76d-eb11fc88bf71,pdf,train,liderazgos_diplomacia_proyectos,6
outputs/agn-snapshot-v1/reviewed-export.json,e32181bc-41d0-4400-a76d-eb11fc88bf71,pdf,train,no_relevante,4
outputs/agn-snapshot-v1/reviewed-export.json,e32181bc-41d0-4400-a76d-eb11fc88bf71,pdf,train,organizacion_consecuencias_republicanas,0
outputs/agn-snapshot-v1/reviewed-export.json,e32181bc-41d0-4400-a76d-eb11fc88bf71,pdf,train,participacion_social_regional,28
outputs/agn-snapshot-v1/maintenance/snapshot.json,0ea45102-057d-4bff-b527-f36326f66d33,pdf,train,campanias_conflictos_militares,1
outputs/agn-snapshot-v1/maintenance/snapshot.json,0ea45102-057d-4bff-b527-f36326f66d33,pdf,train,contexto_colonial_antecedentes,6
outputs/agn-snapshot-v1/maintenance/snapshot.json,0ea45102-057d-4bff-b527-f36326f66d33,pdf,train,crisis_ideas_emancipadoras,29
outputs/agn-snapshot-v1/maintenance/snapshot.json,0ea45102-057d-4bff-b527-f36326f66d33,pdf,train,liderazgos_diplomacia_proyectos,21
outputs/agn-snapshot-v1/maintenance/snapshot.json,0ea45102-057d-4bff-b527-f36326f66d33,pdf,train,no_relevante,28
outputs/agn-snapshot-v1/maintenance/snapshot.json,0ea45102-057d-4bff-b527-f36326f66d33,pdf,train,organizacion_consecuencias_republicanas,1
outputs/agn-snapshot-v1/maintenance/snapshot.json,0ea45102-057d-4bff-b527-f36326f66d33,pdf,train,participacion_social_regional,17
outputs/agn-snapshot-v1/maintenance/snapshot.json,15e52806-3d75-4117-937d-7c7eda594579,youtube,test,campanias_conflictos_militares,1
outputs/agn-snapshot-v1/maintenance/snapshot.json,15e52806-3d75-4117-937d-7c7eda594579,youtube,test,contexto_colonial_antecedentes,14
outputs/agn-snapshot-v1/maintenance/snapshot.json,15e52806-3d75-4117-937d-7c7eda594579,youtube,test,crisis_ideas_emancipadoras,22
outputs/agn-snapshot-v1/maintenance/snapshot.json,15e52806-3d75-4117-937d-7c7eda594579,youtube,test,liderazgos_diplomacia_proyectos,1
outputs/agn-snapshot-v1/maintenance/snapshot.json,15e52806-3d75-4117-937d-7c7eda594579,youtube,test,no_relevante,22
outputs/agn-snapshot-v1/maintenance/snapshot.json,15e52806-3d75-4117-937d-7c7eda594579,youtube,test,organizacion_consecuencias_republicanas,2
outputs/agn-snapshot-v1/maintenance/snapshot.json,15e52806-3d75-4117-937d-7c7eda594579,youtube,test,participacion_social_regional,10
outputs/agn-snapshot-v1/maintenance/snapshot.json,17552e18-8e04-53f8-a48f-b60ed56fbbd0,pdf,train,campanias_conflictos_militares,0
outputs/agn-snapshot-v1/maintenance/snapshot.json,17552e18-8e04-53f8-a48f-b60ed56fbbd0,pdf,train,contexto_colonial_antecedentes,1
outputs/agn-snapshot-v1/maintenance/snapshot.json,17552e18-8e04-53f8-a48f-b60ed56fbbd0,pdf,train,crisis_ideas_emancipadoras,0
outputs/agn-snapshot-v1/maintenance/snapshot.json,17552e18-8e04-53f8-a48f-b60ed56fbbd0,pdf,train,liderazgos_diplomacia_proyectos,0
outputs/agn-snapshot-v1/maintenance/snapshot.json,17552e18-8e04-53f8-a48f-b60ed56fbbd0,pdf,train,no_relevante,0
outputs/agn-snapshot-v1/maintenance/snapshot.json,17552e18-8e04-53f8-a48f-b60ed56fbbd0,pdf,train,organizacion_consecuencias_republicanas,0
outputs/agn-snapshot-v1/maintenance/snapshot.json,17552e18-8e04-53f8-a48f-b60ed56fbbd0,pdf,train,participacion_social_regional,1
outputs/agn-snapshot-v1/maintenance/snapshot.json,4ca9c84a-627b-4027-8216-fdc07c506727,pdf,test,campanias_conflictos_militares,6
outputs/agn-snapshot-v1/maintenance/snapshot.json,4ca9c84a-627b-4027-8216-fdc07c506727,pdf,test,contexto_colonial_antecedentes,0
outputs/agn-snapshot-v1/maintenance/snapshot.json,4ca9c84a-627b-4027-8216-fdc07c506727,pdf,test,crisis_ideas_emancipadoras,6
outputs/agn-snapshot-v1/maintenance/snapshot.json,4ca9c84a-627b-4027-8216-fdc07c506727,pdf,test,liderazgos_diplomacia_proyectos,22
outputs/agn-snapshot-v1/maintenance/snapshot.json,4ca9c84a-627b-4027-8216-fdc07c506727,pdf,test,no_relevante,17
outputs/agn-snapshot-v1/maintenance/snapshot.json,4ca9c84a-627b-4027-8216-fdc07c506727,pdf,test,organizacion_consecuencias_republicanas,12
outputs/agn-snapshot-v1/maintenance/snapshot.json,4ca9c84a-627b-4027-8216-fdc07c506727,pdf,test,participacion_social_regional,2
outputs/agn-snapshot-v1/maintenance/snapshot.json,514f190e-5d01-497a-a6ef-648601cd8bdb,youtube,train,campanias_conflictos_militares,1
outputs/agn-snapshot-v1/maintenance/snapshot.json,514f190e-5d01-497a-a6ef-648601cd8bdb,youtube,train,contexto_colonial_antecedentes,0
outputs/agn-snapshot-v1/maintenance/snapshot.json,514f190e-5d01-497a-a6ef-648601cd8bdb,youtube,train,crisis_ideas_emancipadoras,19
outputs/agn-snapshot-v1/maintenance/snapshot.json,514f190e-5d01-497a-a6ef-648601cd8bdb,youtube,train,liderazgos_diplomacia_proyectos,15
outputs/agn-snapshot-v1/maintenance/snapshot.json,514f190e-5d01-497a-a6ef-648601cd8bdb,youtube,train,no_relevante,28
outputs/agn-snapshot-v1/maintenance/snapshot.json,514f190e-5d01-497a-a6ef-648601cd8bdb,youtube,train,organizacion_consecuencias_republicanas,6
outputs/agn-snapshot-v1/maintenance/snapshot.json,514f190e-5d01-497a-a6ef-648601cd8bdb,youtube,train,participacion_social_regional,3
outputs/agn-snapshot-v1/maintenance/snapshot.json,747ca90f-92fc-4d19-aec4-6dfc34c2917e,pdf,train,campanias_conflictos_militares,70
outputs/agn-snapshot-v1/maintenance/snapshot.json,747ca90f-92fc-4d19-aec4-6dfc34c2917e,pdf,train,contexto_colonial_antecedentes,52
outputs/agn-snapshot-v1/maintenance/snapshot.json,747ca90f-92fc-4d19-aec4-6dfc34c2917e,pdf,train,crisis_ideas_emancipadoras,6
outputs/agn-snapshot-v1/maintenance/snapshot.json,747ca90f-92fc-4d19-aec4-6dfc34c2917e,pdf,train,liderazgos_diplomacia_proyectos,42
outputs/agn-snapshot-v1/maintenance/snapshot.json,747ca90f-92fc-4d19-aec4-6dfc34c2917e,pdf,train,no_relevante,13
outputs/agn-snapshot-v1/maintenance/snapshot.json,747ca90f-92fc-4d19-aec4-6dfc34c2917e,pdf,train,organizacion_consecuencias_republicanas,59
outputs/agn-snapshot-v1/maintenance/snapshot.json,747ca90f-92fc-4d19-aec4-6dfc34c2917e,pdf,train,participacion_social_regional,1
outputs/agn-snapshot-v1/maintenance/snapshot.json,9154f7f7-86c9-4bad-bcba-47eaf54b93e1,pdf,train,campanias_conflictos_militares,0
outputs/agn-snapshot-v1/maintenance/snapshot.json,9154f7f7-86c9-4bad-bcba-47eaf54b93e1,pdf,train,contexto_colonial_antecedentes,0
outputs/agn-snapshot-v1/maintenance/snapshot.json,9154f7f7-86c9-4bad-bcba-47eaf54b93e1,pdf,train,crisis_ideas_emancipadoras,2
outputs/agn-snapshot-v1/maintenance/snapshot.json,9154f7f7-86c9-4bad-bcba-47eaf54b93e1,pdf,train,liderazgos_diplomacia_proyectos,5
outputs/agn-snapshot-v1/maintenance/snapshot.json,9154f7f7-86c9-4bad-bcba-47eaf54b93e1,pdf,train,no_relevante,1
outputs/agn-snapshot-v1/maintenance/snapshot.json,9154f7f7-86c9-4bad-bcba-47eaf54b93e1,pdf,train,organizacion_consecuencias_republicanas,8
outputs/agn-snapshot-v1/maintenance/snapshot.json,9154f7f7-86c9-4bad-bcba-47eaf54b93e1,pdf,train,participacion_social_regional,2
outputs/agn-snapshot-v1/maintenance/snapshot.json,9f60a031-0183-478c-a1f8-a3bdd37d7b0b,pdf,train,campanias_conflictos_militares,0
outputs/agn-snapshot-v1/maintenance/snapshot.json,9f60a031-0183-478c-a1f8-a3bdd37d7b0b,pdf,train,contexto_colonial_antecedentes,0
outputs/agn-snapshot-v1/maintenance/snapshot.json,9f60a031-0183-478c-a1f8-a3bdd37d7b0b,pdf,train,crisis_ideas_emancipadoras,0
outputs/agn-snapshot-v1/maintenance/snapshot.json,9f60a031-0183-478c-a1f8-a3bdd37d7b0b,pdf,train,liderazgos_diplomacia_proyectos,4
outputs/agn-snapshot-v1/maintenance/snapshot.json,9f60a031-0183-478c-a1f8-a3bdd37d7b0b,pdf,train,no_relevante,11
outputs/agn-snapshot-v1/maintenance/snapshot.json,9f60a031-0183-478c-a1f8-a3bdd37d7b0b,pdf,train,organizacion_consecuencias_republicanas,27
outputs/agn-snapshot-v1/maintenance/snapshot.json,9f60a031-0183-478c-a1f8-a3bdd37d7b0b,pdf,train,participacion_social_regional,11
outputs/agn-snapshot-v1/maintenance/snapshot.json,9fecbe5a-9fb2-4002-a088-8a2810db938e,pdf,train,campanias_conflictos_militares,6
outputs/agn-snapshot-v1/maintenance/snapshot.json,9fecbe5a-9fb2-4002-a088-8a2810db938e,pdf,train,contexto_colonial_antecedentes,12
outputs/agn-snapshot-v1/maintenance/snapshot.json,9fecbe5a-9fb2-4002-a088-8a2810db938e,pdf,train,crisis_ideas_emancipadoras,3
outputs/agn-snapshot-v1/maintenance/snapshot.json,9fecbe5a-9fb2-4002-a088-8a2810db938e,pdf,train,liderazgos_diplomacia_proyectos,0
outputs/agn-snapshot-v1/maintenance/snapshot.json,9fecbe5a-9fb2-4002-a088-8a2810db938e,pdf,train,no_relevante,16
outputs/agn-snapshot-v1/maintenance/snapshot.json,9fecbe5a-9fb2-4002-a088-8a2810db938e,pdf,train,organizacion_consecuencias_republicanas,0
outputs/agn-snapshot-v1/maintenance/snapshot.json,9fecbe5a-9fb2-4002-a088-8a2810db938e,pdf,train,participacion_social_regional,21
outputs/agn-snapshot-v1/maintenance/snapshot.json,b23a4bf1-b9f4-4c08-bb89-a4cf4a67e004,pdf,val,campanias_conflictos_militares,4
outputs/agn-snapshot-v1/maintenance/snapshot.json,b23a4bf1-b9f4-4c08-bb89-a4cf4a67e004,pdf,val,contexto_colonial_antecedentes,16
outputs/agn-snapshot-v1/maintenance/snapshot.json,b23a4bf1-b9f4-4c08-bb89-a4cf4a67e004,pdf,val,crisis_ideas_emancipadoras,15
outputs/agn-snapshot-v1/maintenance/snapshot.json,b23a4bf1-b9f4-4c08-bb89-a4cf4a67e004,pdf,val,liderazgos_diplomacia_proyectos,4
outputs/agn-snapshot-v1/maintenance/snapshot.json,b23a4bf1-b9f4-4c08-bb89-a4cf4a67e004,pdf,val,no_relevante,16
outputs/agn-snapshot-v1/maintenance/snapshot.json,b23a4bf1-b9f4-4c08-bb89-a4cf4a67e004,pdf,val,organizacion_consecuencias_republicanas,15
outputs/agn-snapshot-v1/maintenance/snapshot.json,b23a4bf1-b9f4-4c08-bb89-a4cf4a67e004,pdf,val,participacion_social_regional,11
outputs/agn-snapshot-v1/maintenance/snapshot.json,e32181bc-41d0-4400-a76d-eb11fc88bf71,pdf,train,campanias_conflictos_militares,10
outputs/agn-snapshot-v1/maintenance/snapshot.json,e32181bc-41d0-4400-a76d-eb11fc88bf71,pdf,train,contexto_colonial_antecedentes,0
outputs/agn-snapshot-v1/maintenance/snapshot.json,e32181bc-41d0-4400-a76d-eb11fc88bf71,pdf,train,crisis_ideas_emancipadoras,0
outputs/agn-snapshot-v1/maintenance/snapshot.json,e32181bc-41d0-4400-a76d-eb11fc88bf71,pdf,train,liderazgos_diplomacia_proyectos,6
outputs/agn-snapshot-v1/maintenance/snapshot.json,e32181bc-41d0-4400-a76d-eb11fc88bf71,pdf,train,no_relevante,4
outputs/agn-snapshot-v1/maintenance/snapshot.json,e32181bc-41d0-4400-a76d-eb11fc88bf71,pdf,train,organizacion_consecuencias_republicanas,0
outputs/agn-snapshot-v1/maintenance/snapshot.json,e32181bc-41d0-4400-a76d-eb11fc88bf71,pdf,train,participacion_social_regional,28
outputs/beto-ideas-contrast-v1/passages.json,UNKNOWN,UNKNOWN,UNSPECIFIED,crisis_ideas_emancipadoras,8
outputs/beto-ideas-contrast-v1/passages.json,UNKNOWN,UNKNOWN,UNSPECIFIED,liderazgos_diplomacia_proyectos,1
outputs/beto-ideas-contrast-v1/passages.json,UNKNOWN,UNKNOWN,UNSPECIFIED,organizacion_consecuencias_republicanas,2
outputs/beto-ideas-contrast-v1/passages.json,UNKNOWN,UNKNOWN,UNSPECIFIED,participacion_social_regional,1
outputs/corpus-snapshot-v2/reviewed-export.json,0ea45102-057d-4bff-b527-f36326f66d33,pdf,train,campanias_conflictos_militares,1
outputs/corpus-snapshot-v2/reviewed-export.json,0ea45102-057d-4bff-b527-f36326f66d33,pdf,train,contexto_colonial_antecedentes,6
outputs/corpus-snapshot-v2/reviewed-export.json,0ea45102-057d-4bff-b527-f36326f66d33,pdf,train,crisis_ideas_emancipadoras,28
outputs/corpus-snapshot-v2/reviewed-export.json,0ea45102-057d-4bff-b527-f36326f66d33,pdf,train,liderazgos_diplomacia_proyectos,21
outputs/corpus-snapshot-v2/reviewed-export.json,0ea45102-057d-4bff-b527-f36326f66d33,pdf,train,no_relevante,28
outputs/corpus-snapshot-v2/reviewed-export.json,0ea45102-057d-4bff-b527-f36326f66d33,pdf,train,organizacion_consecuencias_republicanas,1
outputs/corpus-snapshot-v2/reviewed-export.json,0ea45102-057d-4bff-b527-f36326f66d33,pdf,train,participacion_social_regional,18
outputs/corpus-snapshot-v2/reviewed-export.json,15e52806-3d75-4117-937d-7c7eda594579,youtube,test,campanias_conflictos_militares,1
outputs/corpus-snapshot-v2/reviewed-export.json,15e52806-3d75-4117-937d-7c7eda594579,youtube,test,contexto_colonial_antecedentes,14
outputs/corpus-snapshot-v2/reviewed-export.json,15e52806-3d75-4117-937d-7c7eda594579,youtube,test,crisis_ideas_emancipadoras,22
outputs/corpus-snapshot-v2/reviewed-export.json,15e52806-3d75-4117-937d-7c7eda594579,youtube,test,liderazgos_diplomacia_proyectos,1
outputs/corpus-snapshot-v2/reviewed-export.json,15e52806-3d75-4117-937d-7c7eda594579,youtube,test,no_relevante,22
outputs/corpus-snapshot-v2/reviewed-export.json,15e52806-3d75-4117-937d-7c7eda594579,youtube,test,organizacion_consecuencias_republicanas,2
outputs/corpus-snapshot-v2/reviewed-export.json,15e52806-3d75-4117-937d-7c7eda594579,youtube,test,participacion_social_regional,10
outputs/corpus-snapshot-v2/reviewed-export.json,17552e18-8e04-53f8-a48f-b60ed56fbbd0,pdf,train,campanias_conflictos_militares,0
outputs/corpus-snapshot-v2/reviewed-export.json,17552e18-8e04-53f8-a48f-b60ed56fbbd0,pdf,train,contexto_colonial_antecedentes,1
outputs/corpus-snapshot-v2/reviewed-export.json,17552e18-8e04-53f8-a48f-b60ed56fbbd0,pdf,train,crisis_ideas_emancipadoras,0
outputs/corpus-snapshot-v2/reviewed-export.json,17552e18-8e04-53f8-a48f-b60ed56fbbd0,pdf,train,liderazgos_diplomacia_proyectos,0
outputs/corpus-snapshot-v2/reviewed-export.json,17552e18-8e04-53f8-a48f-b60ed56fbbd0,pdf,train,no_relevante,0
outputs/corpus-snapshot-v2/reviewed-export.json,17552e18-8e04-53f8-a48f-b60ed56fbbd0,pdf,train,organizacion_consecuencias_republicanas,0
outputs/corpus-snapshot-v2/reviewed-export.json,17552e18-8e04-53f8-a48f-b60ed56fbbd0,pdf,train,participacion_social_regional,1
outputs/corpus-snapshot-v2/reviewed-export.json,48262fb6-dee2-531e-b001-536c5928a9ca,pdf,train,campanias_conflictos_militares,0
outputs/corpus-snapshot-v2/reviewed-export.json,48262fb6-dee2-531e-b001-536c5928a9ca,pdf,train,contexto_colonial_antecedentes,0
outputs/corpus-snapshot-v2/reviewed-export.json,48262fb6-dee2-531e-b001-536c5928a9ca,pdf,train,crisis_ideas_emancipadoras,4
outputs/corpus-snapshot-v2/reviewed-export.json,48262fb6-dee2-531e-b001-536c5928a9ca,pdf,train,liderazgos_diplomacia_proyectos,0
outputs/corpus-snapshot-v2/reviewed-export.json,48262fb6-dee2-531e-b001-536c5928a9ca,pdf,train,no_relevante,0
outputs/corpus-snapshot-v2/reviewed-export.json,48262fb6-dee2-531e-b001-536c5928a9ca,pdf,train,organizacion_consecuencias_republicanas,0
outputs/corpus-snapshot-v2/reviewed-export.json,48262fb6-dee2-531e-b001-536c5928a9ca,pdf,train,participacion_social_regional,0
outputs/corpus-snapshot-v2/reviewed-export.json,4ca9c84a-627b-4027-8216-fdc07c506727,pdf,test,campanias_conflictos_militares,6
outputs/corpus-snapshot-v2/reviewed-export.json,4ca9c84a-627b-4027-8216-fdc07c506727,pdf,test,contexto_colonial_antecedentes,0
outputs/corpus-snapshot-v2/reviewed-export.json,4ca9c84a-627b-4027-8216-fdc07c506727,pdf,test,crisis_ideas_emancipadoras,6
outputs/corpus-snapshot-v2/reviewed-export.json,4ca9c84a-627b-4027-8216-fdc07c506727,pdf,test,liderazgos_diplomacia_proyectos,22
outputs/corpus-snapshot-v2/reviewed-export.json,4ca9c84a-627b-4027-8216-fdc07c506727,pdf,test,no_relevante,17
outputs/corpus-snapshot-v2/reviewed-export.json,4ca9c84a-627b-4027-8216-fdc07c506727,pdf,test,organizacion_consecuencias_republicanas,12
outputs/corpus-snapshot-v2/reviewed-export.json,4ca9c84a-627b-4027-8216-fdc07c506727,pdf,test,participacion_social_regional,2
outputs/corpus-snapshot-v2/reviewed-export.json,514f190e-5d01-497a-a6ef-648601cd8bdb,youtube,train,campanias_conflictos_militares,1
outputs/corpus-snapshot-v2/reviewed-export.json,514f190e-5d01-497a-a6ef-648601cd8bdb,youtube,train,contexto_colonial_antecedentes,0
outputs/corpus-snapshot-v2/reviewed-export.json,514f190e-5d01-497a-a6ef-648601cd8bdb,youtube,train,crisis_ideas_emancipadoras,19
outputs/corpus-snapshot-v2/reviewed-export.json,514f190e-5d01-497a-a6ef-648601cd8bdb,youtube,train,liderazgos_diplomacia_proyectos,15
outputs/corpus-snapshot-v2/reviewed-export.json,514f190e-5d01-497a-a6ef-648601cd8bdb,youtube,train,no_relevante,28
outputs/corpus-snapshot-v2/reviewed-export.json,514f190e-5d01-497a-a6ef-648601cd8bdb,youtube,train,organizacion_consecuencias_republicanas,6
outputs/corpus-snapshot-v2/reviewed-export.json,514f190e-5d01-497a-a6ef-648601cd8bdb,youtube,train,participacion_social_regional,3
outputs/corpus-snapshot-v2/reviewed-export.json,747ca90f-92fc-4d19-aec4-6dfc34c2917e,pdf,train,campanias_conflictos_militares,70
outputs/corpus-snapshot-v2/reviewed-export.json,747ca90f-92fc-4d19-aec4-6dfc34c2917e,pdf,train,contexto_colonial_antecedentes,52
outputs/corpus-snapshot-v2/reviewed-export.json,747ca90f-92fc-4d19-aec4-6dfc34c2917e,pdf,train,crisis_ideas_emancipadoras,6
outputs/corpus-snapshot-v2/reviewed-export.json,747ca90f-92fc-4d19-aec4-6dfc34c2917e,pdf,train,liderazgos_diplomacia_proyectos,43
outputs/corpus-snapshot-v2/reviewed-export.json,747ca90f-92fc-4d19-aec4-6dfc34c2917e,pdf,train,no_relevante,13
outputs/corpus-snapshot-v2/reviewed-export.json,747ca90f-92fc-4d19-aec4-6dfc34c2917e,pdf,train,organizacion_consecuencias_republicanas,59
outputs/corpus-snapshot-v2/reviewed-export.json,747ca90f-92fc-4d19-aec4-6dfc34c2917e,pdf,train,participacion_social_regional,1
outputs/corpus-snapshot-v2/reviewed-export.json,9154f7f7-86c9-4bad-bcba-47eaf54b93e1,pdf,train,campanias_conflictos_militares,0
outputs/corpus-snapshot-v2/reviewed-export.json,9154f7f7-86c9-4bad-bcba-47eaf54b93e1,pdf,train,contexto_colonial_antecedentes,0
outputs/corpus-snapshot-v2/reviewed-export.json,9154f7f7-86c9-4bad-bcba-47eaf54b93e1,pdf,train,crisis_ideas_emancipadoras,0
outputs/corpus-snapshot-v2/reviewed-export.json,9154f7f7-86c9-4bad-bcba-47eaf54b93e1,pdf,train,liderazgos_diplomacia_proyectos,5
outputs/corpus-snapshot-v2/reviewed-export.json,9154f7f7-86c9-4bad-bcba-47eaf54b93e1,pdf,train,no_relevante,1
outputs/corpus-snapshot-v2/reviewed-export.json,9154f7f7-86c9-4bad-bcba-47eaf54b93e1,pdf,train,organizacion_consecuencias_republicanas,8
outputs/corpus-snapshot-v2/reviewed-export.json,9154f7f7-86c9-4bad-bcba-47eaf54b93e1,pdf,train,participacion_social_regional,2
outputs/corpus-snapshot-v2/reviewed-export.json,9f60a031-0183-478c-a1f8-a3bdd37d7b0b,pdf,train,campanias_conflictos_militares,0
outputs/corpus-snapshot-v2/reviewed-export.json,9f60a031-0183-478c-a1f8-a3bdd37d7b0b,pdf,train,contexto_colonial_antecedentes,0
outputs/corpus-snapshot-v2/reviewed-export.json,9f60a031-0183-478c-a1f8-a3bdd37d7b0b,pdf,train,crisis_ideas_emancipadoras,0
outputs/corpus-snapshot-v2/reviewed-export.json,9f60a031-0183-478c-a1f8-a3bdd37d7b0b,pdf,train,liderazgos_diplomacia_proyectos,4
outputs/corpus-snapshot-v2/reviewed-export.json,9f60a031-0183-478c-a1f8-a3bdd37d7b0b,pdf,train,no_relevante,11
outputs/corpus-snapshot-v2/reviewed-export.json,9f60a031-0183-478c-a1f8-a3bdd37d7b0b,pdf,train,organizacion_consecuencias_republicanas,26
outputs/corpus-snapshot-v2/reviewed-export.json,9f60a031-0183-478c-a1f8-a3bdd37d7b0b,pdf,train,participacion_social_regional,11
outputs/corpus-snapshot-v2/reviewed-export.json,9fecbe5a-9fb2-4002-a088-8a2810db938e,pdf,train,campanias_conflictos_militares,6
outputs/corpus-snapshot-v2/reviewed-export.json,9fecbe5a-9fb2-4002-a088-8a2810db938e,pdf,train,contexto_colonial_antecedentes,12
outputs/corpus-snapshot-v2/reviewed-export.json,9fecbe5a-9fb2-4002-a088-8a2810db938e,pdf,train,crisis_ideas_emancipadoras,3
outputs/corpus-snapshot-v2/reviewed-export.json,9fecbe5a-9fb2-4002-a088-8a2810db938e,pdf,train,liderazgos_diplomacia_proyectos,0
outputs/corpus-snapshot-v2/reviewed-export.json,9fecbe5a-9fb2-4002-a088-8a2810db938e,pdf,train,no_relevante,16
outputs/corpus-snapshot-v2/reviewed-export.json,9fecbe5a-9fb2-4002-a088-8a2810db938e,pdf,train,organizacion_consecuencias_republicanas,0
outputs/corpus-snapshot-v2/reviewed-export.json,9fecbe5a-9fb2-4002-a088-8a2810db938e,pdf,train,participacion_social_regional,21
outputs/corpus-snapshot-v2/reviewed-export.json,b23a4bf1-b9f4-4c08-bb89-a4cf4a67e004,pdf,val,campanias_conflictos_militares,4
outputs/corpus-snapshot-v2/reviewed-export.json,b23a4bf1-b9f4-4c08-bb89-a4cf4a67e004,pdf,val,contexto_colonial_antecedentes,16
outputs/corpus-snapshot-v2/reviewed-export.json,b23a4bf1-b9f4-4c08-bb89-a4cf4a67e004,pdf,val,crisis_ideas_emancipadoras,15
outputs/corpus-snapshot-v2/reviewed-export.json,b23a4bf1-b9f4-4c08-bb89-a4cf4a67e004,pdf,val,liderazgos_diplomacia_proyectos,4
outputs/corpus-snapshot-v2/reviewed-export.json,b23a4bf1-b9f4-4c08-bb89-a4cf4a67e004,pdf,val,no_relevante,16
outputs/corpus-snapshot-v2/reviewed-export.json,b23a4bf1-b9f4-4c08-bb89-a4cf4a67e004,pdf,val,organizacion_consecuencias_republicanas,15
outputs/corpus-snapshot-v2/reviewed-export.json,b23a4bf1-b9f4-4c08-bb89-a4cf4a67e004,pdf,val,participacion_social_regional,11
outputs/corpus-snapshot-v2/reviewed-export.json,e32181bc-41d0-4400-a76d-eb11fc88bf71,pdf,train,campanias_conflictos_militares,9
outputs/corpus-snapshot-v2/reviewed-export.json,e32181bc-41d0-4400-a76d-eb11fc88bf71,pdf,train,contexto_colonial_antecedentes,0
outputs/corpus-snapshot-v2/reviewed-export.json,e32181bc-41d0-4400-a76d-eb11fc88bf71,pdf,train,crisis_ideas_emancipadoras,0
outputs/corpus-snapshot-v2/reviewed-export.json,e32181bc-41d0-4400-a76d-eb11fc88bf71,pdf,train,liderazgos_diplomacia_proyectos,6
outputs/corpus-snapshot-v2/reviewed-export.json,e32181bc-41d0-4400-a76d-eb11fc88bf71,pdf,train,no_relevante,4
outputs/corpus-snapshot-v2/reviewed-export.json,e32181bc-41d0-4400-a76d-eb11fc88bf71,pdf,train,organizacion_consecuencias_republicanas,0
outputs/corpus-snapshot-v2/reviewed-export.json,e32181bc-41d0-4400-a76d-eb11fc88bf71,pdf,train,participacion_social_regional,26
outputs/corpus-snapshot-v3/reviewed-export.json,08fa49e1-abac-5645-a35e-2d7ec4a8f05d,pdf,train,campanias_conflictos_militares,0
outputs/corpus-snapshot-v3/reviewed-export.json,08fa49e1-abac-5645-a35e-2d7ec4a8f05d,pdf,train,contexto_colonial_antecedentes,0
outputs/corpus-snapshot-v3/reviewed-export.json,08fa49e1-abac-5645-a35e-2d7ec4a8f05d,pdf,train,crisis_ideas_emancipadoras,0
outputs/corpus-snapshot-v3/reviewed-export.json,08fa49e1-abac-5645-a35e-2d7ec4a8f05d,pdf,train,liderazgos_diplomacia_proyectos,6
outputs/corpus-snapshot-v3/reviewed-export.json,08fa49e1-abac-5645-a35e-2d7ec4a8f05d,pdf,train,no_relevante,0
outputs/corpus-snapshot-v3/reviewed-export.json,08fa49e1-abac-5645-a35e-2d7ec4a8f05d,pdf,train,organizacion_consecuencias_republicanas,0
outputs/corpus-snapshot-v3/reviewed-export.json,08fa49e1-abac-5645-a35e-2d7ec4a8f05d,pdf,train,participacion_social_regional,0
outputs/corpus-snapshot-v3/reviewed-export.json,0ea45102-057d-4bff-b527-f36326f66d33,pdf,train,campanias_conflictos_militares,1
outputs/corpus-snapshot-v3/reviewed-export.json,0ea45102-057d-4bff-b527-f36326f66d33,pdf,train,contexto_colonial_antecedentes,6
outputs/corpus-snapshot-v3/reviewed-export.json,0ea45102-057d-4bff-b527-f36326f66d33,pdf,train,crisis_ideas_emancipadoras,28
outputs/corpus-snapshot-v3/reviewed-export.json,0ea45102-057d-4bff-b527-f36326f66d33,pdf,train,liderazgos_diplomacia_proyectos,21
outputs/corpus-snapshot-v3/reviewed-export.json,0ea45102-057d-4bff-b527-f36326f66d33,pdf,train,no_relevante,28
outputs/corpus-snapshot-v3/reviewed-export.json,0ea45102-057d-4bff-b527-f36326f66d33,pdf,train,organizacion_consecuencias_republicanas,1
outputs/corpus-snapshot-v3/reviewed-export.json,0ea45102-057d-4bff-b527-f36326f66d33,pdf,train,participacion_social_regional,18
outputs/corpus-snapshot-v3/reviewed-export.json,11b4365c-87f9-5b8d-802f-a0d2aafc478a,pdf,train,campanias_conflictos_militares,0
outputs/corpus-snapshot-v3/reviewed-export.json,11b4365c-87f9-5b8d-802f-a0d2aafc478a,pdf,train,contexto_colonial_antecedentes,1
outputs/corpus-snapshot-v3/reviewed-export.json,11b4365c-87f9-5b8d-802f-a0d2aafc478a,pdf,train,crisis_ideas_emancipadoras,0
outputs/corpus-snapshot-v3/reviewed-export.json,11b4365c-87f9-5b8d-802f-a0d2aafc478a,pdf,train,liderazgos_diplomacia_proyectos,0
outputs/corpus-snapshot-v3/reviewed-export.json,11b4365c-87f9-5b8d-802f-a0d2aafc478a,pdf,train,no_relevante,0
outputs/corpus-snapshot-v3/reviewed-export.json,11b4365c-87f9-5b8d-802f-a0d2aafc478a,pdf,train,organizacion_consecuencias_republicanas,3
outputs/corpus-snapshot-v3/reviewed-export.json,11b4365c-87f9-5b8d-802f-a0d2aafc478a,pdf,train,participacion_social_regional,0
outputs/corpus-snapshot-v3/reviewed-export.json,15e52806-3d75-4117-937d-7c7eda594579,youtube,test,campanias_conflictos_militares,1
outputs/corpus-snapshot-v3/reviewed-export.json,15e52806-3d75-4117-937d-7c7eda594579,youtube,test,contexto_colonial_antecedentes,14
outputs/corpus-snapshot-v3/reviewed-export.json,15e52806-3d75-4117-937d-7c7eda594579,youtube,test,crisis_ideas_emancipadoras,22
outputs/corpus-snapshot-v3/reviewed-export.json,15e52806-3d75-4117-937d-7c7eda594579,youtube,test,liderazgos_diplomacia_proyectos,1
outputs/corpus-snapshot-v3/reviewed-export.json,15e52806-3d75-4117-937d-7c7eda594579,youtube,test,no_relevante,22
outputs/corpus-snapshot-v3/reviewed-export.json,15e52806-3d75-4117-937d-7c7eda594579,youtube,test,organizacion_consecuencias_republicanas,2
outputs/corpus-snapshot-v3/reviewed-export.json,15e52806-3d75-4117-937d-7c7eda594579,youtube,test,participacion_social_regional,10
outputs/corpus-snapshot-v3/reviewed-export.json,17552e18-8e04-53f8-a48f-b60ed56fbbd0,pdf,train,campanias_conflictos_militares,0
outputs/corpus-snapshot-v3/reviewed-export.json,17552e18-8e04-53f8-a48f-b60ed56fbbd0,pdf,train,contexto_colonial_antecedentes,1
outputs/corpus-snapshot-v3/reviewed-export.json,17552e18-8e04-53f8-a48f-b60ed56fbbd0,pdf,train,crisis_ideas_emancipadoras,0
outputs/corpus-snapshot-v3/reviewed-export.json,17552e18-8e04-53f8-a48f-b60ed56fbbd0,pdf,train,liderazgos_diplomacia_proyectos,0
outputs/corpus-snapshot-v3/reviewed-export.json,17552e18-8e04-53f8-a48f-b60ed56fbbd0,pdf,train,no_relevante,0
outputs/corpus-snapshot-v3/reviewed-export.json,17552e18-8e04-53f8-a48f-b60ed56fbbd0,pdf,train,organizacion_consecuencias_republicanas,0
outputs/corpus-snapshot-v3/reviewed-export.json,17552e18-8e04-53f8-a48f-b60ed56fbbd0,pdf,train,participacion_social_regional,1
outputs/corpus-snapshot-v3/reviewed-export.json,1c8bc7af-a9f6-5392-b3ff-6d7433fb010a,pdf,train,campanias_conflictos_militares,0
outputs/corpus-snapshot-v3/reviewed-export.json,1c8bc7af-a9f6-5392-b3ff-6d7433fb010a,pdf,train,contexto_colonial_antecedentes,0
outputs/corpus-snapshot-v3/reviewed-export.json,1c8bc7af-a9f6-5392-b3ff-6d7433fb010a,pdf,train,crisis_ideas_emancipadoras,14
outputs/corpus-snapshot-v3/reviewed-export.json,1c8bc7af-a9f6-5392-b3ff-6d7433fb010a,pdf,train,liderazgos_diplomacia_proyectos,1
outputs/corpus-snapshot-v3/reviewed-export.json,1c8bc7af-a9f6-5392-b3ff-6d7433fb010a,pdf,train,no_relevante,0
outputs/corpus-snapshot-v3/reviewed-export.json,1c8bc7af-a9f6-5392-b3ff-6d7433fb010a,pdf,train,organizacion_consecuencias_republicanas,0
outputs/corpus-snapshot-v3/reviewed-export.json,1c8bc7af-a9f6-5392-b3ff-6d7433fb010a,pdf,train,participacion_social_regional,3
outputs/corpus-snapshot-v3/reviewed-export.json,48262fb6-dee2-531e-b001-536c5928a9ca,pdf,train,campanias_conflictos_militares,0
outputs/corpus-snapshot-v3/reviewed-export.json,48262fb6-dee2-531e-b001-536c5928a9ca,pdf,train,contexto_colonial_antecedentes,0
outputs/corpus-snapshot-v3/reviewed-export.json,48262fb6-dee2-531e-b001-536c5928a9ca,pdf,train,crisis_ideas_emancipadoras,4
outputs/corpus-snapshot-v3/reviewed-export.json,48262fb6-dee2-531e-b001-536c5928a9ca,pdf,train,liderazgos_diplomacia_proyectos,0
outputs/corpus-snapshot-v3/reviewed-export.json,48262fb6-dee2-531e-b001-536c5928a9ca,pdf,train,no_relevante,0
outputs/corpus-snapshot-v3/reviewed-export.json,48262fb6-dee2-531e-b001-536c5928a9ca,pdf,train,organizacion_consecuencias_republicanas,0
outputs/corpus-snapshot-v3/reviewed-export.json,48262fb6-dee2-531e-b001-536c5928a9ca,pdf,train,participacion_social_regional,0
outputs/corpus-snapshot-v3/reviewed-export.json,4ca9c84a-627b-4027-8216-fdc07c506727,pdf,test,campanias_conflictos_militares,6
outputs/corpus-snapshot-v3/reviewed-export.json,4ca9c84a-627b-4027-8216-fdc07c506727,pdf,test,contexto_colonial_antecedentes,0
outputs/corpus-snapshot-v3/reviewed-export.json,4ca9c84a-627b-4027-8216-fdc07c506727,pdf,test,crisis_ideas_emancipadoras,6
outputs/corpus-snapshot-v3/reviewed-export.json,4ca9c84a-627b-4027-8216-fdc07c506727,pdf,test,liderazgos_diplomacia_proyectos,22
outputs/corpus-snapshot-v3/reviewed-export.json,4ca9c84a-627b-4027-8216-fdc07c506727,pdf,test,no_relevante,17
outputs/corpus-snapshot-v3/reviewed-export.json,4ca9c84a-627b-4027-8216-fdc07c506727,pdf,test,organizacion_consecuencias_republicanas,12
outputs/corpus-snapshot-v3/reviewed-export.json,4ca9c84a-627b-4027-8216-fdc07c506727,pdf,test,participacion_social_regional,2
outputs/corpus-snapshot-v3/reviewed-export.json,514f190e-5d01-497a-a6ef-648601cd8bdb,youtube,train,campanias_conflictos_militares,1
outputs/corpus-snapshot-v3/reviewed-export.json,514f190e-5d01-497a-a6ef-648601cd8bdb,youtube,train,contexto_colonial_antecedentes,0
outputs/corpus-snapshot-v3/reviewed-export.json,514f190e-5d01-497a-a6ef-648601cd8bdb,youtube,train,crisis_ideas_emancipadoras,19
outputs/corpus-snapshot-v3/reviewed-export.json,514f190e-5d01-497a-a6ef-648601cd8bdb,youtube,train,liderazgos_diplomacia_proyectos,15
outputs/corpus-snapshot-v3/reviewed-export.json,514f190e-5d01-497a-a6ef-648601cd8bdb,youtube,train,no_relevante,28
outputs/corpus-snapshot-v3/reviewed-export.json,514f190e-5d01-497a-a6ef-648601cd8bdb,youtube,train,organizacion_consecuencias_republicanas,6
outputs/corpus-snapshot-v3/reviewed-export.json,514f190e-5d01-497a-a6ef-648601cd8bdb,youtube,train,participacion_social_regional,3
outputs/corpus-snapshot-v3/reviewed-export.json,747ca90f-92fc-4d19-aec4-6dfc34c2917e,pdf,train,campanias_conflictos_militares,70
outputs/corpus-snapshot-v3/reviewed-export.json,747ca90f-92fc-4d19-aec4-6dfc34c2917e,pdf,train,contexto_colonial_antecedentes,40
outputs/corpus-snapshot-v3/reviewed-export.json,747ca90f-92fc-4d19-aec4-6dfc34c2917e,pdf,train,crisis_ideas_emancipadoras,7
outputs/corpus-snapshot-v3/reviewed-export.json,747ca90f-92fc-4d19-aec4-6dfc34c2917e,pdf,train,liderazgos_diplomacia_proyectos,43
outputs/corpus-snapshot-v3/reviewed-export.json,747ca90f-92fc-4d19-aec4-6dfc34c2917e,pdf,train,no_relevante,13
outputs/corpus-snapshot-v3/reviewed-export.json,747ca90f-92fc-4d19-aec4-6dfc34c2917e,pdf,train,organizacion_consecuencias_republicanas,64
outputs/corpus-snapshot-v3/reviewed-export.json,747ca90f-92fc-4d19-aec4-6dfc34c2917e,pdf,train,participacion_social_regional,1
outputs/corpus-snapshot-v3/reviewed-export.json,776e9620-a23b-54e8-bf0e-d5a27ed2969a,pdf,train,campanias_conflictos_militares,0
outputs/corpus-snapshot-v3/reviewed-export.json,776e9620-a23b-54e8-bf0e-d5a27ed2969a,pdf,train,contexto_colonial_antecedentes,0
outputs/corpus-snapshot-v3/reviewed-export.json,776e9620-a23b-54e8-bf0e-d5a27ed2969a,pdf,train,crisis_ideas_emancipadoras,0
outputs/corpus-snapshot-v3/reviewed-export.json,776e9620-a23b-54e8-bf0e-d5a27ed2969a,pdf,train,liderazgos_diplomacia_proyectos,0
outputs/corpus-snapshot-v3/reviewed-export.json,776e9620-a23b-54e8-bf0e-d5a27ed2969a,pdf,train,no_relevante,0
outputs/corpus-snapshot-v3/reviewed-export.json,776e9620-a23b-54e8-bf0e-d5a27ed2969a,pdf,train,organizacion_consecuencias_republicanas,0
outputs/corpus-snapshot-v3/reviewed-export.json,776e9620-a23b-54e8-bf0e-d5a27ed2969a,pdf,train,participacion_social_regional,1
outputs/corpus-snapshot-v3/reviewed-export.json,7ef1a1d4-97c6-55cf-990b-3a7b1fbb0f9d,pdf,train,campanias_conflictos_militares,0
outputs/corpus-snapshot-v3/reviewed-export.json,7ef1a1d4-97c6-55cf-990b-3a7b1fbb0f9d,pdf,train,contexto_colonial_antecedentes,0
outputs/corpus-snapshot-v3/reviewed-export.json,7ef1a1d4-97c6-55cf-990b-3a7b1fbb0f9d,pdf,train,crisis_ideas_emancipadoras,0
outputs/corpus-snapshot-v3/reviewed-export.json,7ef1a1d4-97c6-55cf-990b-3a7b1fbb0f9d,pdf,train,liderazgos_diplomacia_proyectos,0
outputs/corpus-snapshot-v3/reviewed-export.json,7ef1a1d4-97c6-55cf-990b-3a7b1fbb0f9d,pdf,train,no_relevante,0
outputs/corpus-snapshot-v3/reviewed-export.json,7ef1a1d4-97c6-55cf-990b-3a7b1fbb0f9d,pdf,train,organizacion_consecuencias_republicanas,0
outputs/corpus-snapshot-v3/reviewed-export.json,7ef1a1d4-97c6-55cf-990b-3a7b1fbb0f9d,pdf,train,participacion_social_regional,1
outputs/corpus-snapshot-v3/reviewed-export.json,9154f7f7-86c9-4bad-bcba-47eaf54b93e1,pdf,train,campanias_conflictos_militares,0
outputs/corpus-snapshot-v3/reviewed-export.json,9154f7f7-86c9-4bad-bcba-47eaf54b93e1,pdf,train,contexto_colonial_antecedentes,0
outputs/corpus-snapshot-v3/reviewed-export.json,9154f7f7-86c9-4bad-bcba-47eaf54b93e1,pdf,train,crisis_ideas_emancipadoras,0
outputs/corpus-snapshot-v3/reviewed-export.json,9154f7f7-86c9-4bad-bcba-47eaf54b93e1,pdf,train,liderazgos_diplomacia_proyectos,5
outputs/corpus-snapshot-v3/reviewed-export.json,9154f7f7-86c9-4bad-bcba-47eaf54b93e1,pdf,train,no_relevante,1
outputs/corpus-snapshot-v3/reviewed-export.json,9154f7f7-86c9-4bad-bcba-47eaf54b93e1,pdf,train,organizacion_consecuencias_republicanas,8
outputs/corpus-snapshot-v3/reviewed-export.json,9154f7f7-86c9-4bad-bcba-47eaf54b93e1,pdf,train,participacion_social_regional,2
outputs/corpus-snapshot-v3/reviewed-export.json,9f60a031-0183-478c-a1f8-a3bdd37d7b0b,pdf,train,campanias_conflictos_militares,0
outputs/corpus-snapshot-v3/reviewed-export.json,9f60a031-0183-478c-a1f8-a3bdd37d7b0b,pdf,train,contexto_colonial_antecedentes,0
outputs/corpus-snapshot-v3/reviewed-export.json,9f60a031-0183-478c-a1f8-a3bdd37d7b0b,pdf,train,crisis_ideas_emancipadoras,0
outputs/corpus-snapshot-v3/reviewed-export.json,9f60a031-0183-478c-a1f8-a3bdd37d7b0b,pdf,train,liderazgos_diplomacia_proyectos,4
outputs/corpus-snapshot-v3/reviewed-export.json,9f60a031-0183-478c-a1f8-a3bdd37d7b0b,pdf,train,no_relevante,11
outputs/corpus-snapshot-v3/reviewed-export.json,9f60a031-0183-478c-a1f8-a3bdd37d7b0b,pdf,train,organizacion_consecuencias_republicanas,26
outputs/corpus-snapshot-v3/reviewed-export.json,9f60a031-0183-478c-a1f8-a3bdd37d7b0b,pdf,train,participacion_social_regional,11
outputs/corpus-snapshot-v3/reviewed-export.json,9fecbe5a-9fb2-4002-a088-8a2810db938e,pdf,train,campanias_conflictos_militares,6
outputs/corpus-snapshot-v3/reviewed-export.json,9fecbe5a-9fb2-4002-a088-8a2810db938e,pdf,train,contexto_colonial_antecedentes,9
outputs/corpus-snapshot-v3/reviewed-export.json,9fecbe5a-9fb2-4002-a088-8a2810db938e,pdf,train,crisis_ideas_emancipadoras,3
outputs/corpus-snapshot-v3/reviewed-export.json,9fecbe5a-9fb2-4002-a088-8a2810db938e,pdf,train,liderazgos_diplomacia_proyectos,0
outputs/corpus-snapshot-v3/reviewed-export.json,9fecbe5a-9fb2-4002-a088-8a2810db938e,pdf,train,no_relevante,16
outputs/corpus-snapshot-v3/reviewed-export.json,9fecbe5a-9fb2-4002-a088-8a2810db938e,pdf,train,organizacion_consecuencias_republicanas,1
outputs/corpus-snapshot-v3/reviewed-export.json,9fecbe5a-9fb2-4002-a088-8a2810db938e,pdf,train,participacion_social_regional,22
outputs/corpus-snapshot-v3/reviewed-export.json,b23a4bf1-b9f4-4c08-bb89-a4cf4a67e004,pdf,val,campanias_conflictos_militares,4
outputs/corpus-snapshot-v3/reviewed-export.json,b23a4bf1-b9f4-4c08-bb89-a4cf4a67e004,pdf,val,contexto_colonial_antecedentes,16
outputs/corpus-snapshot-v3/reviewed-export.json,b23a4bf1-b9f4-4c08-bb89-a4cf4a67e004,pdf,val,crisis_ideas_emancipadoras,15
outputs/corpus-snapshot-v3/reviewed-export.json,b23a4bf1-b9f4-4c08-bb89-a4cf4a67e004,pdf,val,liderazgos_diplomacia_proyectos,4
outputs/corpus-snapshot-v3/reviewed-export.json,b23a4bf1-b9f4-4c08-bb89-a4cf4a67e004,pdf,val,no_relevante,16
outputs/corpus-snapshot-v3/reviewed-export.json,b23a4bf1-b9f4-4c08-bb89-a4cf4a67e004,pdf,val,organizacion_consecuencias_republicanas,15
outputs/corpus-snapshot-v3/reviewed-export.json,b23a4bf1-b9f4-4c08-bb89-a4cf4a67e004,pdf,val,participacion_social_regional,11
outputs/corpus-snapshot-v3/reviewed-export.json,e32181bc-41d0-4400-a76d-eb11fc88bf71,pdf,train,campanias_conflictos_militares,9
outputs/corpus-snapshot-v3/reviewed-export.json,e32181bc-41d0-4400-a76d-eb11fc88bf71,pdf,train,contexto_colonial_antecedentes,0
outputs/corpus-snapshot-v3/reviewed-export.json,e32181bc-41d0-4400-a76d-eb11fc88bf71,pdf,train,crisis_ideas_emancipadoras,0
outputs/corpus-snapshot-v3/reviewed-export.json,e32181bc-41d0-4400-a76d-eb11fc88bf71,pdf,train,liderazgos_diplomacia_proyectos,6
outputs/corpus-snapshot-v3/reviewed-export.json,e32181bc-41d0-4400-a76d-eb11fc88bf71,pdf,train,no_relevante,4
outputs/corpus-snapshot-v3/reviewed-export.json,e32181bc-41d0-4400-a76d-eb11fc88bf71,pdf,train,organizacion_consecuencias_republicanas,0
outputs/corpus-snapshot-v3/reviewed-export.json,e32181bc-41d0-4400-a76d-eb11fc88bf71,pdf,train,participacion_social_regional,26
outputs/corpus-snapshot-v4/reviewed-export.json,08fa49e1-abac-5645-a35e-2d7ec4a8f05d,pdf,train,campanias_conflictos_militares,0
outputs/corpus-snapshot-v4/reviewed-export.json,08fa49e1-abac-5645-a35e-2d7ec4a8f05d,pdf,train,contexto_colonial_antecedentes,0
outputs/corpus-snapshot-v4/reviewed-export.json,08fa49e1-abac-5645-a35e-2d7ec4a8f05d,pdf,train,crisis_ideas_emancipadoras,0
outputs/corpus-snapshot-v4/reviewed-export.json,08fa49e1-abac-5645-a35e-2d7ec4a8f05d,pdf,train,liderazgos_diplomacia_proyectos,6
outputs/corpus-snapshot-v4/reviewed-export.json,08fa49e1-abac-5645-a35e-2d7ec4a8f05d,pdf,train,no_relevante,0
outputs/corpus-snapshot-v4/reviewed-export.json,08fa49e1-abac-5645-a35e-2d7ec4a8f05d,pdf,train,organizacion_consecuencias_republicanas,0
outputs/corpus-snapshot-v4/reviewed-export.json,08fa49e1-abac-5645-a35e-2d7ec4a8f05d,pdf,train,participacion_social_regional,0
outputs/corpus-snapshot-v4/reviewed-export.json,0ea45102-057d-4bff-b527-f36326f66d33,pdf,train,campanias_conflictos_militares,1
outputs/corpus-snapshot-v4/reviewed-export.json,0ea45102-057d-4bff-b527-f36326f66d33,pdf,train,contexto_colonial_antecedentes,6
outputs/corpus-snapshot-v4/reviewed-export.json,0ea45102-057d-4bff-b527-f36326f66d33,pdf,train,crisis_ideas_emancipadoras,25
outputs/corpus-snapshot-v4/reviewed-export.json,0ea45102-057d-4bff-b527-f36326f66d33,pdf,train,liderazgos_diplomacia_proyectos,21
outputs/corpus-snapshot-v4/reviewed-export.json,0ea45102-057d-4bff-b527-f36326f66d33,pdf,train,no_relevante,28
outputs/corpus-snapshot-v4/reviewed-export.json,0ea45102-057d-4bff-b527-f36326f66d33,pdf,train,organizacion_consecuencias_republicanas,1
outputs/corpus-snapshot-v4/reviewed-export.json,0ea45102-057d-4bff-b527-f36326f66d33,pdf,train,participacion_social_regional,18
outputs/corpus-snapshot-v4/reviewed-export.json,11b4365c-87f9-5b8d-802f-a0d2aafc478a,pdf,train,campanias_conflictos_militares,0
outputs/corpus-snapshot-v4/reviewed-export.json,11b4365c-87f9-5b8d-802f-a0d2aafc478a,pdf,train,contexto_colonial_antecedentes,1
outputs/corpus-snapshot-v4/reviewed-export.json,11b4365c-87f9-5b8d-802f-a0d2aafc478a,pdf,train,crisis_ideas_emancipadoras,0
outputs/corpus-snapshot-v4/reviewed-export.json,11b4365c-87f9-5b8d-802f-a0d2aafc478a,pdf,train,liderazgos_diplomacia_proyectos,0
outputs/corpus-snapshot-v4/reviewed-export.json,11b4365c-87f9-5b8d-802f-a0d2aafc478a,pdf,train,no_relevante,0
outputs/corpus-snapshot-v4/reviewed-export.json,11b4365c-87f9-5b8d-802f-a0d2aafc478a,pdf,train,organizacion_consecuencias_republicanas,3
outputs/corpus-snapshot-v4/reviewed-export.json,11b4365c-87f9-5b8d-802f-a0d2aafc478a,pdf,train,participacion_social_regional,0
outputs/corpus-snapshot-v4/reviewed-export.json,15e52806-3d75-4117-937d-7c7eda594579,youtube,test,campanias_conflictos_militares,1
outputs/corpus-snapshot-v4/reviewed-export.json,15e52806-3d75-4117-937d-7c7eda594579,youtube,test,contexto_colonial_antecedentes,14
outputs/corpus-snapshot-v4/reviewed-export.json,15e52806-3d75-4117-937d-7c7eda594579,youtube,test,crisis_ideas_emancipadoras,22
outputs/corpus-snapshot-v4/reviewed-export.json,15e52806-3d75-4117-937d-7c7eda594579,youtube,test,liderazgos_diplomacia_proyectos,1
outputs/corpus-snapshot-v4/reviewed-export.json,15e52806-3d75-4117-937d-7c7eda594579,youtube,test,no_relevante,22
outputs/corpus-snapshot-v4/reviewed-export.json,15e52806-3d75-4117-937d-7c7eda594579,youtube,test,organizacion_consecuencias_republicanas,2
outputs/corpus-snapshot-v4/reviewed-export.json,15e52806-3d75-4117-937d-7c7eda594579,youtube,test,participacion_social_regional,10
outputs/corpus-snapshot-v4/reviewed-export.json,17552e18-8e04-53f8-a48f-b60ed56fbbd0,pdf,train,campanias_conflictos_militares,0
outputs/corpus-snapshot-v4/reviewed-export.json,17552e18-8e04-53f8-a48f-b60ed56fbbd0,pdf,train,contexto_colonial_antecedentes,1
outputs/corpus-snapshot-v4/reviewed-export.json,17552e18-8e04-53f8-a48f-b60ed56fbbd0,pdf,train,crisis_ideas_emancipadoras,0
outputs/corpus-snapshot-v4/reviewed-export.json,17552e18-8e04-53f8-a48f-b60ed56fbbd0,pdf,train,liderazgos_diplomacia_proyectos,0
outputs/corpus-snapshot-v4/reviewed-export.json,17552e18-8e04-53f8-a48f-b60ed56fbbd0,pdf,train,no_relevante,0
outputs/corpus-snapshot-v4/reviewed-export.json,17552e18-8e04-53f8-a48f-b60ed56fbbd0,pdf,train,organizacion_consecuencias_republicanas,0
outputs/corpus-snapshot-v4/reviewed-export.json,17552e18-8e04-53f8-a48f-b60ed56fbbd0,pdf,train,participacion_social_regional,1
outputs/corpus-snapshot-v4/reviewed-export.json,1c8bc7af-a9f6-5392-b3ff-6d7433fb010a,pdf,train,campanias_conflictos_militares,0
outputs/corpus-snapshot-v4/reviewed-export.json,1c8bc7af-a9f6-5392-b3ff-6d7433fb010a,pdf,train,contexto_colonial_antecedentes,0
outputs/corpus-snapshot-v4/reviewed-export.json,1c8bc7af-a9f6-5392-b3ff-6d7433fb010a,pdf,train,crisis_ideas_emancipadoras,14
outputs/corpus-snapshot-v4/reviewed-export.json,1c8bc7af-a9f6-5392-b3ff-6d7433fb010a,pdf,train,liderazgos_diplomacia_proyectos,1
outputs/corpus-snapshot-v4/reviewed-export.json,1c8bc7af-a9f6-5392-b3ff-6d7433fb010a,pdf,train,no_relevante,0
outputs/corpus-snapshot-v4/reviewed-export.json,1c8bc7af-a9f6-5392-b3ff-6d7433fb010a,pdf,train,organizacion_consecuencias_republicanas,0
outputs/corpus-snapshot-v4/reviewed-export.json,1c8bc7af-a9f6-5392-b3ff-6d7433fb010a,pdf,train,participacion_social_regional,3
outputs/corpus-snapshot-v4/reviewed-export.json,48262fb6-dee2-531e-b001-536c5928a9ca,pdf,train,campanias_conflictos_militares,0
outputs/corpus-snapshot-v4/reviewed-export.json,48262fb6-dee2-531e-b001-536c5928a9ca,pdf,train,contexto_colonial_antecedentes,0
outputs/corpus-snapshot-v4/reviewed-export.json,48262fb6-dee2-531e-b001-536c5928a9ca,pdf,train,crisis_ideas_emancipadoras,4
outputs/corpus-snapshot-v4/reviewed-export.json,48262fb6-dee2-531e-b001-536c5928a9ca,pdf,train,liderazgos_diplomacia_proyectos,0
outputs/corpus-snapshot-v4/reviewed-export.json,48262fb6-dee2-531e-b001-536c5928a9ca,pdf,train,no_relevante,0
outputs/corpus-snapshot-v4/reviewed-export.json,48262fb6-dee2-531e-b001-536c5928a9ca,pdf,train,organizacion_consecuencias_republicanas,0
outputs/corpus-snapshot-v4/reviewed-export.json,48262fb6-dee2-531e-b001-536c5928a9ca,pdf,train,participacion_social_regional,0
outputs/corpus-snapshot-v4/reviewed-export.json,4ca9c84a-627b-4027-8216-fdc07c506727,pdf,test,campanias_conflictos_militares,6
outputs/corpus-snapshot-v4/reviewed-export.json,4ca9c84a-627b-4027-8216-fdc07c506727,pdf,test,contexto_colonial_antecedentes,0
outputs/corpus-snapshot-v4/reviewed-export.json,4ca9c84a-627b-4027-8216-fdc07c506727,pdf,test,crisis_ideas_emancipadoras,6
outputs/corpus-snapshot-v4/reviewed-export.json,4ca9c84a-627b-4027-8216-fdc07c506727,pdf,test,liderazgos_diplomacia_proyectos,22
outputs/corpus-snapshot-v4/reviewed-export.json,4ca9c84a-627b-4027-8216-fdc07c506727,pdf,test,no_relevante,17
outputs/corpus-snapshot-v4/reviewed-export.json,4ca9c84a-627b-4027-8216-fdc07c506727,pdf,test,organizacion_consecuencias_republicanas,12
outputs/corpus-snapshot-v4/reviewed-export.json,4ca9c84a-627b-4027-8216-fdc07c506727,pdf,test,participacion_social_regional,2
outputs/corpus-snapshot-v4/reviewed-export.json,514f190e-5d01-497a-a6ef-648601cd8bdb,youtube,train,campanias_conflictos_militares,1
outputs/corpus-snapshot-v4/reviewed-export.json,514f190e-5d01-497a-a6ef-648601cd8bdb,youtube,train,contexto_colonial_antecedentes,0
outputs/corpus-snapshot-v4/reviewed-export.json,514f190e-5d01-497a-a6ef-648601cd8bdb,youtube,train,crisis_ideas_emancipadoras,17
outputs/corpus-snapshot-v4/reviewed-export.json,514f190e-5d01-497a-a6ef-648601cd8bdb,youtube,train,liderazgos_diplomacia_proyectos,14
outputs/corpus-snapshot-v4/reviewed-export.json,514f190e-5d01-497a-a6ef-648601cd8bdb,youtube,train,no_relevante,28
outputs/corpus-snapshot-v4/reviewed-export.json,514f190e-5d01-497a-a6ef-648601cd8bdb,youtube,train,organizacion_consecuencias_republicanas,6
outputs/corpus-snapshot-v4/reviewed-export.json,514f190e-5d01-497a-a6ef-648601cd8bdb,youtube,train,participacion_social_regional,3
outputs/corpus-snapshot-v4/reviewed-export.json,747ca90f-92fc-4d19-aec4-6dfc34c2917e,pdf,train,campanias_conflictos_militares,70
outputs/corpus-snapshot-v4/reviewed-export.json,747ca90f-92fc-4d19-aec4-6dfc34c2917e,pdf,train,contexto_colonial_antecedentes,40
outputs/corpus-snapshot-v4/reviewed-export.json,747ca90f-92fc-4d19-aec4-6dfc34c2917e,pdf,train,crisis_ideas_emancipadoras,7
outputs/corpus-snapshot-v4/reviewed-export.json,747ca90f-92fc-4d19-aec4-6dfc34c2917e,pdf,train,liderazgos_diplomacia_proyectos,43
outputs/corpus-snapshot-v4/reviewed-export.json,747ca90f-92fc-4d19-aec4-6dfc34c2917e,pdf,train,no_relevante,13
outputs/corpus-snapshot-v4/reviewed-export.json,747ca90f-92fc-4d19-aec4-6dfc34c2917e,pdf,train,organizacion_consecuencias_republicanas,64
outputs/corpus-snapshot-v4/reviewed-export.json,747ca90f-92fc-4d19-aec4-6dfc34c2917e,pdf,train,participacion_social_regional,1
outputs/corpus-snapshot-v4/reviewed-export.json,776e9620-a23b-54e8-bf0e-d5a27ed2969a,pdf,train,campanias_conflictos_militares,0
outputs/corpus-snapshot-v4/reviewed-export.json,776e9620-a23b-54e8-bf0e-d5a27ed2969a,pdf,train,contexto_colonial_antecedentes,0
outputs/corpus-snapshot-v4/reviewed-export.json,776e9620-a23b-54e8-bf0e-d5a27ed2969a,pdf,train,crisis_ideas_emancipadoras,0
outputs/corpus-snapshot-v4/reviewed-export.json,776e9620-a23b-54e8-bf0e-d5a27ed2969a,pdf,train,liderazgos_diplomacia_proyectos,0
outputs/corpus-snapshot-v4/reviewed-export.json,776e9620-a23b-54e8-bf0e-d5a27ed2969a,pdf,train,no_relevante,0
outputs/corpus-snapshot-v4/reviewed-export.json,776e9620-a23b-54e8-bf0e-d5a27ed2969a,pdf,train,organizacion_consecuencias_republicanas,0
outputs/corpus-snapshot-v4/reviewed-export.json,776e9620-a23b-54e8-bf0e-d5a27ed2969a,pdf,train,participacion_social_regional,1
outputs/corpus-snapshot-v4/reviewed-export.json,7ef1a1d4-97c6-55cf-990b-3a7b1fbb0f9d,pdf,train,campanias_conflictos_militares,0
outputs/corpus-snapshot-v4/reviewed-export.json,7ef1a1d4-97c6-55cf-990b-3a7b1fbb0f9d,pdf,train,contexto_colonial_antecedentes,0
outputs/corpus-snapshot-v4/reviewed-export.json,7ef1a1d4-97c6-55cf-990b-3a7b1fbb0f9d,pdf,train,crisis_ideas_emancipadoras,0
outputs/corpus-snapshot-v4/reviewed-export.json,7ef1a1d4-97c6-55cf-990b-3a7b1fbb0f9d,pdf,train,liderazgos_diplomacia_proyectos,0
outputs/corpus-snapshot-v4/reviewed-export.json,7ef1a1d4-97c6-55cf-990b-3a7b1fbb0f9d,pdf,train,no_relevante,0
outputs/corpus-snapshot-v4/reviewed-export.json,7ef1a1d4-97c6-55cf-990b-3a7b1fbb0f9d,pdf,train,organizacion_consecuencias_republicanas,0
outputs/corpus-snapshot-v4/reviewed-export.json,7ef1a1d4-97c6-55cf-990b-3a7b1fbb0f9d,pdf,train,participacion_social_regional,1
outputs/corpus-snapshot-v4/reviewed-export.json,9154f7f7-86c9-4bad-bcba-47eaf54b93e1,pdf,train,campanias_conflictos_militares,0
outputs/corpus-snapshot-v4/reviewed-export.json,9154f7f7-86c9-4bad-bcba-47eaf54b93e1,pdf,train,contexto_colonial_antecedentes,0
outputs/corpus-snapshot-v4/reviewed-export.json,9154f7f7-86c9-4bad-bcba-47eaf54b93e1,pdf,train,crisis_ideas_emancipadoras,0
outputs/corpus-snapshot-v4/reviewed-export.json,9154f7f7-86c9-4bad-bcba-47eaf54b93e1,pdf,train,liderazgos_diplomacia_proyectos,5
outputs/corpus-snapshot-v4/reviewed-export.json,9154f7f7-86c9-4bad-bcba-47eaf54b93e1,pdf,train,no_relevante,1
outputs/corpus-snapshot-v4/reviewed-export.json,9154f7f7-86c9-4bad-bcba-47eaf54b93e1,pdf,train,organizacion_consecuencias_republicanas,8
outputs/corpus-snapshot-v4/reviewed-export.json,9154f7f7-86c9-4bad-bcba-47eaf54b93e1,pdf,train,participacion_social_regional,2
outputs/corpus-snapshot-v4/reviewed-export.json,9f60a031-0183-478c-a1f8-a3bdd37d7b0b,pdf,train,campanias_conflictos_militares,0
outputs/corpus-snapshot-v4/reviewed-export.json,9f60a031-0183-478c-a1f8-a3bdd37d7b0b,pdf,train,contexto_colonial_antecedentes,0
outputs/corpus-snapshot-v4/reviewed-export.json,9f60a031-0183-478c-a1f8-a3bdd37d7b0b,pdf,train,crisis_ideas_emancipadoras,0
outputs/corpus-snapshot-v4/reviewed-export.json,9f60a031-0183-478c-a1f8-a3bdd37d7b0b,pdf,train,liderazgos_diplomacia_proyectos,4
outputs/corpus-snapshot-v4/reviewed-export.json,9f60a031-0183-478c-a1f8-a3bdd37d7b0b,pdf,train,no_relevante,11
outputs/corpus-snapshot-v4/reviewed-export.json,9f60a031-0183-478c-a1f8-a3bdd37d7b0b,pdf,train,organizacion_consecuencias_republicanas,26
outputs/corpus-snapshot-v4/reviewed-export.json,9f60a031-0183-478c-a1f8-a3bdd37d7b0b,pdf,train,participacion_social_regional,11
outputs/corpus-snapshot-v4/reviewed-export.json,9fecbe5a-9fb2-4002-a088-8a2810db938e,pdf,train,campanias_conflictos_militares,6
outputs/corpus-snapshot-v4/reviewed-export.json,9fecbe5a-9fb2-4002-a088-8a2810db938e,pdf,train,contexto_colonial_antecedentes,9
outputs/corpus-snapshot-v4/reviewed-export.json,9fecbe5a-9fb2-4002-a088-8a2810db938e,pdf,train,crisis_ideas_emancipadoras,3
outputs/corpus-snapshot-v4/reviewed-export.json,9fecbe5a-9fb2-4002-a088-8a2810db938e,pdf,train,liderazgos_diplomacia_proyectos,0
outputs/corpus-snapshot-v4/reviewed-export.json,9fecbe5a-9fb2-4002-a088-8a2810db938e,pdf,train,no_relevante,16
outputs/corpus-snapshot-v4/reviewed-export.json,9fecbe5a-9fb2-4002-a088-8a2810db938e,pdf,train,organizacion_consecuencias_republicanas,1
outputs/corpus-snapshot-v4/reviewed-export.json,9fecbe5a-9fb2-4002-a088-8a2810db938e,pdf,train,participacion_social_regional,22
outputs/corpus-snapshot-v4/reviewed-export.json,b23a4bf1-b9f4-4c08-bb89-a4cf4a67e004,pdf,val,campanias_conflictos_militares,4
outputs/corpus-snapshot-v4/reviewed-export.json,b23a4bf1-b9f4-4c08-bb89-a4cf4a67e004,pdf,val,contexto_colonial_antecedentes,16
outputs/corpus-snapshot-v4/reviewed-export.json,b23a4bf1-b9f4-4c08-bb89-a4cf4a67e004,pdf,val,crisis_ideas_emancipadoras,15
outputs/corpus-snapshot-v4/reviewed-export.json,b23a4bf1-b9f4-4c08-bb89-a4cf4a67e004,pdf,val,liderazgos_diplomacia_proyectos,4
outputs/corpus-snapshot-v4/reviewed-export.json,b23a4bf1-b9f4-4c08-bb89-a4cf4a67e004,pdf,val,no_relevante,16
outputs/corpus-snapshot-v4/reviewed-export.json,b23a4bf1-b9f4-4c08-bb89-a4cf4a67e004,pdf,val,organizacion_consecuencias_republicanas,15
outputs/corpus-snapshot-v4/reviewed-export.json,b23a4bf1-b9f4-4c08-bb89-a4cf4a67e004,pdf,val,participacion_social_regional,11
outputs/corpus-snapshot-v4/reviewed-export.json,e32181bc-41d0-4400-a76d-eb11fc88bf71,pdf,train,campanias_conflictos_militares,9
outputs/corpus-snapshot-v4/reviewed-export.json,e32181bc-41d0-4400-a76d-eb11fc88bf71,pdf,train,contexto_colonial_antecedentes,0
outputs/corpus-snapshot-v4/reviewed-export.json,e32181bc-41d0-4400-a76d-eb11fc88bf71,pdf,train,crisis_ideas_emancipadoras,0
outputs/corpus-snapshot-v4/reviewed-export.json,e32181bc-41d0-4400-a76d-eb11fc88bf71,pdf,train,liderazgos_diplomacia_proyectos,6
outputs/corpus-snapshot-v4/reviewed-export.json,e32181bc-41d0-4400-a76d-eb11fc88bf71,pdf,train,no_relevante,5
outputs/corpus-snapshot-v4/reviewed-export.json,e32181bc-41d0-4400-a76d-eb11fc88bf71,pdf,train,organizacion_consecuencias_republicanas,0
outputs/corpus-snapshot-v4/reviewed-export.json,e32181bc-41d0-4400-a76d-eb11fc88bf71,pdf,train,participacion_social_regional,25
outputs/coverage-diagnosis-v1/sample.json,0ea45102-057d-4bff-b527-f36326f66d33,pdf,train,crisis_ideas_emancipadoras,2
outputs/coverage-diagnosis-v1/sample.json,0ea45102-057d-4bff-b527-f36326f66d33,pdf,train,organizacion_consecuencias_republicanas,1
outputs/coverage-diagnosis-v1/sample.json,48262fb6-dee2-531e-b001-536c5928a9ca,pdf,train,crisis_ideas_emancipadoras,2
outputs/coverage-diagnosis-v1/sample.json,48262fb6-dee2-531e-b001-536c5928a9ca,pdf,train,organizacion_consecuencias_republicanas,0
outputs/coverage-diagnosis-v1/sample.json,514f190e-5d01-497a-a6ef-648601cd8bdb,youtube,train,crisis_ideas_emancipadoras,2
outputs/coverage-diagnosis-v1/sample.json,514f190e-5d01-497a-a6ef-648601cd8bdb,youtube,train,organizacion_consecuencias_republicanas,2
outputs/coverage-diagnosis-v1/sample.json,747ca90f-92fc-4d19-aec4-6dfc34c2917e,pdf,train,crisis_ideas_emancipadoras,2
outputs/coverage-diagnosis-v1/sample.json,747ca90f-92fc-4d19-aec4-6dfc34c2917e,pdf,train,organizacion_consecuencias_republicanas,2
outputs/coverage-diagnosis-v1/sample.json,9154f7f7-86c9-4bad-bcba-47eaf54b93e1,pdf,train,crisis_ideas_emancipadoras,2
outputs/coverage-diagnosis-v1/sample.json,9154f7f7-86c9-4bad-bcba-47eaf54b93e1,pdf,train,organizacion_consecuencias_republicanas,2
outputs/coverage-diagnosis-v1/sample.json,9f60a031-0183-478c-a1f8-a3bdd37d7b0b,pdf,train,crisis_ideas_emancipadoras,0
outputs/coverage-diagnosis-v1/sample.json,9f60a031-0183-478c-a1f8-a3bdd37d7b0b,pdf,train,organizacion_consecuencias_republicanas,2
outputs/coverage-diagnosis-v1/sample.json,9fecbe5a-9fb2-4002-a088-8a2810db938e,pdf,train,crisis_ideas_emancipadoras,2
outputs/coverage-diagnosis-v1/sample.json,9fecbe5a-9fb2-4002-a088-8a2810db938e,pdf,train,organizacion_consecuencias_republicanas,0
outputs/fonseca-snapshot-v1/invalid-base-control.json,0ea45102-057d-4bff-b527-f36326f66d33,pdf,train,campanias_conflictos_militares,1
outputs/fonseca-snapshot-v1/invalid-base-control.json,0ea45102-057d-4bff-b527-f36326f66d33,pdf,train,contexto_colonial_antecedentes,6
outputs/fonseca-snapshot-v1/invalid-base-control.json,0ea45102-057d-4bff-b527-f36326f66d33,pdf,train,crisis_ideas_emancipadoras,29
outputs/fonseca-snapshot-v1/invalid-base-control.json,0ea45102-057d-4bff-b527-f36326f66d33,pdf,train,liderazgos_diplomacia_proyectos,21
outputs/fonseca-snapshot-v1/invalid-base-control.json,0ea45102-057d-4bff-b527-f36326f66d33,pdf,train,no_relevante,28
outputs/fonseca-snapshot-v1/invalid-base-control.json,0ea45102-057d-4bff-b527-f36326f66d33,pdf,train,organizacion_consecuencias_republicanas,1
outputs/fonseca-snapshot-v1/invalid-base-control.json,0ea45102-057d-4bff-b527-f36326f66d33,pdf,train,participacion_social_regional,17
outputs/fonseca-snapshot-v1/invalid-base-control.json,15e52806-3d75-4117-937d-7c7eda594579,youtube,test,campanias_conflictos_militares,1
outputs/fonseca-snapshot-v1/invalid-base-control.json,15e52806-3d75-4117-937d-7c7eda594579,youtube,test,contexto_colonial_antecedentes,14
outputs/fonseca-snapshot-v1/invalid-base-control.json,15e52806-3d75-4117-937d-7c7eda594579,youtube,test,crisis_ideas_emancipadoras,22
outputs/fonseca-snapshot-v1/invalid-base-control.json,15e52806-3d75-4117-937d-7c7eda594579,youtube,test,liderazgos_diplomacia_proyectos,1
outputs/fonseca-snapshot-v1/invalid-base-control.json,15e52806-3d75-4117-937d-7c7eda594579,youtube,test,no_relevante,22
outputs/fonseca-snapshot-v1/invalid-base-control.json,15e52806-3d75-4117-937d-7c7eda594579,youtube,test,organizacion_consecuencias_republicanas,2
outputs/fonseca-snapshot-v1/invalid-base-control.json,15e52806-3d75-4117-937d-7c7eda594579,youtube,test,participacion_social_regional,10
outputs/fonseca-snapshot-v1/invalid-base-control.json,17552e18-8e04-53f8-a48f-b60ed56fbbd0,pdf,train,campanias_conflictos_militares,0
outputs/fonseca-snapshot-v1/invalid-base-control.json,17552e18-8e04-53f8-a48f-b60ed56fbbd0,pdf,train,contexto_colonial_antecedentes,1
outputs/fonseca-snapshot-v1/invalid-base-control.json,17552e18-8e04-53f8-a48f-b60ed56fbbd0,pdf,train,crisis_ideas_emancipadoras,0
outputs/fonseca-snapshot-v1/invalid-base-control.json,17552e18-8e04-53f8-a48f-b60ed56fbbd0,pdf,train,liderazgos_diplomacia_proyectos,0
outputs/fonseca-snapshot-v1/invalid-base-control.json,17552e18-8e04-53f8-a48f-b60ed56fbbd0,pdf,train,no_relevante,0
outputs/fonseca-snapshot-v1/invalid-base-control.json,17552e18-8e04-53f8-a48f-b60ed56fbbd0,pdf,train,organizacion_consecuencias_republicanas,0
outputs/fonseca-snapshot-v1/invalid-base-control.json,17552e18-8e04-53f8-a48f-b60ed56fbbd0,pdf,train,participacion_social_regional,1
outputs/fonseca-snapshot-v1/invalid-base-control.json,4ca9c84a-627b-4027-8216-fdc07c506727,pdf,test,campanias_conflictos_militares,6
outputs/fonseca-snapshot-v1/invalid-base-control.json,4ca9c84a-627b-4027-8216-fdc07c506727,pdf,test,contexto_colonial_antecedentes,0
outputs/fonseca-snapshot-v1/invalid-base-control.json,4ca9c84a-627b-4027-8216-fdc07c506727,pdf,test,crisis_ideas_emancipadoras,6
outputs/fonseca-snapshot-v1/invalid-base-control.json,4ca9c84a-627b-4027-8216-fdc07c506727,pdf,test,liderazgos_diplomacia_proyectos,22
outputs/fonseca-snapshot-v1/invalid-base-control.json,4ca9c84a-627b-4027-8216-fdc07c506727,pdf,test,no_relevante,17
outputs/fonseca-snapshot-v1/invalid-base-control.json,4ca9c84a-627b-4027-8216-fdc07c506727,pdf,test,organizacion_consecuencias_republicanas,12
outputs/fonseca-snapshot-v1/invalid-base-control.json,4ca9c84a-627b-4027-8216-fdc07c506727,pdf,test,participacion_social_regional,2
outputs/fonseca-snapshot-v1/invalid-base-control.json,514f190e-5d01-497a-a6ef-648601cd8bdb,youtube,train,campanias_conflictos_militares,1
outputs/fonseca-snapshot-v1/invalid-base-control.json,514f190e-5d01-497a-a6ef-648601cd8bdb,youtube,train,contexto_colonial_antecedentes,0
outputs/fonseca-snapshot-v1/invalid-base-control.json,514f190e-5d01-497a-a6ef-648601cd8bdb,youtube,train,crisis_ideas_emancipadoras,19
outputs/fonseca-snapshot-v1/invalid-base-control.json,514f190e-5d01-497a-a6ef-648601cd8bdb,youtube,train,liderazgos_diplomacia_proyectos,15
outputs/fonseca-snapshot-v1/invalid-base-control.json,514f190e-5d01-497a-a6ef-648601cd8bdb,youtube,train,no_relevante,28
outputs/fonseca-snapshot-v1/invalid-base-control.json,514f190e-5d01-497a-a6ef-648601cd8bdb,youtube,train,organizacion_consecuencias_republicanas,6
outputs/fonseca-snapshot-v1/invalid-base-control.json,514f190e-5d01-497a-a6ef-648601cd8bdb,youtube,train,participacion_social_regional,3
outputs/fonseca-snapshot-v1/invalid-base-control.json,747ca90f-92fc-4d19-aec4-6dfc34c2917e,pdf,train,campanias_conflictos_militares,70
outputs/fonseca-snapshot-v1/invalid-base-control.json,747ca90f-92fc-4d19-aec4-6dfc34c2917e,pdf,train,contexto_colonial_antecedentes,52
outputs/fonseca-snapshot-v1/invalid-base-control.json,747ca90f-92fc-4d19-aec4-6dfc34c2917e,pdf,train,crisis_ideas_emancipadoras,6
outputs/fonseca-snapshot-v1/invalid-base-control.json,747ca90f-92fc-4d19-aec4-6dfc34c2917e,pdf,train,liderazgos_diplomacia_proyectos,42
outputs/fonseca-snapshot-v1/invalid-base-control.json,747ca90f-92fc-4d19-aec4-6dfc34c2917e,pdf,train,no_relevante,13
outputs/fonseca-snapshot-v1/invalid-base-control.json,747ca90f-92fc-4d19-aec4-6dfc34c2917e,pdf,train,organizacion_consecuencias_republicanas,59
outputs/fonseca-snapshot-v1/invalid-base-control.json,747ca90f-92fc-4d19-aec4-6dfc34c2917e,pdf,train,participacion_social_regional,1
outputs/fonseca-snapshot-v1/invalid-base-control.json,9154f7f7-86c9-4bad-bcba-47eaf54b93e1,pdf,train,campanias_conflictos_militares,0
outputs/fonseca-snapshot-v1/invalid-base-control.json,9154f7f7-86c9-4bad-bcba-47eaf54b93e1,pdf,train,contexto_colonial_antecedentes,0
outputs/fonseca-snapshot-v1/invalid-base-control.json,9154f7f7-86c9-4bad-bcba-47eaf54b93e1,pdf,train,crisis_ideas_emancipadoras,2
outputs/fonseca-snapshot-v1/invalid-base-control.json,9154f7f7-86c9-4bad-bcba-47eaf54b93e1,pdf,train,liderazgos_diplomacia_proyectos,5
outputs/fonseca-snapshot-v1/invalid-base-control.json,9154f7f7-86c9-4bad-bcba-47eaf54b93e1,pdf,train,no_relevante,1
outputs/fonseca-snapshot-v1/invalid-base-control.json,9154f7f7-86c9-4bad-bcba-47eaf54b93e1,pdf,train,organizacion_consecuencias_republicanas,8
outputs/fonseca-snapshot-v1/invalid-base-control.json,9154f7f7-86c9-4bad-bcba-47eaf54b93e1,pdf,train,participacion_social_regional,2
outputs/fonseca-snapshot-v1/invalid-base-control.json,9f60a031-0183-478c-a1f8-a3bdd37d7b0b,pdf,train,campanias_conflictos_militares,0
outputs/fonseca-snapshot-v1/invalid-base-control.json,9f60a031-0183-478c-a1f8-a3bdd37d7b0b,pdf,train,contexto_colonial_antecedentes,0
outputs/fonseca-snapshot-v1/invalid-base-control.json,9f60a031-0183-478c-a1f8-a3bdd37d7b0b,pdf,train,crisis_ideas_emancipadoras,0
outputs/fonseca-snapshot-v1/invalid-base-control.json,9f60a031-0183-478c-a1f8-a3bdd37d7b0b,pdf,train,liderazgos_diplomacia_proyectos,4
outputs/fonseca-snapshot-v1/invalid-base-control.json,9f60a031-0183-478c-a1f8-a3bdd37d7b0b,pdf,train,no_relevante,11
outputs/fonseca-snapshot-v1/invalid-base-control.json,9f60a031-0183-478c-a1f8-a3bdd37d7b0b,pdf,train,organizacion_consecuencias_republicanas,27
outputs/fonseca-snapshot-v1/invalid-base-control.json,9f60a031-0183-478c-a1f8-a3bdd37d7b0b,pdf,train,participacion_social_regional,11
outputs/fonseca-snapshot-v1/invalid-base-control.json,9fecbe5a-9fb2-4002-a088-8a2810db938e,pdf,train,campanias_conflictos_militares,6
outputs/fonseca-snapshot-v1/invalid-base-control.json,9fecbe5a-9fb2-4002-a088-8a2810db938e,pdf,train,contexto_colonial_antecedentes,12
outputs/fonseca-snapshot-v1/invalid-base-control.json,9fecbe5a-9fb2-4002-a088-8a2810db938e,pdf,train,crisis_ideas_emancipadoras,3
outputs/fonseca-snapshot-v1/invalid-base-control.json,9fecbe5a-9fb2-4002-a088-8a2810db938e,pdf,train,liderazgos_diplomacia_proyectos,0
outputs/fonseca-snapshot-v1/invalid-base-control.json,9fecbe5a-9fb2-4002-a088-8a2810db938e,pdf,train,no_relevante,16
outputs/fonseca-snapshot-v1/invalid-base-control.json,9fecbe5a-9fb2-4002-a088-8a2810db938e,pdf,train,organizacion_consecuencias_republicanas,0
outputs/fonseca-snapshot-v1/invalid-base-control.json,9fecbe5a-9fb2-4002-a088-8a2810db938e,pdf,train,participacion_social_regional,21
outputs/fonseca-snapshot-v1/invalid-base-control.json,b23a4bf1-b9f4-4c08-bb89-a4cf4a67e004,pdf,val,campanias_conflictos_militares,4
outputs/fonseca-snapshot-v1/invalid-base-control.json,b23a4bf1-b9f4-4c08-bb89-a4cf4a67e004,pdf,val,contexto_colonial_antecedentes,16
outputs/fonseca-snapshot-v1/invalid-base-control.json,b23a4bf1-b9f4-4c08-bb89-a4cf4a67e004,pdf,val,crisis_ideas_emancipadoras,15
outputs/fonseca-snapshot-v1/invalid-base-control.json,b23a4bf1-b9f4-4c08-bb89-a4cf4a67e004,pdf,val,liderazgos_diplomacia_proyectos,4
outputs/fonseca-snapshot-v1/invalid-base-control.json,b23a4bf1-b9f4-4c08-bb89-a4cf4a67e004,pdf,val,no_relevante,16
outputs/fonseca-snapshot-v1/invalid-base-control.json,b23a4bf1-b9f4-4c08-bb89-a4cf4a67e004,pdf,val,organizacion_consecuencias_republicanas,15
outputs/fonseca-snapshot-v1/invalid-base-control.json,b23a4bf1-b9f4-4c08-bb89-a4cf4a67e004,pdf,val,participacion_social_regional,11
outputs/fonseca-snapshot-v1/invalid-base-control.json,e32181bc-41d0-4400-a76d-eb11fc88bf71,pdf,train,campanias_conflictos_militares,10
outputs/fonseca-snapshot-v1/invalid-base-control.json,e32181bc-41d0-4400-a76d-eb11fc88bf71,pdf,train,contexto_colonial_antecedentes,0
outputs/fonseca-snapshot-v1/invalid-base-control.json,e32181bc-41d0-4400-a76d-eb11fc88bf71,pdf,train,crisis_ideas_emancipadoras,0
outputs/fonseca-snapshot-v1/invalid-base-control.json,e32181bc-41d0-4400-a76d-eb11fc88bf71,pdf,train,liderazgos_diplomacia_proyectos,6
outputs/fonseca-snapshot-v1/invalid-base-control.json,e32181bc-41d0-4400-a76d-eb11fc88bf71,pdf,train,no_relevante,4
outputs/fonseca-snapshot-v1/invalid-base-control.json,e32181bc-41d0-4400-a76d-eb11fc88bf71,pdf,train,organizacion_consecuencias_republicanas,0
outputs/fonseca-snapshot-v1/invalid-base-control.json,e32181bc-41d0-4400-a76d-eb11fc88bf71,pdf,train,participacion_social_regional,29
outputs/fonseca-snapshot-v1/reviewed-export.json,0ea45102-057d-4bff-b527-f36326f66d33,pdf,train,campanias_conflictos_militares,1
outputs/fonseca-snapshot-v1/reviewed-export.json,0ea45102-057d-4bff-b527-f36326f66d33,pdf,train,contexto_colonial_antecedentes,6
outputs/fonseca-snapshot-v1/reviewed-export.json,0ea45102-057d-4bff-b527-f36326f66d33,pdf,train,crisis_ideas_emancipadoras,29
outputs/fonseca-snapshot-v1/reviewed-export.json,0ea45102-057d-4bff-b527-f36326f66d33,pdf,train,liderazgos_diplomacia_proyectos,21
outputs/fonseca-snapshot-v1/reviewed-export.json,0ea45102-057d-4bff-b527-f36326f66d33,pdf,train,no_relevante,28
outputs/fonseca-snapshot-v1/reviewed-export.json,0ea45102-057d-4bff-b527-f36326f66d33,pdf,train,organizacion_consecuencias_republicanas,1
outputs/fonseca-snapshot-v1/reviewed-export.json,0ea45102-057d-4bff-b527-f36326f66d33,pdf,train,participacion_social_regional,17
outputs/fonseca-snapshot-v1/reviewed-export.json,15e52806-3d75-4117-937d-7c7eda594579,youtube,test,campanias_conflictos_militares,1
outputs/fonseca-snapshot-v1/reviewed-export.json,15e52806-3d75-4117-937d-7c7eda594579,youtube,test,contexto_colonial_antecedentes,14
outputs/fonseca-snapshot-v1/reviewed-export.json,15e52806-3d75-4117-937d-7c7eda594579,youtube,test,crisis_ideas_emancipadoras,22
outputs/fonseca-snapshot-v1/reviewed-export.json,15e52806-3d75-4117-937d-7c7eda594579,youtube,test,liderazgos_diplomacia_proyectos,1
outputs/fonseca-snapshot-v1/reviewed-export.json,15e52806-3d75-4117-937d-7c7eda594579,youtube,test,no_relevante,22
outputs/fonseca-snapshot-v1/reviewed-export.json,15e52806-3d75-4117-937d-7c7eda594579,youtube,test,organizacion_consecuencias_republicanas,2
outputs/fonseca-snapshot-v1/reviewed-export.json,15e52806-3d75-4117-937d-7c7eda594579,youtube,test,participacion_social_regional,10
outputs/fonseca-snapshot-v1/reviewed-export.json,17552e18-8e04-53f8-a48f-b60ed56fbbd0,pdf,train,campanias_conflictos_militares,0
outputs/fonseca-snapshot-v1/reviewed-export.json,17552e18-8e04-53f8-a48f-b60ed56fbbd0,pdf,train,contexto_colonial_antecedentes,1
outputs/fonseca-snapshot-v1/reviewed-export.json,17552e18-8e04-53f8-a48f-b60ed56fbbd0,pdf,train,crisis_ideas_emancipadoras,0
outputs/fonseca-snapshot-v1/reviewed-export.json,17552e18-8e04-53f8-a48f-b60ed56fbbd0,pdf,train,liderazgos_diplomacia_proyectos,0
outputs/fonseca-snapshot-v1/reviewed-export.json,17552e18-8e04-53f8-a48f-b60ed56fbbd0,pdf,train,no_relevante,0
outputs/fonseca-snapshot-v1/reviewed-export.json,17552e18-8e04-53f8-a48f-b60ed56fbbd0,pdf,train,organizacion_consecuencias_republicanas,0
outputs/fonseca-snapshot-v1/reviewed-export.json,17552e18-8e04-53f8-a48f-b60ed56fbbd0,pdf,train,participacion_social_regional,1
outputs/fonseca-snapshot-v1/reviewed-export.json,4ca9c84a-627b-4027-8216-fdc07c506727,pdf,test,campanias_conflictos_militares,6
outputs/fonseca-snapshot-v1/reviewed-export.json,4ca9c84a-627b-4027-8216-fdc07c506727,pdf,test,contexto_colonial_antecedentes,0
outputs/fonseca-snapshot-v1/reviewed-export.json,4ca9c84a-627b-4027-8216-fdc07c506727,pdf,test,crisis_ideas_emancipadoras,6
outputs/fonseca-snapshot-v1/reviewed-export.json,4ca9c84a-627b-4027-8216-fdc07c506727,pdf,test,liderazgos_diplomacia_proyectos,22
outputs/fonseca-snapshot-v1/reviewed-export.json,4ca9c84a-627b-4027-8216-fdc07c506727,pdf,test,no_relevante,17
outputs/fonseca-snapshot-v1/reviewed-export.json,4ca9c84a-627b-4027-8216-fdc07c506727,pdf,test,organizacion_consecuencias_republicanas,12
outputs/fonseca-snapshot-v1/reviewed-export.json,4ca9c84a-627b-4027-8216-fdc07c506727,pdf,test,participacion_social_regional,2
outputs/fonseca-snapshot-v1/reviewed-export.json,514f190e-5d01-497a-a6ef-648601cd8bdb,youtube,train,campanias_conflictos_militares,1
outputs/fonseca-snapshot-v1/reviewed-export.json,514f190e-5d01-497a-a6ef-648601cd8bdb,youtube,train,contexto_colonial_antecedentes,0
outputs/fonseca-snapshot-v1/reviewed-export.json,514f190e-5d01-497a-a6ef-648601cd8bdb,youtube,train,crisis_ideas_emancipadoras,19
outputs/fonseca-snapshot-v1/reviewed-export.json,514f190e-5d01-497a-a6ef-648601cd8bdb,youtube,train,liderazgos_diplomacia_proyectos,15
outputs/fonseca-snapshot-v1/reviewed-export.json,514f190e-5d01-497a-a6ef-648601cd8bdb,youtube,train,no_relevante,28
outputs/fonseca-snapshot-v1/reviewed-export.json,514f190e-5d01-497a-a6ef-648601cd8bdb,youtube,train,organizacion_consecuencias_republicanas,6
outputs/fonseca-snapshot-v1/reviewed-export.json,514f190e-5d01-497a-a6ef-648601cd8bdb,youtube,train,participacion_social_regional,3
outputs/fonseca-snapshot-v1/reviewed-export.json,747ca90f-92fc-4d19-aec4-6dfc34c2917e,pdf,train,campanias_conflictos_militares,71
outputs/fonseca-snapshot-v1/reviewed-export.json,747ca90f-92fc-4d19-aec4-6dfc34c2917e,pdf,train,contexto_colonial_antecedentes,52
outputs/fonseca-snapshot-v1/reviewed-export.json,747ca90f-92fc-4d19-aec4-6dfc34c2917e,pdf,train,crisis_ideas_emancipadoras,6
outputs/fonseca-snapshot-v1/reviewed-export.json,747ca90f-92fc-4d19-aec4-6dfc34c2917e,pdf,train,liderazgos_diplomacia_proyectos,42
outputs/fonseca-snapshot-v1/reviewed-export.json,747ca90f-92fc-4d19-aec4-6dfc34c2917e,pdf,train,no_relevante,13
outputs/fonseca-snapshot-v1/reviewed-export.json,747ca90f-92fc-4d19-aec4-6dfc34c2917e,pdf,train,organizacion_consecuencias_republicanas,59
outputs/fonseca-snapshot-v1/reviewed-export.json,747ca90f-92fc-4d19-aec4-6dfc34c2917e,pdf,train,participacion_social_regional,1
outputs/fonseca-snapshot-v1/reviewed-export.json,9154f7f7-86c9-4bad-bcba-47eaf54b93e1,pdf,train,campanias_conflictos_militares,0
outputs/fonseca-snapshot-v1/reviewed-export.json,9154f7f7-86c9-4bad-bcba-47eaf54b93e1,pdf,train,contexto_colonial_antecedentes,0
outputs/fonseca-snapshot-v1/reviewed-export.json,9154f7f7-86c9-4bad-bcba-47eaf54b93e1,pdf,train,crisis_ideas_emancipadoras,2
outputs/fonseca-snapshot-v1/reviewed-export.json,9154f7f7-86c9-4bad-bcba-47eaf54b93e1,pdf,train,liderazgos_diplomacia_proyectos,5
outputs/fonseca-snapshot-v1/reviewed-export.json,9154f7f7-86c9-4bad-bcba-47eaf54b93e1,pdf,train,no_relevante,1
outputs/fonseca-snapshot-v1/reviewed-export.json,9154f7f7-86c9-4bad-bcba-47eaf54b93e1,pdf,train,organizacion_consecuencias_republicanas,8
outputs/fonseca-snapshot-v1/reviewed-export.json,9154f7f7-86c9-4bad-bcba-47eaf54b93e1,pdf,train,participacion_social_regional,2
outputs/fonseca-snapshot-v1/reviewed-export.json,9f60a031-0183-478c-a1f8-a3bdd37d7b0b,pdf,train,campanias_conflictos_militares,0
outputs/fonseca-snapshot-v1/reviewed-export.json,9f60a031-0183-478c-a1f8-a3bdd37d7b0b,pdf,train,contexto_colonial_antecedentes,0
outputs/fonseca-snapshot-v1/reviewed-export.json,9f60a031-0183-478c-a1f8-a3bdd37d7b0b,pdf,train,crisis_ideas_emancipadoras,0
outputs/fonseca-snapshot-v1/reviewed-export.json,9f60a031-0183-478c-a1f8-a3bdd37d7b0b,pdf,train,liderazgos_diplomacia_proyectos,4
outputs/fonseca-snapshot-v1/reviewed-export.json,9f60a031-0183-478c-a1f8-a3bdd37d7b0b,pdf,train,no_relevante,11
outputs/fonseca-snapshot-v1/reviewed-export.json,9f60a031-0183-478c-a1f8-a3bdd37d7b0b,pdf,train,organizacion_consecuencias_republicanas,27
outputs/fonseca-snapshot-v1/reviewed-export.json,9f60a031-0183-478c-a1f8-a3bdd37d7b0b,pdf,train,participacion_social_regional,11
outputs/fonseca-snapshot-v1/reviewed-export.json,9fecbe5a-9fb2-4002-a088-8a2810db938e,pdf,train,campanias_conflictos_militares,6
outputs/fonseca-snapshot-v1/reviewed-export.json,9fecbe5a-9fb2-4002-a088-8a2810db938e,pdf,train,contexto_colonial_antecedentes,12
outputs/fonseca-snapshot-v1/reviewed-export.json,9fecbe5a-9fb2-4002-a088-8a2810db938e,pdf,train,crisis_ideas_emancipadoras,3
outputs/fonseca-snapshot-v1/reviewed-export.json,9fecbe5a-9fb2-4002-a088-8a2810db938e,pdf,train,liderazgos_diplomacia_proyectos,0
outputs/fonseca-snapshot-v1/reviewed-export.json,9fecbe5a-9fb2-4002-a088-8a2810db938e,pdf,train,no_relevante,16
outputs/fonseca-snapshot-v1/reviewed-export.json,9fecbe5a-9fb2-4002-a088-8a2810db938e,pdf,train,organizacion_consecuencias_republicanas,0
outputs/fonseca-snapshot-v1/reviewed-export.json,9fecbe5a-9fb2-4002-a088-8a2810db938e,pdf,train,participacion_social_regional,21
outputs/fonseca-snapshot-v1/reviewed-export.json,b23a4bf1-b9f4-4c08-bb89-a4cf4a67e004,pdf,val,campanias_conflictos_militares,4
outputs/fonseca-snapshot-v1/reviewed-export.json,b23a4bf1-b9f4-4c08-bb89-a4cf4a67e004,pdf,val,contexto_colonial_antecedentes,16
outputs/fonseca-snapshot-v1/reviewed-export.json,b23a4bf1-b9f4-4c08-bb89-a4cf4a67e004,pdf,val,crisis_ideas_emancipadoras,15
outputs/fonseca-snapshot-v1/reviewed-export.json,b23a4bf1-b9f4-4c08-bb89-a4cf4a67e004,pdf,val,liderazgos_diplomacia_proyectos,4
outputs/fonseca-snapshot-v1/reviewed-export.json,b23a4bf1-b9f4-4c08-bb89-a4cf4a67e004,pdf,val,no_relevante,16
outputs/fonseca-snapshot-v1/reviewed-export.json,b23a4bf1-b9f4-4c08-bb89-a4cf4a67e004,pdf,val,organizacion_consecuencias_republicanas,15
outputs/fonseca-snapshot-v1/reviewed-export.json,b23a4bf1-b9f4-4c08-bb89-a4cf4a67e004,pdf,val,participacion_social_regional,11
outputs/fonseca-snapshot-v1/reviewed-export.json,e32181bc-41d0-4400-a76d-eb11fc88bf71,pdf,train,campanias_conflictos_militares,10
outputs/fonseca-snapshot-v1/reviewed-export.json,e32181bc-41d0-4400-a76d-eb11fc88bf71,pdf,train,contexto_colonial_antecedentes,0
outputs/fonseca-snapshot-v1/reviewed-export.json,e32181bc-41d0-4400-a76d-eb11fc88bf71,pdf,train,crisis_ideas_emancipadoras,0
outputs/fonseca-snapshot-v1/reviewed-export.json,e32181bc-41d0-4400-a76d-eb11fc88bf71,pdf,train,liderazgos_diplomacia_proyectos,6
outputs/fonseca-snapshot-v1/reviewed-export.json,e32181bc-41d0-4400-a76d-eb11fc88bf71,pdf,train,no_relevante,4
outputs/fonseca-snapshot-v1/reviewed-export.json,e32181bc-41d0-4400-a76d-eb11fc88bf71,pdf,train,organizacion_consecuencias_republicanas,0
outputs/fonseca-snapshot-v1/reviewed-export.json,e32181bc-41d0-4400-a76d-eb11fc88bf71,pdf,train,participacion_social_regional,26
outputs/history-corrections-v1/reviewed-export.json,0ea45102-057d-4bff-b527-f36326f66d33,pdf,train,campanias_conflictos_militares,1
outputs/history-corrections-v1/reviewed-export.json,0ea45102-057d-4bff-b527-f36326f66d33,pdf,train,contexto_colonial_antecedentes,6
outputs/history-corrections-v1/reviewed-export.json,0ea45102-057d-4bff-b527-f36326f66d33,pdf,train,crisis_ideas_emancipadoras,28
outputs/history-corrections-v1/reviewed-export.json,0ea45102-057d-4bff-b527-f36326f66d33,pdf,train,liderazgos_diplomacia_proyectos,21
outputs/history-corrections-v1/reviewed-export.json,0ea45102-057d-4bff-b527-f36326f66d33,pdf,train,no_relevante,28
outputs/history-corrections-v1/reviewed-export.json,0ea45102-057d-4bff-b527-f36326f66d33,pdf,train,organizacion_consecuencias_republicanas,1
outputs/history-corrections-v1/reviewed-export.json,0ea45102-057d-4bff-b527-f36326f66d33,pdf,train,participacion_social_regional,18
outputs/history-corrections-v1/reviewed-export.json,15e52806-3d75-4117-937d-7c7eda594579,youtube,test,campanias_conflictos_militares,1
outputs/history-corrections-v1/reviewed-export.json,15e52806-3d75-4117-937d-7c7eda594579,youtube,test,contexto_colonial_antecedentes,14
outputs/history-corrections-v1/reviewed-export.json,15e52806-3d75-4117-937d-7c7eda594579,youtube,test,crisis_ideas_emancipadoras,22
outputs/history-corrections-v1/reviewed-export.json,15e52806-3d75-4117-937d-7c7eda594579,youtube,test,liderazgos_diplomacia_proyectos,1
outputs/history-corrections-v1/reviewed-export.json,15e52806-3d75-4117-937d-7c7eda594579,youtube,test,no_relevante,22
outputs/history-corrections-v1/reviewed-export.json,15e52806-3d75-4117-937d-7c7eda594579,youtube,test,organizacion_consecuencias_republicanas,2
outputs/history-corrections-v1/reviewed-export.json,15e52806-3d75-4117-937d-7c7eda594579,youtube,test,participacion_social_regional,10
outputs/history-corrections-v1/reviewed-export.json,17552e18-8e04-53f8-a48f-b60ed56fbbd0,pdf,train,campanias_conflictos_militares,0
outputs/history-corrections-v1/reviewed-export.json,17552e18-8e04-53f8-a48f-b60ed56fbbd0,pdf,train,contexto_colonial_antecedentes,1
outputs/history-corrections-v1/reviewed-export.json,17552e18-8e04-53f8-a48f-b60ed56fbbd0,pdf,train,crisis_ideas_emancipadoras,0
outputs/history-corrections-v1/reviewed-export.json,17552e18-8e04-53f8-a48f-b60ed56fbbd0,pdf,train,liderazgos_diplomacia_proyectos,0
outputs/history-corrections-v1/reviewed-export.json,17552e18-8e04-53f8-a48f-b60ed56fbbd0,pdf,train,no_relevante,0
outputs/history-corrections-v1/reviewed-export.json,17552e18-8e04-53f8-a48f-b60ed56fbbd0,pdf,train,organizacion_consecuencias_republicanas,0
outputs/history-corrections-v1/reviewed-export.json,17552e18-8e04-53f8-a48f-b60ed56fbbd0,pdf,train,participacion_social_regional,1
outputs/history-corrections-v1/reviewed-export.json,4ca9c84a-627b-4027-8216-fdc07c506727,pdf,test,campanias_conflictos_militares,6
outputs/history-corrections-v1/reviewed-export.json,4ca9c84a-627b-4027-8216-fdc07c506727,pdf,test,contexto_colonial_antecedentes,0
outputs/history-corrections-v1/reviewed-export.json,4ca9c84a-627b-4027-8216-fdc07c506727,pdf,test,crisis_ideas_emancipadoras,6
outputs/history-corrections-v1/reviewed-export.json,4ca9c84a-627b-4027-8216-fdc07c506727,pdf,test,liderazgos_diplomacia_proyectos,22
outputs/history-corrections-v1/reviewed-export.json,4ca9c84a-627b-4027-8216-fdc07c506727,pdf,test,no_relevante,17
outputs/history-corrections-v1/reviewed-export.json,4ca9c84a-627b-4027-8216-fdc07c506727,pdf,test,organizacion_consecuencias_republicanas,12
outputs/history-corrections-v1/reviewed-export.json,4ca9c84a-627b-4027-8216-fdc07c506727,pdf,test,participacion_social_regional,2
outputs/history-corrections-v1/reviewed-export.json,514f190e-5d01-497a-a6ef-648601cd8bdb,youtube,train,campanias_conflictos_militares,1
outputs/history-corrections-v1/reviewed-export.json,514f190e-5d01-497a-a6ef-648601cd8bdb,youtube,train,contexto_colonial_antecedentes,0
outputs/history-corrections-v1/reviewed-export.json,514f190e-5d01-497a-a6ef-648601cd8bdb,youtube,train,crisis_ideas_emancipadoras,19
outputs/history-corrections-v1/reviewed-export.json,514f190e-5d01-497a-a6ef-648601cd8bdb,youtube,train,liderazgos_diplomacia_proyectos,15
outputs/history-corrections-v1/reviewed-export.json,514f190e-5d01-497a-a6ef-648601cd8bdb,youtube,train,no_relevante,28
outputs/history-corrections-v1/reviewed-export.json,514f190e-5d01-497a-a6ef-648601cd8bdb,youtube,train,organizacion_consecuencias_republicanas,6
outputs/history-corrections-v1/reviewed-export.json,514f190e-5d01-497a-a6ef-648601cd8bdb,youtube,train,participacion_social_regional,3
outputs/history-corrections-v1/reviewed-export.json,747ca90f-92fc-4d19-aec4-6dfc34c2917e,pdf,train,campanias_conflictos_militares,70
outputs/history-corrections-v1/reviewed-export.json,747ca90f-92fc-4d19-aec4-6dfc34c2917e,pdf,train,contexto_colonial_antecedentes,52
outputs/history-corrections-v1/reviewed-export.json,747ca90f-92fc-4d19-aec4-6dfc34c2917e,pdf,train,crisis_ideas_emancipadoras,6
outputs/history-corrections-v1/reviewed-export.json,747ca90f-92fc-4d19-aec4-6dfc34c2917e,pdf,train,liderazgos_diplomacia_proyectos,43
outputs/history-corrections-v1/reviewed-export.json,747ca90f-92fc-4d19-aec4-6dfc34c2917e,pdf,train,no_relevante,13
outputs/history-corrections-v1/reviewed-export.json,747ca90f-92fc-4d19-aec4-6dfc34c2917e,pdf,train,organizacion_consecuencias_republicanas,59
outputs/history-corrections-v1/reviewed-export.json,747ca90f-92fc-4d19-aec4-6dfc34c2917e,pdf,train,participacion_social_regional,1
outputs/history-corrections-v1/reviewed-export.json,9154f7f7-86c9-4bad-bcba-47eaf54b93e1,pdf,train,campanias_conflictos_militares,0
outputs/history-corrections-v1/reviewed-export.json,9154f7f7-86c9-4bad-bcba-47eaf54b93e1,pdf,train,contexto_colonial_antecedentes,0
outputs/history-corrections-v1/reviewed-export.json,9154f7f7-86c9-4bad-bcba-47eaf54b93e1,pdf,train,crisis_ideas_emancipadoras,2
outputs/history-corrections-v1/reviewed-export.json,9154f7f7-86c9-4bad-bcba-47eaf54b93e1,pdf,train,liderazgos_diplomacia_proyectos,5
outputs/history-corrections-v1/reviewed-export.json,9154f7f7-86c9-4bad-bcba-47eaf54b93e1,pdf,train,no_relevante,1
outputs/history-corrections-v1/reviewed-export.json,9154f7f7-86c9-4bad-bcba-47eaf54b93e1,pdf,train,organizacion_consecuencias_republicanas,8
outputs/history-corrections-v1/reviewed-export.json,9154f7f7-86c9-4bad-bcba-47eaf54b93e1,pdf,train,participacion_social_regional,2
outputs/history-corrections-v1/reviewed-export.json,9f60a031-0183-478c-a1f8-a3bdd37d7b0b,pdf,train,campanias_conflictos_militares,0
outputs/history-corrections-v1/reviewed-export.json,9f60a031-0183-478c-a1f8-a3bdd37d7b0b,pdf,train,contexto_colonial_antecedentes,0
outputs/history-corrections-v1/reviewed-export.json,9f60a031-0183-478c-a1f8-a3bdd37d7b0b,pdf,train,crisis_ideas_emancipadoras,0
outputs/history-corrections-v1/reviewed-export.json,9f60a031-0183-478c-a1f8-a3bdd37d7b0b,pdf,train,liderazgos_diplomacia_proyectos,4
outputs/history-corrections-v1/reviewed-export.json,9f60a031-0183-478c-a1f8-a3bdd37d7b0b,pdf,train,no_relevante,11
outputs/history-corrections-v1/reviewed-export.json,9f60a031-0183-478c-a1f8-a3bdd37d7b0b,pdf,train,organizacion_consecuencias_republicanas,27
outputs/history-corrections-v1/reviewed-export.json,9f60a031-0183-478c-a1f8-a3bdd37d7b0b,pdf,train,participacion_social_regional,11
outputs/history-corrections-v1/reviewed-export.json,9fecbe5a-9fb2-4002-a088-8a2810db938e,pdf,train,campanias_conflictos_militares,6
outputs/history-corrections-v1/reviewed-export.json,9fecbe5a-9fb2-4002-a088-8a2810db938e,pdf,train,contexto_colonial_antecedentes,12
outputs/history-corrections-v1/reviewed-export.json,9fecbe5a-9fb2-4002-a088-8a2810db938e,pdf,train,crisis_ideas_emancipadoras,3
outputs/history-corrections-v1/reviewed-export.json,9fecbe5a-9fb2-4002-a088-8a2810db938e,pdf,train,liderazgos_diplomacia_proyectos,0
outputs/history-corrections-v1/reviewed-export.json,9fecbe5a-9fb2-4002-a088-8a2810db938e,pdf,train,no_relevante,16
outputs/history-corrections-v1/reviewed-export.json,9fecbe5a-9fb2-4002-a088-8a2810db938e,pdf,train,organizacion_consecuencias_republicanas,0
outputs/history-corrections-v1/reviewed-export.json,9fecbe5a-9fb2-4002-a088-8a2810db938e,pdf,train,participacion_social_regional,21
outputs/history-corrections-v1/reviewed-export.json,b23a4bf1-b9f4-4c08-bb89-a4cf4a67e004,pdf,val,campanias_conflictos_militares,4
outputs/history-corrections-v1/reviewed-export.json,b23a4bf1-b9f4-4c08-bb89-a4cf4a67e004,pdf,val,contexto_colonial_antecedentes,16
outputs/history-corrections-v1/reviewed-export.json,b23a4bf1-b9f4-4c08-bb89-a4cf4a67e004,pdf,val,crisis_ideas_emancipadoras,15
outputs/history-corrections-v1/reviewed-export.json,b23a4bf1-b9f4-4c08-bb89-a4cf4a67e004,pdf,val,liderazgos_diplomacia_proyectos,4
outputs/history-corrections-v1/reviewed-export.json,b23a4bf1-b9f4-4c08-bb89-a4cf4a67e004,pdf,val,no_relevante,16
outputs/history-corrections-v1/reviewed-export.json,b23a4bf1-b9f4-4c08-bb89-a4cf4a67e004,pdf,val,organizacion_consecuencias_republicanas,15
outputs/history-corrections-v1/reviewed-export.json,b23a4bf1-b9f4-4c08-bb89-a4cf4a67e004,pdf,val,participacion_social_regional,11
outputs/history-corrections-v1/reviewed-export.json,e32181bc-41d0-4400-a76d-eb11fc88bf71,pdf,train,campanias_conflictos_militares,10
outputs/history-corrections-v1/reviewed-export.json,e32181bc-41d0-4400-a76d-eb11fc88bf71,pdf,train,contexto_colonial_antecedentes,0
outputs/history-corrections-v1/reviewed-export.json,e32181bc-41d0-4400-a76d-eb11fc88bf71,pdf,train,crisis_ideas_emancipadoras,0
outputs/history-corrections-v1/reviewed-export.json,e32181bc-41d0-4400-a76d-eb11fc88bf71,pdf,train,liderazgos_diplomacia_proyectos,6
outputs/history-corrections-v1/reviewed-export.json,e32181bc-41d0-4400-a76d-eb11fc88bf71,pdf,train,no_relevante,4
outputs/history-corrections-v1/reviewed-export.json,e32181bc-41d0-4400-a76d-eb11fc88bf71,pdf,train,organizacion_consecuencias_republicanas,0
outputs/history-corrections-v1/reviewed-export.json,e32181bc-41d0-4400-a76d-eb11fc88bf71,pdf,train,participacion_social_regional,26
outputs/huerta-batch-snapshot-v1/reviewed-export.json,0ea45102-057d-4bff-b527-f36326f66d33,pdf,train,campanias_conflictos_militares,1
outputs/huerta-batch-snapshot-v1/reviewed-export.json,0ea45102-057d-4bff-b527-f36326f66d33,pdf,train,contexto_colonial_antecedentes,6
outputs/huerta-batch-snapshot-v1/reviewed-export.json,0ea45102-057d-4bff-b527-f36326f66d33,pdf,train,crisis_ideas_emancipadoras,28
outputs/huerta-batch-snapshot-v1/reviewed-export.json,0ea45102-057d-4bff-b527-f36326f66d33,pdf,train,liderazgos_diplomacia_proyectos,21
outputs/huerta-batch-snapshot-v1/reviewed-export.json,0ea45102-057d-4bff-b527-f36326f66d33,pdf,train,no_relevante,28
outputs/huerta-batch-snapshot-v1/reviewed-export.json,0ea45102-057d-4bff-b527-f36326f66d33,pdf,train,organizacion_consecuencias_republicanas,1
outputs/huerta-batch-snapshot-v1/reviewed-export.json,0ea45102-057d-4bff-b527-f36326f66d33,pdf,train,participacion_social_regional,18
outputs/huerta-batch-snapshot-v1/reviewed-export.json,15e52806-3d75-4117-937d-7c7eda594579,youtube,test,campanias_conflictos_militares,1
outputs/huerta-batch-snapshot-v1/reviewed-export.json,15e52806-3d75-4117-937d-7c7eda594579,youtube,test,contexto_colonial_antecedentes,14
outputs/huerta-batch-snapshot-v1/reviewed-export.json,15e52806-3d75-4117-937d-7c7eda594579,youtube,test,crisis_ideas_emancipadoras,22
outputs/huerta-batch-snapshot-v1/reviewed-export.json,15e52806-3d75-4117-937d-7c7eda594579,youtube,test,liderazgos_diplomacia_proyectos,1
outputs/huerta-batch-snapshot-v1/reviewed-export.json,15e52806-3d75-4117-937d-7c7eda594579,youtube,test,no_relevante,22
outputs/huerta-batch-snapshot-v1/reviewed-export.json,15e52806-3d75-4117-937d-7c7eda594579,youtube,test,organizacion_consecuencias_republicanas,2
outputs/huerta-batch-snapshot-v1/reviewed-export.json,15e52806-3d75-4117-937d-7c7eda594579,youtube,test,participacion_social_regional,10
outputs/huerta-batch-snapshot-v1/reviewed-export.json,17552e18-8e04-53f8-a48f-b60ed56fbbd0,pdf,train,campanias_conflictos_militares,0
outputs/huerta-batch-snapshot-v1/reviewed-export.json,17552e18-8e04-53f8-a48f-b60ed56fbbd0,pdf,train,contexto_colonial_antecedentes,1
outputs/huerta-batch-snapshot-v1/reviewed-export.json,17552e18-8e04-53f8-a48f-b60ed56fbbd0,pdf,train,crisis_ideas_emancipadoras,0
outputs/huerta-batch-snapshot-v1/reviewed-export.json,17552e18-8e04-53f8-a48f-b60ed56fbbd0,pdf,train,liderazgos_diplomacia_proyectos,0
outputs/huerta-batch-snapshot-v1/reviewed-export.json,17552e18-8e04-53f8-a48f-b60ed56fbbd0,pdf,train,no_relevante,0
outputs/huerta-batch-snapshot-v1/reviewed-export.json,17552e18-8e04-53f8-a48f-b60ed56fbbd0,pdf,train,organizacion_consecuencias_republicanas,0
outputs/huerta-batch-snapshot-v1/reviewed-export.json,17552e18-8e04-53f8-a48f-b60ed56fbbd0,pdf,train,participacion_social_regional,1
outputs/huerta-batch-snapshot-v1/reviewed-export.json,48262fb6-dee2-531e-b001-536c5928a9ca,pdf,train,campanias_conflictos_militares,0
outputs/huerta-batch-snapshot-v1/reviewed-export.json,48262fb6-dee2-531e-b001-536c5928a9ca,pdf,train,contexto_colonial_antecedentes,0
outputs/huerta-batch-snapshot-v1/reviewed-export.json,48262fb6-dee2-531e-b001-536c5928a9ca,pdf,train,crisis_ideas_emancipadoras,4
outputs/huerta-batch-snapshot-v1/reviewed-export.json,48262fb6-dee2-531e-b001-536c5928a9ca,pdf,train,liderazgos_diplomacia_proyectos,0
outputs/huerta-batch-snapshot-v1/reviewed-export.json,48262fb6-dee2-531e-b001-536c5928a9ca,pdf,train,no_relevante,0
outputs/huerta-batch-snapshot-v1/reviewed-export.json,48262fb6-dee2-531e-b001-536c5928a9ca,pdf,train,organizacion_consecuencias_republicanas,0
outputs/huerta-batch-snapshot-v1/reviewed-export.json,48262fb6-dee2-531e-b001-536c5928a9ca,pdf,train,participacion_social_regional,0
outputs/huerta-batch-snapshot-v1/reviewed-export.json,4ca9c84a-627b-4027-8216-fdc07c506727,pdf,test,campanias_conflictos_militares,6
outputs/huerta-batch-snapshot-v1/reviewed-export.json,4ca9c84a-627b-4027-8216-fdc07c506727,pdf,test,contexto_colonial_antecedentes,0
outputs/huerta-batch-snapshot-v1/reviewed-export.json,4ca9c84a-627b-4027-8216-fdc07c506727,pdf,test,crisis_ideas_emancipadoras,6
outputs/huerta-batch-snapshot-v1/reviewed-export.json,4ca9c84a-627b-4027-8216-fdc07c506727,pdf,test,liderazgos_diplomacia_proyectos,22
outputs/huerta-batch-snapshot-v1/reviewed-export.json,4ca9c84a-627b-4027-8216-fdc07c506727,pdf,test,no_relevante,17
outputs/huerta-batch-snapshot-v1/reviewed-export.json,4ca9c84a-627b-4027-8216-fdc07c506727,pdf,test,organizacion_consecuencias_republicanas,12
outputs/huerta-batch-snapshot-v1/reviewed-export.json,4ca9c84a-627b-4027-8216-fdc07c506727,pdf,test,participacion_social_regional,2
outputs/huerta-batch-snapshot-v1/reviewed-export.json,514f190e-5d01-497a-a6ef-648601cd8bdb,youtube,train,campanias_conflictos_militares,1
outputs/huerta-batch-snapshot-v1/reviewed-export.json,514f190e-5d01-497a-a6ef-648601cd8bdb,youtube,train,contexto_colonial_antecedentes,0
outputs/huerta-batch-snapshot-v1/reviewed-export.json,514f190e-5d01-497a-a6ef-648601cd8bdb,youtube,train,crisis_ideas_emancipadoras,19
outputs/huerta-batch-snapshot-v1/reviewed-export.json,514f190e-5d01-497a-a6ef-648601cd8bdb,youtube,train,liderazgos_diplomacia_proyectos,15
outputs/huerta-batch-snapshot-v1/reviewed-export.json,514f190e-5d01-497a-a6ef-648601cd8bdb,youtube,train,no_relevante,28
outputs/huerta-batch-snapshot-v1/reviewed-export.json,514f190e-5d01-497a-a6ef-648601cd8bdb,youtube,train,organizacion_consecuencias_republicanas,6
outputs/huerta-batch-snapshot-v1/reviewed-export.json,514f190e-5d01-497a-a6ef-648601cd8bdb,youtube,train,participacion_social_regional,3
outputs/huerta-batch-snapshot-v1/reviewed-export.json,747ca90f-92fc-4d19-aec4-6dfc34c2917e,pdf,train,campanias_conflictos_militares,70
outputs/huerta-batch-snapshot-v1/reviewed-export.json,747ca90f-92fc-4d19-aec4-6dfc34c2917e,pdf,train,contexto_colonial_antecedentes,52
outputs/huerta-batch-snapshot-v1/reviewed-export.json,747ca90f-92fc-4d19-aec4-6dfc34c2917e,pdf,train,crisis_ideas_emancipadoras,6
outputs/huerta-batch-snapshot-v1/reviewed-export.json,747ca90f-92fc-4d19-aec4-6dfc34c2917e,pdf,train,liderazgos_diplomacia_proyectos,43
outputs/huerta-batch-snapshot-v1/reviewed-export.json,747ca90f-92fc-4d19-aec4-6dfc34c2917e,pdf,train,no_relevante,13
outputs/huerta-batch-snapshot-v1/reviewed-export.json,747ca90f-92fc-4d19-aec4-6dfc34c2917e,pdf,train,organizacion_consecuencias_republicanas,59
outputs/huerta-batch-snapshot-v1/reviewed-export.json,747ca90f-92fc-4d19-aec4-6dfc34c2917e,pdf,train,participacion_social_regional,1
outputs/huerta-batch-snapshot-v1/reviewed-export.json,9154f7f7-86c9-4bad-bcba-47eaf54b93e1,pdf,train,campanias_conflictos_militares,0
outputs/huerta-batch-snapshot-v1/reviewed-export.json,9154f7f7-86c9-4bad-bcba-47eaf54b93e1,pdf,train,contexto_colonial_antecedentes,0
outputs/huerta-batch-snapshot-v1/reviewed-export.json,9154f7f7-86c9-4bad-bcba-47eaf54b93e1,pdf,train,crisis_ideas_emancipadoras,2
outputs/huerta-batch-snapshot-v1/reviewed-export.json,9154f7f7-86c9-4bad-bcba-47eaf54b93e1,pdf,train,liderazgos_diplomacia_proyectos,5
outputs/huerta-batch-snapshot-v1/reviewed-export.json,9154f7f7-86c9-4bad-bcba-47eaf54b93e1,pdf,train,no_relevante,1
outputs/huerta-batch-snapshot-v1/reviewed-export.json,9154f7f7-86c9-4bad-bcba-47eaf54b93e1,pdf,train,organizacion_consecuencias_republicanas,8
outputs/huerta-batch-snapshot-v1/reviewed-export.json,9154f7f7-86c9-4bad-bcba-47eaf54b93e1,pdf,train,participacion_social_regional,2
outputs/huerta-batch-snapshot-v1/reviewed-export.json,9f60a031-0183-478c-a1f8-a3bdd37d7b0b,pdf,train,campanias_conflictos_militares,0
outputs/huerta-batch-snapshot-v1/reviewed-export.json,9f60a031-0183-478c-a1f8-a3bdd37d7b0b,pdf,train,contexto_colonial_antecedentes,0
outputs/huerta-batch-snapshot-v1/reviewed-export.json,9f60a031-0183-478c-a1f8-a3bdd37d7b0b,pdf,train,crisis_ideas_emancipadoras,0
outputs/huerta-batch-snapshot-v1/reviewed-export.json,9f60a031-0183-478c-a1f8-a3bdd37d7b0b,pdf,train,liderazgos_diplomacia_proyectos,4
outputs/huerta-batch-snapshot-v1/reviewed-export.json,9f60a031-0183-478c-a1f8-a3bdd37d7b0b,pdf,train,no_relevante,11
outputs/huerta-batch-snapshot-v1/reviewed-export.json,9f60a031-0183-478c-a1f8-a3bdd37d7b0b,pdf,train,organizacion_consecuencias_republicanas,27
outputs/huerta-batch-snapshot-v1/reviewed-export.json,9f60a031-0183-478c-a1f8-a3bdd37d7b0b,pdf,train,participacion_social_regional,11
outputs/huerta-batch-snapshot-v1/reviewed-export.json,9fecbe5a-9fb2-4002-a088-8a2810db938e,pdf,train,campanias_conflictos_militares,6
outputs/huerta-batch-snapshot-v1/reviewed-export.json,9fecbe5a-9fb2-4002-a088-8a2810db938e,pdf,train,contexto_colonial_antecedentes,12
outputs/huerta-batch-snapshot-v1/reviewed-export.json,9fecbe5a-9fb2-4002-a088-8a2810db938e,pdf,train,crisis_ideas_emancipadoras,3
outputs/huerta-batch-snapshot-v1/reviewed-export.json,9fecbe5a-9fb2-4002-a088-8a2810db938e,pdf,train,liderazgos_diplomacia_proyectos,0
outputs/huerta-batch-snapshot-v1/reviewed-export.json,9fecbe5a-9fb2-4002-a088-8a2810db938e,pdf,train,no_relevante,16
outputs/huerta-batch-snapshot-v1/reviewed-export.json,9fecbe5a-9fb2-4002-a088-8a2810db938e,pdf,train,organizacion_consecuencias_republicanas,0
outputs/huerta-batch-snapshot-v1/reviewed-export.json,9fecbe5a-9fb2-4002-a088-8a2810db938e,pdf,train,participacion_social_regional,21
outputs/huerta-batch-snapshot-v1/reviewed-export.json,b23a4bf1-b9f4-4c08-bb89-a4cf4a67e004,pdf,val,campanias_conflictos_militares,4
outputs/huerta-batch-snapshot-v1/reviewed-export.json,b23a4bf1-b9f4-4c08-bb89-a4cf4a67e004,pdf,val,contexto_colonial_antecedentes,16
outputs/huerta-batch-snapshot-v1/reviewed-export.json,b23a4bf1-b9f4-4c08-bb89-a4cf4a67e004,pdf,val,crisis_ideas_emancipadoras,15
outputs/huerta-batch-snapshot-v1/reviewed-export.json,b23a4bf1-b9f4-4c08-bb89-a4cf4a67e004,pdf,val,liderazgos_diplomacia_proyectos,4
outputs/huerta-batch-snapshot-v1/reviewed-export.json,b23a4bf1-b9f4-4c08-bb89-a4cf4a67e004,pdf,val,no_relevante,16
outputs/huerta-batch-snapshot-v1/reviewed-export.json,b23a4bf1-b9f4-4c08-bb89-a4cf4a67e004,pdf,val,organizacion_consecuencias_republicanas,15
outputs/huerta-batch-snapshot-v1/reviewed-export.json,b23a4bf1-b9f4-4c08-bb89-a4cf4a67e004,pdf,val,participacion_social_regional,11
outputs/huerta-batch-snapshot-v1/reviewed-export.json,e32181bc-41d0-4400-a76d-eb11fc88bf71,pdf,train,campanias_conflictos_militares,10
outputs/huerta-batch-snapshot-v1/reviewed-export.json,e32181bc-41d0-4400-a76d-eb11fc88bf71,pdf,train,contexto_colonial_antecedentes,0
outputs/huerta-batch-snapshot-v1/reviewed-export.json,e32181bc-41d0-4400-a76d-eb11fc88bf71,pdf,train,crisis_ideas_emancipadoras,0
outputs/huerta-batch-snapshot-v1/reviewed-export.json,e32181bc-41d0-4400-a76d-eb11fc88bf71,pdf,train,liderazgos_diplomacia_proyectos,6
outputs/huerta-batch-snapshot-v1/reviewed-export.json,e32181bc-41d0-4400-a76d-eb11fc88bf71,pdf,train,no_relevante,4
outputs/huerta-batch-snapshot-v1/reviewed-export.json,e32181bc-41d0-4400-a76d-eb11fc88bf71,pdf,train,organizacion_consecuencias_republicanas,0
outputs/huerta-batch-snapshot-v1/reviewed-export.json,e32181bc-41d0-4400-a76d-eb11fc88bf71,pdf,train,participacion_social_regional,26
outputs/huerta-snapshot-v1/reviewed-export.json,0ea45102-057d-4bff-b527-f36326f66d33,pdf,train,campanias_conflictos_militares,1
outputs/huerta-snapshot-v1/reviewed-export.json,0ea45102-057d-4bff-b527-f36326f66d33,pdf,train,contexto_colonial_antecedentes,6
outputs/huerta-snapshot-v1/reviewed-export.json,0ea45102-057d-4bff-b527-f36326f66d33,pdf,train,crisis_ideas_emancipadoras,28
outputs/huerta-snapshot-v1/reviewed-export.json,0ea45102-057d-4bff-b527-f36326f66d33,pdf,train,liderazgos_diplomacia_proyectos,21
outputs/huerta-snapshot-v1/reviewed-export.json,0ea45102-057d-4bff-b527-f36326f66d33,pdf,train,no_relevante,28
outputs/huerta-snapshot-v1/reviewed-export.json,0ea45102-057d-4bff-b527-f36326f66d33,pdf,train,organizacion_consecuencias_republicanas,1
outputs/huerta-snapshot-v1/reviewed-export.json,0ea45102-057d-4bff-b527-f36326f66d33,pdf,train,participacion_social_regional,18
outputs/huerta-snapshot-v1/reviewed-export.json,15e52806-3d75-4117-937d-7c7eda594579,youtube,test,campanias_conflictos_militares,1
outputs/huerta-snapshot-v1/reviewed-export.json,15e52806-3d75-4117-937d-7c7eda594579,youtube,test,contexto_colonial_antecedentes,14
outputs/huerta-snapshot-v1/reviewed-export.json,15e52806-3d75-4117-937d-7c7eda594579,youtube,test,crisis_ideas_emancipadoras,22
outputs/huerta-snapshot-v1/reviewed-export.json,15e52806-3d75-4117-937d-7c7eda594579,youtube,test,liderazgos_diplomacia_proyectos,1
outputs/huerta-snapshot-v1/reviewed-export.json,15e52806-3d75-4117-937d-7c7eda594579,youtube,test,no_relevante,22
outputs/huerta-snapshot-v1/reviewed-export.json,15e52806-3d75-4117-937d-7c7eda594579,youtube,test,organizacion_consecuencias_republicanas,2
outputs/huerta-snapshot-v1/reviewed-export.json,15e52806-3d75-4117-937d-7c7eda594579,youtube,test,participacion_social_regional,10
outputs/huerta-snapshot-v1/reviewed-export.json,17552e18-8e04-53f8-a48f-b60ed56fbbd0,pdf,train,campanias_conflictos_militares,0
outputs/huerta-snapshot-v1/reviewed-export.json,17552e18-8e04-53f8-a48f-b60ed56fbbd0,pdf,train,contexto_colonial_antecedentes,1
outputs/huerta-snapshot-v1/reviewed-export.json,17552e18-8e04-53f8-a48f-b60ed56fbbd0,pdf,train,crisis_ideas_emancipadoras,0
outputs/huerta-snapshot-v1/reviewed-export.json,17552e18-8e04-53f8-a48f-b60ed56fbbd0,pdf,train,liderazgos_diplomacia_proyectos,0
outputs/huerta-snapshot-v1/reviewed-export.json,17552e18-8e04-53f8-a48f-b60ed56fbbd0,pdf,train,no_relevante,0
outputs/huerta-snapshot-v1/reviewed-export.json,17552e18-8e04-53f8-a48f-b60ed56fbbd0,pdf,train,organizacion_consecuencias_republicanas,0
outputs/huerta-snapshot-v1/reviewed-export.json,17552e18-8e04-53f8-a48f-b60ed56fbbd0,pdf,train,participacion_social_regional,1
outputs/huerta-snapshot-v1/reviewed-export.json,48262fb6-dee2-531e-b001-536c5928a9ca,pdf,train,campanias_conflictos_militares,0
outputs/huerta-snapshot-v1/reviewed-export.json,48262fb6-dee2-531e-b001-536c5928a9ca,pdf,train,contexto_colonial_antecedentes,0
outputs/huerta-snapshot-v1/reviewed-export.json,48262fb6-dee2-531e-b001-536c5928a9ca,pdf,train,crisis_ideas_emancipadoras,1
outputs/huerta-snapshot-v1/reviewed-export.json,48262fb6-dee2-531e-b001-536c5928a9ca,pdf,train,liderazgos_diplomacia_proyectos,0
outputs/huerta-snapshot-v1/reviewed-export.json,48262fb6-dee2-531e-b001-536c5928a9ca,pdf,train,no_relevante,0
outputs/huerta-snapshot-v1/reviewed-export.json,48262fb6-dee2-531e-b001-536c5928a9ca,pdf,train,organizacion_consecuencias_republicanas,0
outputs/huerta-snapshot-v1/reviewed-export.json,48262fb6-dee2-531e-b001-536c5928a9ca,pdf,train,participacion_social_regional,0
outputs/huerta-snapshot-v1/reviewed-export.json,4ca9c84a-627b-4027-8216-fdc07c506727,pdf,test,campanias_conflictos_militares,6
outputs/huerta-snapshot-v1/reviewed-export.json,4ca9c84a-627b-4027-8216-fdc07c506727,pdf,test,contexto_colonial_antecedentes,0
outputs/huerta-snapshot-v1/reviewed-export.json,4ca9c84a-627b-4027-8216-fdc07c506727,pdf,test,crisis_ideas_emancipadoras,6
outputs/huerta-snapshot-v1/reviewed-export.json,4ca9c84a-627b-4027-8216-fdc07c506727,pdf,test,liderazgos_diplomacia_proyectos,22
outputs/huerta-snapshot-v1/reviewed-export.json,4ca9c84a-627b-4027-8216-fdc07c506727,pdf,test,no_relevante,17
outputs/huerta-snapshot-v1/reviewed-export.json,4ca9c84a-627b-4027-8216-fdc07c506727,pdf,test,organizacion_consecuencias_republicanas,12
outputs/huerta-snapshot-v1/reviewed-export.json,4ca9c84a-627b-4027-8216-fdc07c506727,pdf,test,participacion_social_regional,2
outputs/huerta-snapshot-v1/reviewed-export.json,514f190e-5d01-497a-a6ef-648601cd8bdb,youtube,train,campanias_conflictos_militares,1
outputs/huerta-snapshot-v1/reviewed-export.json,514f190e-5d01-497a-a6ef-648601cd8bdb,youtube,train,contexto_colonial_antecedentes,0
outputs/huerta-snapshot-v1/reviewed-export.json,514f190e-5d01-497a-a6ef-648601cd8bdb,youtube,train,crisis_ideas_emancipadoras,19
outputs/huerta-snapshot-v1/reviewed-export.json,514f190e-5d01-497a-a6ef-648601cd8bdb,youtube,train,liderazgos_diplomacia_proyectos,15
outputs/huerta-snapshot-v1/reviewed-export.json,514f190e-5d01-497a-a6ef-648601cd8bdb,youtube,train,no_relevante,28
outputs/huerta-snapshot-v1/reviewed-export.json,514f190e-5d01-497a-a6ef-648601cd8bdb,youtube,train,organizacion_consecuencias_republicanas,6
outputs/huerta-snapshot-v1/reviewed-export.json,514f190e-5d01-497a-a6ef-648601cd8bdb,youtube,train,participacion_social_regional,3
outputs/huerta-snapshot-v1/reviewed-export.json,747ca90f-92fc-4d19-aec4-6dfc34c2917e,pdf,train,campanias_conflictos_militares,70
outputs/huerta-snapshot-v1/reviewed-export.json,747ca90f-92fc-4d19-aec4-6dfc34c2917e,pdf,train,contexto_colonial_antecedentes,52
outputs/huerta-snapshot-v1/reviewed-export.json,747ca90f-92fc-4d19-aec4-6dfc34c2917e,pdf,train,crisis_ideas_emancipadoras,6
outputs/huerta-snapshot-v1/reviewed-export.json,747ca90f-92fc-4d19-aec4-6dfc34c2917e,pdf,train,liderazgos_diplomacia_proyectos,43
outputs/huerta-snapshot-v1/reviewed-export.json,747ca90f-92fc-4d19-aec4-6dfc34c2917e,pdf,train,no_relevante,13
outputs/huerta-snapshot-v1/reviewed-export.json,747ca90f-92fc-4d19-aec4-6dfc34c2917e,pdf,train,organizacion_consecuencias_republicanas,59
outputs/huerta-snapshot-v1/reviewed-export.json,747ca90f-92fc-4d19-aec4-6dfc34c2917e,pdf,train,participacion_social_regional,1
outputs/huerta-snapshot-v1/reviewed-export.json,9154f7f7-86c9-4bad-bcba-47eaf54b93e1,pdf,train,campanias_conflictos_militares,0
outputs/huerta-snapshot-v1/reviewed-export.json,9154f7f7-86c9-4bad-bcba-47eaf54b93e1,pdf,train,contexto_colonial_antecedentes,0
outputs/huerta-snapshot-v1/reviewed-export.json,9154f7f7-86c9-4bad-bcba-47eaf54b93e1,pdf,train,crisis_ideas_emancipadoras,2
outputs/huerta-snapshot-v1/reviewed-export.json,9154f7f7-86c9-4bad-bcba-47eaf54b93e1,pdf,train,liderazgos_diplomacia_proyectos,5
outputs/huerta-snapshot-v1/reviewed-export.json,9154f7f7-86c9-4bad-bcba-47eaf54b93e1,pdf,train,no_relevante,1
outputs/huerta-snapshot-v1/reviewed-export.json,9154f7f7-86c9-4bad-bcba-47eaf54b93e1,pdf,train,organizacion_consecuencias_republicanas,8
outputs/huerta-snapshot-v1/reviewed-export.json,9154f7f7-86c9-4bad-bcba-47eaf54b93e1,pdf,train,participacion_social_regional,2
outputs/huerta-snapshot-v1/reviewed-export.json,9f60a031-0183-478c-a1f8-a3bdd37d7b0b,pdf,train,campanias_conflictos_militares,0
outputs/huerta-snapshot-v1/reviewed-export.json,9f60a031-0183-478c-a1f8-a3bdd37d7b0b,pdf,train,contexto_colonial_antecedentes,0
outputs/huerta-snapshot-v1/reviewed-export.json,9f60a031-0183-478c-a1f8-a3bdd37d7b0b,pdf,train,crisis_ideas_emancipadoras,0
outputs/huerta-snapshot-v1/reviewed-export.json,9f60a031-0183-478c-a1f8-a3bdd37d7b0b,pdf,train,liderazgos_diplomacia_proyectos,4
outputs/huerta-snapshot-v1/reviewed-export.json,9f60a031-0183-478c-a1f8-a3bdd37d7b0b,pdf,train,no_relevante,11
outputs/huerta-snapshot-v1/reviewed-export.json,9f60a031-0183-478c-a1f8-a3bdd37d7b0b,pdf,train,organizacion_consecuencias_republicanas,27
outputs/huerta-snapshot-v1/reviewed-export.json,9f60a031-0183-478c-a1f8-a3bdd37d7b0b,pdf,train,participacion_social_regional,11
outputs/huerta-snapshot-v1/reviewed-export.json,9fecbe5a-9fb2-4002-a088-8a2810db938e,pdf,train,campanias_conflictos_militares,6
outputs/huerta-snapshot-v1/reviewed-export.json,9fecbe5a-9fb2-4002-a088-8a2810db938e,pdf,train,contexto_colonial_antecedentes,12
outputs/huerta-snapshot-v1/reviewed-export.json,9fecbe5a-9fb2-4002-a088-8a2810db938e,pdf,train,crisis_ideas_emancipadoras,3
outputs/huerta-snapshot-v1/reviewed-export.json,9fecbe5a-9fb2-4002-a088-8a2810db938e,pdf,train,liderazgos_diplomacia_proyectos,0
outputs/huerta-snapshot-v1/reviewed-export.json,9fecbe5a-9fb2-4002-a088-8a2810db938e,pdf,train,no_relevante,16
outputs/huerta-snapshot-v1/reviewed-export.json,9fecbe5a-9fb2-4002-a088-8a2810db938e,pdf,train,organizacion_consecuencias_republicanas,0
outputs/huerta-snapshot-v1/reviewed-export.json,9fecbe5a-9fb2-4002-a088-8a2810db938e,pdf,train,participacion_social_regional,21
outputs/huerta-snapshot-v1/reviewed-export.json,b23a4bf1-b9f4-4c08-bb89-a4cf4a67e004,pdf,val,campanias_conflictos_militares,4
outputs/huerta-snapshot-v1/reviewed-export.json,b23a4bf1-b9f4-4c08-bb89-a4cf4a67e004,pdf,val,contexto_colonial_antecedentes,16
outputs/huerta-snapshot-v1/reviewed-export.json,b23a4bf1-b9f4-4c08-bb89-a4cf4a67e004,pdf,val,crisis_ideas_emancipadoras,15
outputs/huerta-snapshot-v1/reviewed-export.json,b23a4bf1-b9f4-4c08-bb89-a4cf4a67e004,pdf,val,liderazgos_diplomacia_proyectos,4
outputs/huerta-snapshot-v1/reviewed-export.json,b23a4bf1-b9f4-4c08-bb89-a4cf4a67e004,pdf,val,no_relevante,16
outputs/huerta-snapshot-v1/reviewed-export.json,b23a4bf1-b9f4-4c08-bb89-a4cf4a67e004,pdf,val,organizacion_consecuencias_republicanas,15
outputs/huerta-snapshot-v1/reviewed-export.json,b23a4bf1-b9f4-4c08-bb89-a4cf4a67e004,pdf,val,participacion_social_regional,11
outputs/huerta-snapshot-v1/reviewed-export.json,e32181bc-41d0-4400-a76d-eb11fc88bf71,pdf,train,campanias_conflictos_militares,10
outputs/huerta-snapshot-v1/reviewed-export.json,e32181bc-41d0-4400-a76d-eb11fc88bf71,pdf,train,contexto_colonial_antecedentes,0
outputs/huerta-snapshot-v1/reviewed-export.json,e32181bc-41d0-4400-a76d-eb11fc88bf71,pdf,train,crisis_ideas_emancipadoras,0
outputs/huerta-snapshot-v1/reviewed-export.json,e32181bc-41d0-4400-a76d-eb11fc88bf71,pdf,train,liderazgos_diplomacia_proyectos,6
outputs/huerta-snapshot-v1/reviewed-export.json,e32181bc-41d0-4400-a76d-eb11fc88bf71,pdf,train,no_relevante,4
outputs/huerta-snapshot-v1/reviewed-export.json,e32181bc-41d0-4400-a76d-eb11fc88bf71,pdf,train,organizacion_consecuencias_republicanas,0
outputs/huerta-snapshot-v1/reviewed-export.json,e32181bc-41d0-4400-a76d-eb11fc88bf71,pdf,train,participacion_social_regional,26
outputs/maintenance-no-changes/snapshot.json,0ea45102-057d-4bff-b527-f36326f66d33,pdf,train,campanias_conflictos_militares,1
outputs/maintenance-no-changes/snapshot.json,0ea45102-057d-4bff-b527-f36326f66d33,pdf,train,contexto_colonial_antecedentes,6
outputs/maintenance-no-changes/snapshot.json,0ea45102-057d-4bff-b527-f36326f66d33,pdf,train,crisis_ideas_emancipadoras,29
outputs/maintenance-no-changes/snapshot.json,0ea45102-057d-4bff-b527-f36326f66d33,pdf,train,liderazgos_diplomacia_proyectos,21
outputs/maintenance-no-changes/snapshot.json,0ea45102-057d-4bff-b527-f36326f66d33,pdf,train,no_relevante,28
outputs/maintenance-no-changes/snapshot.json,0ea45102-057d-4bff-b527-f36326f66d33,pdf,train,organizacion_consecuencias_republicanas,1
outputs/maintenance-no-changes/snapshot.json,0ea45102-057d-4bff-b527-f36326f66d33,pdf,train,participacion_social_regional,17
outputs/maintenance-no-changes/snapshot.json,15e52806-3d75-4117-937d-7c7eda594579,youtube,test,campanias_conflictos_militares,1
outputs/maintenance-no-changes/snapshot.json,15e52806-3d75-4117-937d-7c7eda594579,youtube,test,contexto_colonial_antecedentes,14
outputs/maintenance-no-changes/snapshot.json,15e52806-3d75-4117-937d-7c7eda594579,youtube,test,crisis_ideas_emancipadoras,22
outputs/maintenance-no-changes/snapshot.json,15e52806-3d75-4117-937d-7c7eda594579,youtube,test,liderazgos_diplomacia_proyectos,1
outputs/maintenance-no-changes/snapshot.json,15e52806-3d75-4117-937d-7c7eda594579,youtube,test,no_relevante,22
outputs/maintenance-no-changes/snapshot.json,15e52806-3d75-4117-937d-7c7eda594579,youtube,test,organizacion_consecuencias_republicanas,2
outputs/maintenance-no-changes/snapshot.json,15e52806-3d75-4117-937d-7c7eda594579,youtube,test,participacion_social_regional,10
outputs/maintenance-no-changes/snapshot.json,4ca9c84a-627b-4027-8216-fdc07c506727,pdf,test,campanias_conflictos_militares,6
outputs/maintenance-no-changes/snapshot.json,4ca9c84a-627b-4027-8216-fdc07c506727,pdf,test,contexto_colonial_antecedentes,0
outputs/maintenance-no-changes/snapshot.json,4ca9c84a-627b-4027-8216-fdc07c506727,pdf,test,crisis_ideas_emancipadoras,6
outputs/maintenance-no-changes/snapshot.json,4ca9c84a-627b-4027-8216-fdc07c506727,pdf,test,liderazgos_diplomacia_proyectos,22
outputs/maintenance-no-changes/snapshot.json,4ca9c84a-627b-4027-8216-fdc07c506727,pdf,test,no_relevante,17
outputs/maintenance-no-changes/snapshot.json,4ca9c84a-627b-4027-8216-fdc07c506727,pdf,test,organizacion_consecuencias_republicanas,12
outputs/maintenance-no-changes/snapshot.json,4ca9c84a-627b-4027-8216-fdc07c506727,pdf,test,participacion_social_regional,2
outputs/maintenance-no-changes/snapshot.json,514f190e-5d01-497a-a6ef-648601cd8bdb,youtube,train,campanias_conflictos_militares,1
outputs/maintenance-no-changes/snapshot.json,514f190e-5d01-497a-a6ef-648601cd8bdb,youtube,train,contexto_colonial_antecedentes,0
outputs/maintenance-no-changes/snapshot.json,514f190e-5d01-497a-a6ef-648601cd8bdb,youtube,train,crisis_ideas_emancipadoras,19
outputs/maintenance-no-changes/snapshot.json,514f190e-5d01-497a-a6ef-648601cd8bdb,youtube,train,liderazgos_diplomacia_proyectos,15
outputs/maintenance-no-changes/snapshot.json,514f190e-5d01-497a-a6ef-648601cd8bdb,youtube,train,no_relevante,28
outputs/maintenance-no-changes/snapshot.json,514f190e-5d01-497a-a6ef-648601cd8bdb,youtube,train,organizacion_consecuencias_republicanas,6
outputs/maintenance-no-changes/snapshot.json,514f190e-5d01-497a-a6ef-648601cd8bdb,youtube,train,participacion_social_regional,3
outputs/maintenance-no-changes/snapshot.json,747ca90f-92fc-4d19-aec4-6dfc34c2917e,pdf,train,campanias_conflictos_militares,70
outputs/maintenance-no-changes/snapshot.json,747ca90f-92fc-4d19-aec4-6dfc34c2917e,pdf,train,contexto_colonial_antecedentes,52
outputs/maintenance-no-changes/snapshot.json,747ca90f-92fc-4d19-aec4-6dfc34c2917e,pdf,train,crisis_ideas_emancipadoras,6
outputs/maintenance-no-changes/snapshot.json,747ca90f-92fc-4d19-aec4-6dfc34c2917e,pdf,train,liderazgos_diplomacia_proyectos,42
outputs/maintenance-no-changes/snapshot.json,747ca90f-92fc-4d19-aec4-6dfc34c2917e,pdf,train,no_relevante,13
outputs/maintenance-no-changes/snapshot.json,747ca90f-92fc-4d19-aec4-6dfc34c2917e,pdf,train,organizacion_consecuencias_republicanas,59
outputs/maintenance-no-changes/snapshot.json,747ca90f-92fc-4d19-aec4-6dfc34c2917e,pdf,train,participacion_social_regional,1
outputs/maintenance-no-changes/snapshot.json,9154f7f7-86c9-4bad-bcba-47eaf54b93e1,pdf,train,campanias_conflictos_militares,0
outputs/maintenance-no-changes/snapshot.json,9154f7f7-86c9-4bad-bcba-47eaf54b93e1,pdf,train,contexto_colonial_antecedentes,0
outputs/maintenance-no-changes/snapshot.json,9154f7f7-86c9-4bad-bcba-47eaf54b93e1,pdf,train,crisis_ideas_emancipadoras,2
outputs/maintenance-no-changes/snapshot.json,9154f7f7-86c9-4bad-bcba-47eaf54b93e1,pdf,train,liderazgos_diplomacia_proyectos,5
outputs/maintenance-no-changes/snapshot.json,9154f7f7-86c9-4bad-bcba-47eaf54b93e1,pdf,train,no_relevante,1
outputs/maintenance-no-changes/snapshot.json,9154f7f7-86c9-4bad-bcba-47eaf54b93e1,pdf,train,organizacion_consecuencias_republicanas,8
outputs/maintenance-no-changes/snapshot.json,9154f7f7-86c9-4bad-bcba-47eaf54b93e1,pdf,train,participacion_social_regional,2
outputs/maintenance-no-changes/snapshot.json,9f60a031-0183-478c-a1f8-a3bdd37d7b0b,pdf,train,campanias_conflictos_militares,0
outputs/maintenance-no-changes/snapshot.json,9f60a031-0183-478c-a1f8-a3bdd37d7b0b,pdf,train,contexto_colonial_antecedentes,0
outputs/maintenance-no-changes/snapshot.json,9f60a031-0183-478c-a1f8-a3bdd37d7b0b,pdf,train,crisis_ideas_emancipadoras,0
outputs/maintenance-no-changes/snapshot.json,9f60a031-0183-478c-a1f8-a3bdd37d7b0b,pdf,train,liderazgos_diplomacia_proyectos,4
outputs/maintenance-no-changes/snapshot.json,9f60a031-0183-478c-a1f8-a3bdd37d7b0b,pdf,train,no_relevante,11
outputs/maintenance-no-changes/snapshot.json,9f60a031-0183-478c-a1f8-a3bdd37d7b0b,pdf,train,organizacion_consecuencias_republicanas,27
outputs/maintenance-no-changes/snapshot.json,9f60a031-0183-478c-a1f8-a3bdd37d7b0b,pdf,train,participacion_social_regional,11
outputs/maintenance-no-changes/snapshot.json,9fecbe5a-9fb2-4002-a088-8a2810db938e,pdf,train,campanias_conflictos_militares,6
outputs/maintenance-no-changes/snapshot.json,9fecbe5a-9fb2-4002-a088-8a2810db938e,pdf,train,contexto_colonial_antecedentes,12
outputs/maintenance-no-changes/snapshot.json,9fecbe5a-9fb2-4002-a088-8a2810db938e,pdf,train,crisis_ideas_emancipadoras,3
outputs/maintenance-no-changes/snapshot.json,9fecbe5a-9fb2-4002-a088-8a2810db938e,pdf,train,liderazgos_diplomacia_proyectos,0
outputs/maintenance-no-changes/snapshot.json,9fecbe5a-9fb2-4002-a088-8a2810db938e,pdf,train,no_relevante,16
outputs/maintenance-no-changes/snapshot.json,9fecbe5a-9fb2-4002-a088-8a2810db938e,pdf,train,organizacion_consecuencias_republicanas,0
outputs/maintenance-no-changes/snapshot.json,9fecbe5a-9fb2-4002-a088-8a2810db938e,pdf,train,participacion_social_regional,21
outputs/maintenance-no-changes/snapshot.json,b23a4bf1-b9f4-4c08-bb89-a4cf4a67e004,pdf,val,campanias_conflictos_militares,4
outputs/maintenance-no-changes/snapshot.json,b23a4bf1-b9f4-4c08-bb89-a4cf4a67e004,pdf,val,contexto_colonial_antecedentes,16
outputs/maintenance-no-changes/snapshot.json,b23a4bf1-b9f4-4c08-bb89-a4cf4a67e004,pdf,val,crisis_ideas_emancipadoras,15
outputs/maintenance-no-changes/snapshot.json,b23a4bf1-b9f4-4c08-bb89-a4cf4a67e004,pdf,val,liderazgos_diplomacia_proyectos,4
outputs/maintenance-no-changes/snapshot.json,b23a4bf1-b9f4-4c08-bb89-a4cf4a67e004,pdf,val,no_relevante,16
outputs/maintenance-no-changes/snapshot.json,b23a4bf1-b9f4-4c08-bb89-a4cf4a67e004,pdf,val,organizacion_consecuencias_republicanas,15
outputs/maintenance-no-changes/snapshot.json,b23a4bf1-b9f4-4c08-bb89-a4cf4a67e004,pdf,val,participacion_social_regional,11
outputs/maintenance-no-changes/snapshot.json,e32181bc-41d0-4400-a76d-eb11fc88bf71,pdf,train,campanias_conflictos_militares,10
outputs/maintenance-no-changes/snapshot.json,e32181bc-41d0-4400-a76d-eb11fc88bf71,pdf,train,contexto_colonial_antecedentes,0
outputs/maintenance-no-changes/snapshot.json,e32181bc-41d0-4400-a76d-eb11fc88bf71,pdf,train,crisis_ideas_emancipadoras,0
outputs/maintenance-no-changes/snapshot.json,e32181bc-41d0-4400-a76d-eb11fc88bf71,pdf,train,liderazgos_diplomacia_proyectos,6
outputs/maintenance-no-changes/snapshot.json,e32181bc-41d0-4400-a76d-eb11fc88bf71,pdf,train,no_relevante,4
outputs/maintenance-no-changes/snapshot.json,e32181bc-41d0-4400-a76d-eb11fc88bf71,pdf,train,organizacion_consecuencias_republicanas,0
outputs/maintenance-no-changes/snapshot.json,e32181bc-41d0-4400-a76d-eb11fc88bf71,pdf,train,participacion_social_regional,28
outputs/villanueva-snapshot-v1/reviewed-export.json,0ea45102-057d-4bff-b527-f36326f66d33,pdf,train,campanias_conflictos_militares,1
outputs/villanueva-snapshot-v1/reviewed-export.json,0ea45102-057d-4bff-b527-f36326f66d33,pdf,train,contexto_colonial_antecedentes,6
outputs/villanueva-snapshot-v1/reviewed-export.json,0ea45102-057d-4bff-b527-f36326f66d33,pdf,train,crisis_ideas_emancipadoras,28
outputs/villanueva-snapshot-v1/reviewed-export.json,0ea45102-057d-4bff-b527-f36326f66d33,pdf,train,liderazgos_diplomacia_proyectos,21
outputs/villanueva-snapshot-v1/reviewed-export.json,0ea45102-057d-4bff-b527-f36326f66d33,pdf,train,no_relevante,28
outputs/villanueva-snapshot-v1/reviewed-export.json,0ea45102-057d-4bff-b527-f36326f66d33,pdf,train,organizacion_consecuencias_republicanas,1
outputs/villanueva-snapshot-v1/reviewed-export.json,0ea45102-057d-4bff-b527-f36326f66d33,pdf,train,participacion_social_regional,18
outputs/villanueva-snapshot-v1/reviewed-export.json,15e52806-3d75-4117-937d-7c7eda594579,youtube,test,campanias_conflictos_militares,1
outputs/villanueva-snapshot-v1/reviewed-export.json,15e52806-3d75-4117-937d-7c7eda594579,youtube,test,contexto_colonial_antecedentes,14
outputs/villanueva-snapshot-v1/reviewed-export.json,15e52806-3d75-4117-937d-7c7eda594579,youtube,test,crisis_ideas_emancipadoras,22
outputs/villanueva-snapshot-v1/reviewed-export.json,15e52806-3d75-4117-937d-7c7eda594579,youtube,test,liderazgos_diplomacia_proyectos,1
outputs/villanueva-snapshot-v1/reviewed-export.json,15e52806-3d75-4117-937d-7c7eda594579,youtube,test,no_relevante,22
outputs/villanueva-snapshot-v1/reviewed-export.json,15e52806-3d75-4117-937d-7c7eda594579,youtube,test,organizacion_consecuencias_republicanas,2
outputs/villanueva-snapshot-v1/reviewed-export.json,15e52806-3d75-4117-937d-7c7eda594579,youtube,test,participacion_social_regional,10
outputs/villanueva-snapshot-v1/reviewed-export.json,17552e18-8e04-53f8-a48f-b60ed56fbbd0,pdf,train,campanias_conflictos_militares,0
outputs/villanueva-snapshot-v1/reviewed-export.json,17552e18-8e04-53f8-a48f-b60ed56fbbd0,pdf,train,contexto_colonial_antecedentes,1
outputs/villanueva-snapshot-v1/reviewed-export.json,17552e18-8e04-53f8-a48f-b60ed56fbbd0,pdf,train,crisis_ideas_emancipadoras,0
outputs/villanueva-snapshot-v1/reviewed-export.json,17552e18-8e04-53f8-a48f-b60ed56fbbd0,pdf,train,liderazgos_diplomacia_proyectos,0
outputs/villanueva-snapshot-v1/reviewed-export.json,17552e18-8e04-53f8-a48f-b60ed56fbbd0,pdf,train,no_relevante,0
outputs/villanueva-snapshot-v1/reviewed-export.json,17552e18-8e04-53f8-a48f-b60ed56fbbd0,pdf,train,organizacion_consecuencias_republicanas,0
outputs/villanueva-snapshot-v1/reviewed-export.json,17552e18-8e04-53f8-a48f-b60ed56fbbd0,pdf,train,participacion_social_regional,1
outputs/villanueva-snapshot-v1/reviewed-export.json,48262fb6-dee2-531e-b001-536c5928a9ca,pdf,train,campanias_conflictos_militares,0
outputs/villanueva-snapshot-v1/reviewed-export.json,48262fb6-dee2-531e-b001-536c5928a9ca,pdf,train,contexto_colonial_antecedentes,0
outputs/villanueva-snapshot-v1/reviewed-export.json,48262fb6-dee2-531e-b001-536c5928a9ca,pdf,train,crisis_ideas_emancipadoras,4
outputs/villanueva-snapshot-v1/reviewed-export.json,48262fb6-dee2-531e-b001-536c5928a9ca,pdf,train,liderazgos_diplomacia_proyectos,0
outputs/villanueva-snapshot-v1/reviewed-export.json,48262fb6-dee2-531e-b001-536c5928a9ca,pdf,train,no_relevante,0
outputs/villanueva-snapshot-v1/reviewed-export.json,48262fb6-dee2-531e-b001-536c5928a9ca,pdf,train,organizacion_consecuencias_republicanas,0
outputs/villanueva-snapshot-v1/reviewed-export.json,48262fb6-dee2-531e-b001-536c5928a9ca,pdf,train,participacion_social_regional,0
outputs/villanueva-snapshot-v1/reviewed-export.json,4ca9c84a-627b-4027-8216-fdc07c506727,pdf,test,campanias_conflictos_militares,6
outputs/villanueva-snapshot-v1/reviewed-export.json,4ca9c84a-627b-4027-8216-fdc07c506727,pdf,test,contexto_colonial_antecedentes,0
outputs/villanueva-snapshot-v1/reviewed-export.json,4ca9c84a-627b-4027-8216-fdc07c506727,pdf,test,crisis_ideas_emancipadoras,6
outputs/villanueva-snapshot-v1/reviewed-export.json,4ca9c84a-627b-4027-8216-fdc07c506727,pdf,test,liderazgos_diplomacia_proyectos,22
outputs/villanueva-snapshot-v1/reviewed-export.json,4ca9c84a-627b-4027-8216-fdc07c506727,pdf,test,no_relevante,17
outputs/villanueva-snapshot-v1/reviewed-export.json,4ca9c84a-627b-4027-8216-fdc07c506727,pdf,test,organizacion_consecuencias_republicanas,12
outputs/villanueva-snapshot-v1/reviewed-export.json,4ca9c84a-627b-4027-8216-fdc07c506727,pdf,test,participacion_social_regional,2
outputs/villanueva-snapshot-v1/reviewed-export.json,514f190e-5d01-497a-a6ef-648601cd8bdb,youtube,train,campanias_conflictos_militares,1
outputs/villanueva-snapshot-v1/reviewed-export.json,514f190e-5d01-497a-a6ef-648601cd8bdb,youtube,train,contexto_colonial_antecedentes,0
outputs/villanueva-snapshot-v1/reviewed-export.json,514f190e-5d01-497a-a6ef-648601cd8bdb,youtube,train,crisis_ideas_emancipadoras,19
outputs/villanueva-snapshot-v1/reviewed-export.json,514f190e-5d01-497a-a6ef-648601cd8bdb,youtube,train,liderazgos_diplomacia_proyectos,15
outputs/villanueva-snapshot-v1/reviewed-export.json,514f190e-5d01-497a-a6ef-648601cd8bdb,youtube,train,no_relevante,28
outputs/villanueva-snapshot-v1/reviewed-export.json,514f190e-5d01-497a-a6ef-648601cd8bdb,youtube,train,organizacion_consecuencias_republicanas,6
outputs/villanueva-snapshot-v1/reviewed-export.json,514f190e-5d01-497a-a6ef-648601cd8bdb,youtube,train,participacion_social_regional,3
outputs/villanueva-snapshot-v1/reviewed-export.json,747ca90f-92fc-4d19-aec4-6dfc34c2917e,pdf,train,campanias_conflictos_militares,70
outputs/villanueva-snapshot-v1/reviewed-export.json,747ca90f-92fc-4d19-aec4-6dfc34c2917e,pdf,train,contexto_colonial_antecedentes,52
outputs/villanueva-snapshot-v1/reviewed-export.json,747ca90f-92fc-4d19-aec4-6dfc34c2917e,pdf,train,crisis_ideas_emancipadoras,6
outputs/villanueva-snapshot-v1/reviewed-export.json,747ca90f-92fc-4d19-aec4-6dfc34c2917e,pdf,train,liderazgos_diplomacia_proyectos,43
outputs/villanueva-snapshot-v1/reviewed-export.json,747ca90f-92fc-4d19-aec4-6dfc34c2917e,pdf,train,no_relevante,13
outputs/villanueva-snapshot-v1/reviewed-export.json,747ca90f-92fc-4d19-aec4-6dfc34c2917e,pdf,train,organizacion_consecuencias_republicanas,59
outputs/villanueva-snapshot-v1/reviewed-export.json,747ca90f-92fc-4d19-aec4-6dfc34c2917e,pdf,train,participacion_social_regional,1
outputs/villanueva-snapshot-v1/reviewed-export.json,9154f7f7-86c9-4bad-bcba-47eaf54b93e1,pdf,train,campanias_conflictos_militares,0
outputs/villanueva-snapshot-v1/reviewed-export.json,9154f7f7-86c9-4bad-bcba-47eaf54b93e1,pdf,train,contexto_colonial_antecedentes,0
outputs/villanueva-snapshot-v1/reviewed-export.json,9154f7f7-86c9-4bad-bcba-47eaf54b93e1,pdf,train,crisis_ideas_emancipadoras,0
outputs/villanueva-snapshot-v1/reviewed-export.json,9154f7f7-86c9-4bad-bcba-47eaf54b93e1,pdf,train,liderazgos_diplomacia_proyectos,5
outputs/villanueva-snapshot-v1/reviewed-export.json,9154f7f7-86c9-4bad-bcba-47eaf54b93e1,pdf,train,no_relevante,1
outputs/villanueva-snapshot-v1/reviewed-export.json,9154f7f7-86c9-4bad-bcba-47eaf54b93e1,pdf,train,organizacion_consecuencias_republicanas,8
outputs/villanueva-snapshot-v1/reviewed-export.json,9154f7f7-86c9-4bad-bcba-47eaf54b93e1,pdf,train,participacion_social_regional,2
outputs/villanueva-snapshot-v1/reviewed-export.json,9f60a031-0183-478c-a1f8-a3bdd37d7b0b,pdf,train,campanias_conflictos_militares,0
outputs/villanueva-snapshot-v1/reviewed-export.json,9f60a031-0183-478c-a1f8-a3bdd37d7b0b,pdf,train,contexto_colonial_antecedentes,0
outputs/villanueva-snapshot-v1/reviewed-export.json,9f60a031-0183-478c-a1f8-a3bdd37d7b0b,pdf,train,crisis_ideas_emancipadoras,0
outputs/villanueva-snapshot-v1/reviewed-export.json,9f60a031-0183-478c-a1f8-a3bdd37d7b0b,pdf,train,liderazgos_diplomacia_proyectos,4
outputs/villanueva-snapshot-v1/reviewed-export.json,9f60a031-0183-478c-a1f8-a3bdd37d7b0b,pdf,train,no_relevante,11
outputs/villanueva-snapshot-v1/reviewed-export.json,9f60a031-0183-478c-a1f8-a3bdd37d7b0b,pdf,train,organizacion_consecuencias_republicanas,27
outputs/villanueva-snapshot-v1/reviewed-export.json,9f60a031-0183-478c-a1f8-a3bdd37d7b0b,pdf,train,participacion_social_regional,11
outputs/villanueva-snapshot-v1/reviewed-export.json,9fecbe5a-9fb2-4002-a088-8a2810db938e,pdf,train,campanias_conflictos_militares,6
outputs/villanueva-snapshot-v1/reviewed-export.json,9fecbe5a-9fb2-4002-a088-8a2810db938e,pdf,train,contexto_colonial_antecedentes,12
outputs/villanueva-snapshot-v1/reviewed-export.json,9fecbe5a-9fb2-4002-a088-8a2810db938e,pdf,train,crisis_ideas_emancipadoras,3
outputs/villanueva-snapshot-v1/reviewed-export.json,9fecbe5a-9fb2-4002-a088-8a2810db938e,pdf,train,liderazgos_diplomacia_proyectos,0
outputs/villanueva-snapshot-v1/reviewed-export.json,9fecbe5a-9fb2-4002-a088-8a2810db938e,pdf,train,no_relevante,16
outputs/villanueva-snapshot-v1/reviewed-export.json,9fecbe5a-9fb2-4002-a088-8a2810db938e,pdf,train,organizacion_consecuencias_republicanas,0
outputs/villanueva-snapshot-v1/reviewed-export.json,9fecbe5a-9fb2-4002-a088-8a2810db938e,pdf,train,participacion_social_regional,21
outputs/villanueva-snapshot-v1/reviewed-export.json,b23a4bf1-b9f4-4c08-bb89-a4cf4a67e004,pdf,val,campanias_conflictos_militares,4
outputs/villanueva-snapshot-v1/reviewed-export.json,b23a4bf1-b9f4-4c08-bb89-a4cf4a67e004,pdf,val,contexto_colonial_antecedentes,16
outputs/villanueva-snapshot-v1/reviewed-export.json,b23a4bf1-b9f4-4c08-bb89-a4cf4a67e004,pdf,val,crisis_ideas_emancipadoras,15
outputs/villanueva-snapshot-v1/reviewed-export.json,b23a4bf1-b9f4-4c08-bb89-a4cf4a67e004,pdf,val,liderazgos_diplomacia_proyectos,4
outputs/villanueva-snapshot-v1/reviewed-export.json,b23a4bf1-b9f4-4c08-bb89-a4cf4a67e004,pdf,val,no_relevante,16
outputs/villanueva-snapshot-v1/reviewed-export.json,b23a4bf1-b9f4-4c08-bb89-a4cf4a67e004,pdf,val,organizacion_consecuencias_republicanas,15
outputs/villanueva-snapshot-v1/reviewed-export.json,b23a4bf1-b9f4-4c08-bb89-a4cf4a67e004,pdf,val,participacion_social_regional,11
outputs/villanueva-snapshot-v1/reviewed-export.json,e32181bc-41d0-4400-a76d-eb11fc88bf71,pdf,train,campanias_conflictos_militares,10
outputs/villanueva-snapshot-v1/reviewed-export.json,e32181bc-41d0-4400-a76d-eb11fc88bf71,pdf,train,contexto_colonial_antecedentes,0
outputs/villanueva-snapshot-v1/reviewed-export.json,e32181bc-41d0-4400-a76d-eb11fc88bf71,pdf,train,crisis_ideas_emancipadoras,0
outputs/villanueva-snapshot-v1/reviewed-export.json,e32181bc-41d0-4400-a76d-eb11fc88bf71,pdf,train,liderazgos_diplomacia_proyectos,6
outputs/villanueva-snapshot-v1/reviewed-export.json,e32181bc-41d0-4400-a76d-eb11fc88bf71,pdf,train,no_relevante,4
outputs/villanueva-snapshot-v1/reviewed-export.json,e32181bc-41d0-4400-a76d-eb11fc88bf71,pdf,train,organizacion_consecuencias_republicanas,0
outputs/villanueva-snapshot-v1/reviewed-export.json,e32181bc-41d0-4400-a76d-eb11fc88bf71,pdf,train,participacion_social_regional,26
